dataset,model,acc_mean,acc_std,f1_mean,ll_mean,ece_mean,fit_time
breast-cancer,ABD-NB,0.9425960735171262,0.037992985619087025,0.9376604203830238,0.21637291288558674,0.051202226889161345,0.07987239276669693
breast-cancer,ABD-NB-C,0.9420217209690894,0.03512116653005707,0.9371158936477783,0.23167940298018347,0.05385871887262546,0.017171224966682483
breast-cancer,ABD-NB-G,0.9420217209690894,0.03325862588545474,0.936895357819816,0.24130147322821915,0.05281892579338073,0.01688179823330145
breast-cancer,ABD-NB-L,0.941436925647452,0.029604612501741914,0.9361239375027499,0.3137760503030217,0.05699319049578647,0.017689031166681413
breast-cancer,CART,0.9221386800334169,0.040282702253775705,0.9167911790407516,2.151387776110728,0.07786131996658312,0.008128379300031411
breast-cancer,GNB,0.9385129490392649,0.03344048045682425,0.9332270839105147,0.5885620560095892,0.059441092139201505,0.0014876655999993132
breast-cancer,LR,0.9794903926482874,0.017929250146802644,0.9779399485665435,0.07365324766447819,0.03389289591350583,0.008404413133356027
breast-cancer,MI-WNB,0.939672096908939,0.031804530701788174,0.9346370516889788,0.48001422587940684,0.0622869087143743,0.1077259360666706
breast-cancer,RF,0.9619465329991645,0.027657502654828216,0.9590467311325963,0.12900846081987388,0.0519473162071846,0.4302010097999831
breast-cancer,SVM,0.9736319966583125,0.01942601261981357,0.9717147815013707,0.07678114172262664,0.034769320317513154,0.023083288233343973
breast-cancer,kNN,0.970718462823726,0.024948254221793018,0.9680318976490685,0.2552867660525905,0.030779030910609812,0.0020115531332900198
digits,ABD-NB,0.8408555762466376,0.022002035719443983,0.8415448116754466,2.4452113172163883,0.15258431406974585,0.500578147933364
digits,ABD-NB-C,0.6108286778398511,0.02768400482651599,0.6035089122335829,8.136633238750523,0.38045252368094057,0.11272462426668421
digits,ABD-NB-G,0.753660252431202,0.03902069432632427,0.7441224359715051,3.689819596389223,0.23369708552613616,0.10831902070000671
digits,ABD-NB-L,0.83344092696048,0.025319723073513864,0.8341496957423866,2.361234830594251,0.1573234354866451,0.11745173913332105
digits,CART,0.8516076970825573,0.024735291547647954,0.8510299378179681,4.1002308553531215,0.14839230291744254,0.020298090066656442
digits,GNB,0.8414111318021933,0.022160511611369168,0.8422639052608926,2.4412000417015363,0.15169100861982798,0.003243947566647827
digits,LR,0.970327953651976,0.01003800129725753,0.9703328280596082,0.1052277061513612,0.029300448285488636,0.895737107566659
digits,MI-WNB,0.8888754396854955,0.021895416941595802,0.8885265246626128,1.5035563453689855,0.10243326597467824,0.8641151269333023
digits,RF,0.9766242499482723,0.010686602460493175,0.9764730893244326,0.28875897599387085,0.19488545934202356,0.7066433390999843
digits,SVM,0.9829412373267121,0.009334778010391662,0.9828968453941365,0.10053434313202098,0.052010881624335384,0.4557575812999858
digits,kNN,0.9766304572729153,0.013190307967258246,0.9765747748188898,0.23566224244304335,0.021596316987378388,0.00602260609997146
iris,ABD-NB,0.9533333333333333,0.05846045262459739,0.9529012345679012,0.13809955903477086,0.0561117849343669,0.03382187303328309
iris,ABD-NB-C,0.9533333333333333,0.05846045262459739,0.9529012345679012,0.1332047368017071,0.05998811786171201,0.00483516396666341
iris,ABD-NB-G,0.9555555555555555,0.05627881694093039,0.9551010101010101,0.1328843003653239,0.05433805013766088,0.0047019190333154335
iris,ABD-NB-L,0.9555555555555555,0.05627881694093039,0.9551010101010101,0.1326088722433212,0.05445766340409854,0.004964595833303027
iris,CART,0.9422222222222222,0.05462048324844575,0.9414927048260381,1.596458997809205,0.057777777777777733,0.0012859002333243102
iris,GNB,0.9577777777777778,0.056685820517700956,0.9573456790123457,0.13228180708956574,0.05432187031907666,0.00121809976668974
iris,LR,0.9577777777777777,0.05391445852276846,0.957300785634119,0.1466827947905502,0.11415585815538203,0.010052069599995122
iris,MI-WNB,0.9599999999999999,0.0482649139200394,0.9595903479236813,0.09618428204679494,0.046445427459881033,0.01460738179998766
iris,RF,0.9555555555555555,0.05627881694093039,0.9551010101010101,0.12408544637362277,0.05839999999999998,0.31075294606668347
iris,SVM,0.9644444444444444,0.045429692497404,0.9640347923681257,0.11137143801961433,0.08019352185091003,0.0044065083333407005
iris,kNN,0.9488888888888888,0.04852880278630709,0.9482267115600449,0.3350854641732059,0.05644444444444441,0.0020928139666617565
iris-red,ABD-NB,0.9644444444444444,0.04868644955601477,0.9640796857463524,0.15693331196289803,0.04055521221833827,0.04866338929997857
iris-red,ABD-NB-C,0.9599999999999999,0.05424508028966484,0.9595454545454545,0.1709680346672129,0.04618003809441051,0.00858245533331678
iris-red,ABD-NB-G,0.9666666666666667,0.048738885165779754,0.966324354657688,0.15557706784063782,0.04124087864055214,0.00840529949999407
iris-red,ABD-NB-L,0.9644444444444444,0.048686449556014776,0.9640796857463524,0.16515794849840595,0.04338443665043808,0.008530584333311657
iris-red,CART,0.9533333333333333,0.05295845259398565,0.9522053872053872,1.2894476520766658,0.04666666666666664,0.0018749709333329633
iris-red,GNB,0.9622222222222222,0.048528802786307085,0.9618350168350169,0.2793848693524515,0.04039044745663324,0.00122028173332936
iris-red,LR,0.9688888888888889,0.0419206816553238,0.9686644219977553,0.10026856998024822,0.07736067174613849,0.12000849143331223
iris-red,MI-WNB,0.9644444444444444,0.04868644955601477,0.9640796857463524,0.18669719859868286,0.03568819965598971,0.040035316766678326
iris-red,RF,0.9688888888888889,0.045429692497404,0.968709315375982,0.08362703725649356,0.05347777777777776,0.332346086166649
iris-red,SVM,0.9555555555555555,0.04741060014791731,0.9552244668911335,0.1052088957687629,0.07427067199770683,0.00461126440000039
iris-red,kNN,0.9466666666666667,0.050741626340492486,0.9458417508417508,0.10420057573787331,0.05599999999999996,0.00431385026669578
synth-blocks,ABD-NB,0.9694444444444444,0.018090520227304337,0.9693795163811466,0.06518210490359132,0.031890152210372245,0.061503439599997926
synth-blocks,ABD-NB-C,0.9694444444444444,0.018090520227304337,0.9693795163811466,0.06523054059877172,0.03196132418269814,0.011735126100014233
synth-blocks,ABD-NB-G,0.9694444444444444,0.018090520227304337,0.9693795163811466,0.06522993469235684,0.03162653767856252,0.011908746400005487
synth-blocks,ABD-NB-L,0.9672222222222222,0.021657086004395573,0.9671600985809115,0.07540775140144725,0.030150083832320453,0.01199743043334057
synth-blocks,CART,0.9116666666666666,0.03559833394009251,0.9114992192442181,2.440740198573688,0.08833333333333332,0.007535712300038187
synth-blocks,GNB,0.9672222222222222,0.021657086004395573,0.9671600985809115,0.10627008296281554,0.0294150367949443,0.0013563659999893199
synth-blocks,LR,0.9672222222222222,0.017222531204742774,0.9671501603284083,0.07532495043396419,0.03356082810174818,0.06859687533332509
synth-blocks,MI-WNB,0.9638888888888889,0.019120175164985244,0.9638239600011415,0.12478020073373436,0.03345753044266317,0.07082189173333968
synth-blocks,RF,0.9594444444444444,0.02384630437697499,0.9593649226151483,0.13124746089463096,0.07665833333333329,0.40933681093334445
synth-blocks,SVM,0.9694444444444444,0.020097145931323925,0.9693738929058042,0.08362204148305304,0.03821417754666487,0.01795290203330443
synth-blocks,kNN,0.9677777777777777,0.021412449083053404,0.9676545071718186,0.23591540377436618,0.029333333333333277,0.0041119207666497
synth-classdep,ABD-NB,0.6511111111111112,0.061265913302769565,0.6496669463891132,0.6921820375927759,0.15636811958623525,0.0468317101333165
synth-classdep,ABD-NB-C,0.4066666666666666,0.05226663148016643,0.40491528436395124,1.4109965475579187,0.44441616313015764,0.008600144533352207
synth-classdep,ABD-NB-G,0.6538888888888889,0.06589835045426094,0.6523425415442026,0.6926567068487777,0.15842551064586977,0.008364426800009466
synth-classdep,ABD-NB-L,0.6516666666666667,0.06117464478647144,0.6502202267735054,0.6921877882028004,0.15379577189156685,0.008461931699972964
synth-classdep,CART,0.8594444444444443,0.04646164597402441,0.858836925307436,3.8836935235166234,0.14055555555555552,0.008181987066700407
synth-classdep,GNB,0.6483333333333333,0.06117464478647144,0.646975069809292,0.8014238641791421,0.19800810771934446,0.0013501222999668901
synth-classdep,LR,0.6305555555555556,0.05503104893950198,0.6280434987154098,0.6474974300027267,0.11712900768265092,0.035874318699992074
synth-classdep,MI-WNB,0.638888888888889,0.06054246053356678,0.6366322130757798,0.667788670296453,0.137272523467844,0.043760857666650985
synth-classdep,RF,0.9744444444444444,0.02426440139315354,0.9744147508458527,0.22151996721371725,0.16247222222222218,0.4148525595333164
synth-classdep,SVM,0.9744444444444444,0.020868743852643066,0.9743939397203417,0.0690827473726452,0.03472040756221371,0.03395797566668833
synth-classdep,kNN,0.9644444444444444,0.029273886122012323,0.9643654325436277,0.17935380208666912,0.05499999999999994,0.004775640233340964
synth-conflict,ABD-NB,0.8738888888888888,0.05172935265326568,0.8736163784059663,0.34112956085834195,0.09406437793918582,0.0489005210333516
synth-conflict,ABD-NB-C,0.8633333333333333,0.051861885546264065,0.8630436559483772,0.35879277267315185,0.09496677011039299,0.008695600199985122
synth-conflict,ABD-NB-G,0.8633333333333333,0.051861885546264065,0.8630436559483772,0.35879568664030953,0.09527283597760704,0.008581176200012376
synth-conflict,ABD-NB-L,0.8722222222222222,0.05184957119596665,0.8720024798902333,0.3409561572094802,0.09341514759411491,0.008863296899979356
synth-conflict,CART,0.7794444444444444,0.0712078783650489,0.7782579970043767,6.094175212790907,0.2205555555555555,0.007731273299979516
synth-conflict,GNB,0.7461111111111111,0.06091312407475598,0.7447161264628382,1.237407115155334,0.22392988408897457,0.0013293021000132465
synth-conflict,LR,0.8727777777777778,0.04863723983060426,0.8724751651477775,0.3388323839173966,0.0968458778092259,0.09574333436669345
synth-conflict,MI-WNB,0.8688888888888889,0.05118019652135228,0.8685966474732503,0.33184737287427707,0.09421521598003553,0.04646459546665174
synth-conflict,RF,0.8572222222222223,0.0539055746968455,0.856528466687428,0.3884298429069155,0.11075833333333329,0.4133065928666762
synth-conflict,SVM,0.8683333333333334,0.05330998051949092,0.8680612546597839,0.33466058072079924,0.09823489525055666,0.028146555333311524
synth-conflict,kNN,0.8411111111111111,0.060447458793442495,0.8405365752443055,1.2137298084579438,0.08211111111111105,0.004786041466665317
synth-nonlin,ABD-NB,0.8944444444444444,0.03995527512378199,0.8940364404984247,0.2864761327992819,0.08424331212123429,0.035778029666630524
synth-nonlin,ABD-NB-C,0.8883333333333333,0.03768949567573416,0.8879413732709549,0.29837386965493756,0.09883269081397732,0.005477734266666273
synth-nonlin,ABD-NB-G,0.888888888888889,0.03618104045460868,0.8884483641152784,0.29790291327309715,0.09897883154996467,0.005509976433328674
synth-nonlin,ABD-NB-L,0.8877777777777778,0.041507358285324605,0.8873168291283708,0.2917611152209542,0.09456443136839829,0.00579975763332636
synth-nonlin,CART,0.8283333333333334,0.048768355420512784,0.8273682500824219,4.743325291567734,0.1716666666666666,0.00564757896665919
synth-nonlin,GNB,0.8944444444444444,0.03995527512378199,0.8940364404984247,0.28555811365338346,0.08347289131737853,0.0013594505333457568
synth-nonlin,LR,0.8916666666666667,0.0445819233851603,0.8912644140457677,0.2845879471573488,0.08699163496386411,0.07585430083334657
synth-nonlin,MI-WNB,0.895,0.04757530831939845,0.8946158029806387,0.28863229360037257,0.08894373733864892,0.023258394866684243
synth-nonlin,RF,0.8805555555555556,0.036901892644079885,0.8799486016830099,0.3127505572127158,0.09154722222222215,0.3898312457666407
synth-nonlin,SVM,0.8838888888888888,0.04254439496319298,0.8831182115482377,0.3023323537632138,0.07636020001257796,0.02322264903332321
synth-nonlin,kNN,0.8627777777777778,0.047076064098259054,0.8619363525088558,1.0954204455595211,0.07011111111111107,0.00554477243330585
synth-rho0.0,ABD-NB,0.6566666666666666,0.05389076506589022,0.6540173722392636,0.6067710035359706,0.12527809604185594,0.04766240133332451
synth-rho0.0,ABD-NB-C,0.6572222222222222,0.053369839038818305,0.6545430965149879,0.6066631499796243,0.12382541489925415,0.008234652266666323
synth-rho0.0,ABD-NB-G,0.6572222222222222,0.053369839038818305,0.6545430965149879,0.606642961427805,0.12360229554967221,0.00814494093334962
synth-rho0.0,ABD-NB-L,0.6572222222222222,0.053369839038818305,0.6545430965149879,0.6066452058803987,0.12284534758222852,0.008304925366655827
synth-rho0.0,CART,0.5383333333333333,0.056587165326542774,0.5356593465053298,12.756321415187013,0.46166666666666667,0.006699880500044194
synth-rho0.0,GNB,0.6572222222222222,0.053369839038818305,0.6545430965149879,0.6066473239990144,0.12353602797188551,0.0013290252000084468
synth-rho0.0,LR,0.6644444444444445,0.05337881202720331,0.6626445990901652,0.5964277942080851,0.11448588413569517,0.010973159933314446
synth-rho0.0,MI-WNB,0.6238888888888888,0.05734939185247995,0.619101176335087,0.6490572702883399,0.10615718043149465,0.043525710666669166
synth-rho0.0,RF,0.6461111111111111,0.057848284418961934,0.6435043507999715,0.6275376202648065,0.11567499999999996,0.4300925208333259
synth-rho0.0,SVM,0.6538888888888889,0.0504165281338143,0.6508711800153909,0.6274486031159855,0.11108801895368052,0.04880698190002775
synth-rho0.0,kNN,0.6122222222222222,0.06157780695240524,0.6103811273863705,1.3980348074930147,0.1374444444444445,0.0038565961666638736
synth-rho0.3,ABD-NB,0.5905555555555555,0.055481751743259165,0.5858352945954033,0.8372194778870485,0.23488100404220516,0.04909610249997812
synth-rho0.3,ABD-NB-C,0.5894444444444444,0.054047540683136316,0.584957894434312,0.8412218915470031,0.23132017002967242,0.008290965633333704
synth-rho0.3,ABD-NB-G,0.5955555555555556,0.05430390806998196,0.5906905611814266,0.8251973554363452,0.21952515848958526,0.008104238799978649
synth-rho0.3,ABD-NB-L,0.5938888888888889,0.055963064812820366,0.5891880063254654,0.8241209152122955,0.22331116264577427,0.00844613983332081
synth-rho0.3,CART,0.48333333333333334,0.07866218572860492,0.48043747563017436,14.276027576563083,0.5166666666666667,0.008853468333351527
synth-rho0.3,GNB,0.5905555555555555,0.05530883915232746,0.5859600660907823,0.894931979520487,0.23988460117041205,0.00130367183332201
synth-rho0.3,LR,0.5888888888888889,0.051478770934827174,0.5854513264462835,0.6742786124463043,0.11628906428737973,0.019174116133361434
synth-rho0.3,MI-WNB,0.5700000000000001,0.05611974062089312,0.5645729791739289,0.691326679693351,0.13609072609043785,0.04322811553332328
synth-rho0.3,RF,0.5638888888888889,0.04855840054090206,0.5581047663295924,0.6846501569394637,0.12284444444444441,0.44628529566667413
synth-rho0.3,SVM,0.5672222222222222,0.04941871559267946,0.5608862311651446,0.6839242035076392,0.0840500249851174,0.05291627736666361
synth-rho0.3,kNN,0.5583333333333333,0.04500957752485037,0.5549159956524637,1.4437787057914637,0.15277777777777785,0.005251461900009671
synth-rho0.6,ABD-NB,0.5822222222222223,0.04440611373921591,0.5757743175695167,0.8538837690192982,0.2316322778347734,0.04941951286666603
synth-rho0.6,ABD-NB-C,0.5811111111111111,0.045429692497404,0.5745253072816663,0.854345346114741,0.22995810552370097,0.008465887399984193
synth-rho0.6,ABD-NB-G,0.5811111111111111,0.044792696905197264,0.5746272302993981,0.8582745752816617,0.23456259826964299,0.008280113400003997
synth-rho0.6,ABD-NB-L,0.58,0.04450666143261472,0.5734721578414462,0.8580778291253556,0.23425711236386831,0.008757469533323526
synth-rho0.6,CART,0.5061111111111111,0.06395091109104077,0.5034395869761487,13.646654317811377,0.4938888888888889,0.01261322493333707
synth-rho0.6,GNB,0.5794444444444444,0.04303685788546715,0.5734168906672709,1.1809995788678995,0.29898984706367887,0.0013190486000136034
synth-rho0.6,LR,0.5644444444444444,0.03883685626892485,0.5603178357449896,0.6862504945785746,0.10277088284956752,0.06259010859998847
synth-rho0.6,MI-WNB,0.5744444444444444,0.045429692497404,0.5664914750981725,0.7388449150057853,0.18100422091134666,0.044222727399998454
synth-rho0.6,RF,0.5622222222222223,0.05569713759838917,0.556372493694471,0.687979396196948,0.13212777777777773,0.45297239049999305
synth-rho0.6,SVM,0.5677777777777778,0.031236746870388084,0.5631071619986311,0.6860919338081681,0.08211725501567756,0.054103430700001766
synth-rho0.6,kNN,0.59,0.05040069329937309,0.5870303134022752,1.2697166124584602,0.11977777777777782,0.00662386290000535
synth-rho0.9,ABD-NB,0.5816666666666667,0.0538463117340113,0.5769222500265487,0.7827188110718252,0.16950582705172287,0.04937766499998205
synth-rho0.9,ABD-NB-C,0.5822222222222223,0.05305482838361477,0.5775118316194199,0.7250676831906699,0.16013519946985405,0.008357814533330033
synth-rho0.9,ABD-NB-G,0.5816666666666667,0.0538463117340113,0.5769222500265487,0.7250595806604229,0.16044140510375712,0.0082307926000036
synth-rho0.9,ABD-NB-L,0.5816666666666667,0.0538463117340113,0.5769222500265487,0.7250894075544279,0.15950551241647676,0.008347850400014017
synth-rho0.9,CART,0.5161111111111112,0.061195518162421886,0.5131120483314396,13.370344106652091,0.48388888888888887,0.009098361833343867
synth-rho0.9,GNB,0.5766666666666667,0.05494685694489363,0.572905777647208,1.4713230700643256,0.32897223302000567,0.0013314022999944468
synth-rho0.9,LR,0.5544444444444444,0.04127594582445935,0.5509965685204514,0.6900717448435718,0.08848569302499557,0.07881763756668074
synth-rho0.9,MI-WNB,0.5761111111111111,0.05117083799937333,0.5711329854112497,0.8303920441869103,0.21495148832653818,0.043107983199994676
synth-rho0.9,RF,0.5877777777777777,0.04969896607182004,0.5835157964231936,0.690748840370972,0.1260833333333333,0.4504248592999905
synth-rho0.9,SVM,0.5672222222222222,0.052428263949818386,0.5640081312188906,0.6830502366088853,0.07273010105845341,0.05195036493331974
synth-rho0.9,kNN,0.5683333333333334,0.04958641205548552,0.5640737918881743,1.7265237983451263,0.1625555555555556,0.00455822149998156
synth-sklearn,ABD-NB,0.8494444444444444,0.039266096178098585,0.849089517042572,0.40207519598200686,0.10704528114287044,0.06206157363334716
synth-sklearn,ABD-NB-C,0.8488888888888888,0.0373790087313992,0.8485422827922471,0.4110655430927032,0.1107429212603578,0.011886782899993363
synth-sklearn,ABD-NB-G,0.8522222222222222,0.03466681402856979,0.8518532924855938,0.41219807573373946,0.11491964974613253,0.011692744066673748
synth-sklearn,ABD-NB-L,0.855,0.03639660208973031,0.8546202998623257,0.4717594639667063,0.12128206551298353,0.012597748133324123
synth-sklearn,CART,0.8794444444444445,0.047682565737921574,0.879203565393883,3.3310731011980526,0.12055555555555551,0.00785171490000868
synth-sklearn,GNB,0.8516666666666667,0.0377402901673491,0.8512934451490854,0.6109702426631322,0.12889182311335806,0.0013786036666563466
synth-sklearn,LR,0.8394444444444444,0.04537695106965685,0.839077742204389,0.4107761853621922,0.1095868147965669,0.006664309533327116
synth-sklearn,MI-WNB,0.8466666666666666,0.04472135954999578,0.8463083602181493,0.4851933242353917,0.11883710824742486,0.07138007693331469
synth-sklearn,RF,0.9372222222222223,0.032660840828537714,0.9371443633735909,0.2550979582967843,0.09952499999999996,0.4271911268000167
synth-sklearn,SVM,0.9205555555555556,0.03409568835263636,0.9203587217058974,0.21076351024557943,0.06942570746654995,0.038144367000010435
synth-sklearn,kNN,0.9227777777777778,0.03595530786231457,0.9225922924462725,0.5607275350485778,0.05511111111111104,0.0019178707333442435
wine,ABD-NB,0.9752723311546841,0.0357750204133649,0.9761099811590007,0.09148152050786842,0.027982170606082237,0.049591929500009686
wine,ABD-NB-C,0.9771241830065359,0.03243087573361107,0.9779488829979025,0.094887298333195,0.026093494618951312,0.00887968103335571
wine,ABD-NB-G,0.9771241830065359,0.03556147122300397,0.9779534155024351,0.08530371788155558,0.0258979873620352,0.008732330433326699
wine,ABD-NB-L,0.9771241830065359,0.03556147122300396,0.9779747830238026,0.08195694298732133,0.02674168930603912,0.009112265099997737
wine,CART,0.9174291938997821,0.0595881819676875,0.9169196562333818,2.2815156869143616,0.08257080610021784,0.0017121195999985632
wine,GNB,0.9771241830065359,0.03556147122300396,0.9779747830238026,0.08579389815658121,0.027352186618350625,0.0012271697999949
wine,LR,0.9814814814814814,0.0303706818661408,0.9812064478731145,0.060062760139317835,0.04541205753950784,0.008208447166649976
wine,MI-WNB,0.9547930283224401,0.040573402792342714,0.9566406541896738,0.07255773217035308,0.03933828850094743,0.04381861456666527
wine,RF,0.9791938997821351,0.03501340101291422,0.979818915652249,0.13179557210107717,0.10455337690631804,0.3153497834333393
wine,SVM,0.9830065359477124,0.03017686156710706,0.9827676753166948,0.06984406299990638,0.057040972790154854,0.00600767836666965
wine,kNN,0.9679738562091503,0.038432185125999864,0.9694706528039861,0.385097819749821,0.05588235294117641,0.0021408930666590264
wine-red,ABD-NB,0.9752723311546841,0.0357750204133649,0.9761099811590007,0.12924387947197788,0.025635393727717285,0.09985354989999748
wine-red,ABD-NB-C,0.9752723311546841,0.0357750204133649,0.9761099811590007,0.13635198678301086,0.02688513602428766,0.02061298376668971
wine-red,ABD-NB-G,0.9789760348583878,0.03208477260311499,0.9798136848627045,0.12482515029366308,0.023830142833623967,0.020571523566672967
wine-red,ABD-NB-L,0.9771241830065359,0.03556147122300396,0.9779747830238026,0.11840046804236135,0.024700486367420834,0.020389429500005416
wine-red,CART,0.9225490196078431,0.07220796900280645,0.9221827263055334,2.1400496746650544,0.07745098039215684,0.00382764789999324
wine-red,GNB,0.9752723311546841,0.0357750204133649,0.9761099811590007,0.21751360479674042,0.02577279030408553,0.0013488621999991834
wine-red,LR,0.9833333333333333,0.02589397776107774,0.9830406630406631,0.04836958557849914,0.03369580218264787,0.12460812073332662
wine-red,MI-WNB,0.9584967320261437,0.04201865799714394,0.9601423376913573,0.169043686035372,0.03973403395677466,0.12827071833332104
wine-red,RF,0.9734204793028323,0.04201500604899281,0.9741265343226128,0.1264839885509079,0.09631209150326794,0.3393515010000101
wine-red,SVM,0.9849673202614379,0.02926238579257989,0.9850085716752383,0.06833610708648279,0.0553317232659851,0.008226289333356314
wine-red,kNN,0.9699346405228758,0.03212740358826567,0.971280324613658,0.23226918519211476,0.04762527233115464,0.00355251600001334
