factor,value,d_acc,ci_lo,ci_hi,d_logloss,d_ece,gamma_med,gamma_zero_frac,deff_ratio,verdict
redundancy r,1,0.0016666666666657,-0.0283333333333361,0.0333333333333333,3.107593695424645e-05,-0.0001376937898441,4.0,0.2,1.0,parity
redundancy r,2,0.4033333333333333,0.1566666666666679,0.6267083333333336,0.0108070443134934,0.0041941393306076,1.0,0.0,1.0,help
redundancy r,4,3.3966666666666665,2.821583333333333,3.948416666666666,0.1096116454267946,0.0511073013813915,1.0,0.0,0.8666666666666669,help
redundancy r,8,8.834999999999999,7.863083333333336,9.78175,0.4803042453732737,0.1276479052504959,2.0,0.0,0.7386596491228068,help
redundancy r,16,13.521666666666665,12.789958333333333,14.295041666666666,1.4462409804866558,0.1946223979208672,2.0,0.0,0.6023407407407408,help
redundancy r,32,17.19,16.656499999999998,17.715,3.429829441262997,0.2319182026980743,2.0,0.0,0.4721488372093023,help
dependence rho,0.0,-0.0233333333333329,-0.0566666666666663,0.0033333333333337,3.031659453756053e-05,0.0005511727121115,4.0,0.3333333333333333,1.0,parity
dependence rho,0.2,0.2633333333333332,0.1516666666666684,0.3733333333333322,0.0035737764742025,9.485035769254366e-05,4.0,0.0,1.0,help
dependence rho,0.4,2.371666666666666,1.845,2.946666666666668,0.0612882604972236,0.022244199567403,4.0,0.0,0.9411764705882354,help
dependence rho,0.6,4.446666666666666,3.679874999999999,5.253416666666665,0.1508876909621422,0.057119300852069,2.0,0.0,0.8823529411764708,help
dependence rho,0.8,6.035000000000001,5.1315,6.890041666666666,0.2663153271138399,0.0898656997721593,2.0,0.0,0.8235294117647061,help
dependence rho,0.95,7.296666666666667,6.301500000000002,8.238500000000002,0.3698108815363194,0.1145202157306643,1.0,0.0,0.7647058823529409,help
sample size n,50,2.573333333333334,0.9966666666666686,4.311874999999999,0.33169139515708,0.0423594774830286,4.0,0.0,0.8456470588235295,help
sample size n,100,4.323333333333334,2.9564583333333334,5.743416666666668,0.2353035888771522,0.06680739179317,2.0,0.0,0.8235294117647062,help
sample size n,200,6.715,6.218333333333333,7.286749999999999,0.3306507143046399,0.1005261011248914,2.0,0.0,0.821843137254902,help
sample size n,500,6.035000000000001,5.113291666666668,6.935041666666667,0.2663153271138399,0.0898656997721593,2.0,0.0,0.8235294117647061,help
sample size n,1000,6.3183333333333325,5.801625,6.7950833333333325,0.2566003156973168,0.091167073681833,1.0,0.0,0.8235294117647061,help
sample size n,4000,6.345000000000001,5.911625,6.740041666666667,0.2497838874328866,0.0906407249077258,1.0,0.0,0.8235294117647061,help
dimension d,7,6.673333333333333,5.738250000000001,7.6850416666666685,0.2378751108450201,0.0604217554383692,1.0,0.0,0.5714285714285713,help
dimension d,13,6.299999999999999,5.384958333333331,7.1583333333333306,0.2665193275958818,0.0839679872469905,2.0,0.0,0.7692307692307694,help
dimension d,26,5.858333333333332,4.903166666666665,6.746791666666666,0.2704001534932427,0.0935431435004274,2.0,0.0,0.8846153846153848,help
dimension d,51,4.926666666666665,4.3649583333333295,5.523333333333331,0.2589590815580037,0.0852983033738996,2.0,0.0,0.9411764705882354,help
dimension d,101,4.253333333333333,3.721666666666665,4.763333333333332,0.2528049011270424,0.0808613257687689,1.0,0.0,0.97029702970297,help
dimension d,201,2.6350000000000016,2.1332500000000016,3.123375000000002,0.2297785657602065,0.0592146218975123,1.0,0.0,0.9850746268656716,help
class imbalance,0.5,6.035000000000001,5.15825,6.903333333333333,0.2663153271138399,0.0898656997721593,2.0,0.0,0.8235294117647061,help
class imbalance,0.35,5.711666666666666,4.909916666666662,6.48,0.2466716605460612,0.0808532916060105,2.0,0.0,0.8235294117647061,help
class imbalance,0.2,5.399999999999999,4.474874999999996,6.226874999999998,0.2104153869014547,0.0630605610111714,1.0,0.0,0.820407843137255,help
class imbalance,0.1,4.056666666666668,3.281541666666669,4.875083333333336,0.1429006830815592,0.0361249088971421,1.0,0.0,0.8231529411764708,help
class imbalance,0.05,2.990000000000001,2.1583333333333345,3.893375000000001,0.1053212827186983,0.0199474282173986,2.0,0.0,0.823529411764706,help
class imbalance,0.02,1.463333333333332,0.6632083333333314,2.500041666666666,0.0668099826965307,0.010078757271604,0.5,0.0,0.8235967434108505,help
dependence form,False,6.035000000000001,5.114958333333334,6.933541666666665,0.2663153271138399,0.0898656997721593,2.0,0.0,0.8235294117647061,help
dependence form,True,4.313333333333336,3.6116666666666695,5.005000000000002,0.2086280638004616,0.0644149350072246,1.0,0.0,0.8235294117647061,help
distribution shift,0.0,6.035000000000001,5.093333333333336,6.935041666666667,0.2663153271138399,0.0898656997721593,2.0,0.0,0.8235294117647061,help
distribution shift,0.25,6.77,5.926583333333333,7.626749999999998,0.3008103122447064,0.0972277193616721,2.0,0.0,0.8235294117647061,help
distribution shift,0.5,8.213333333333333,7.354999999999998,9.023333333333332,0.3946589408418113,0.1158441445550257,2.0,0.0,0.8235294117647061,help
distribution shift,1.0,13.098333333333336,12.2665,13.848416666666669,0.7483923618310572,0.1768005919210243,2.0,0.0,0.8235294117647061,help
distribution shift,1.5,18.48,17.641333333333336,19.31833333333333,1.2922289742328374,0.2468662906988984,2.0,0.0,0.8235294117647061,help
block informativeness,0.1,1.808333333333332,1.1132083333333314,2.501708333333331,0.0412347589121988,0.0109724483100136,1.0,0.0,0.8235294117647061,help
block informativeness,0.35,6.035000000000001,5.106666666666667,6.939999999999999,0.2663153271138399,0.0898656997721593,2.0,0.0,0.8235294117647061,help
block informativeness,0.7,5.471666666666664,4.836624999999999,6.036666666666664,0.4592863758565571,0.102180670700495,2.0,0.0,0.8235294117647061,help
block informativeness,1.2,2.758333333333334,2.4800000000000004,3.0167083333333338,0.3741687420832388,0.059283330116829,2.0,0.0,0.8235294117647061,help
block informativeness,2.0,0.5100000000000016,0.4033333333333348,0.6216666666666686,0.1020899896459076,0.011541843898413,2.0,0.0,0.8235294117647061,help
independent signal,1.0,6.035000000000001,5.123333333333336,6.943541666666666,0.2663153271138399,0.0898656997721593,2.0,0.0,0.8235294117647061,help
independent signal,0.5,3.2616666666666663,2.728291666666665,3.7368333333333337,0.3520645615746535,0.1425483638282064,1.0,0.0,0.8235294117647061,help
independent signal,0.25,0.2583333333333337,-0.3133333333333314,0.679999999999999,0.3641728003921331,0.141941875226178,1.0,0.0,0.8235294117647062,parity
independent signal,0.0,-0.5200000000000005,-0.8817916666666672,-0.2049999999999988,0.3057416107339433,0.0995148447611081,0.5,0.2,0.8588235294117648,hurt
