factor,value,rep,acc_abd,acc_gnb,ll_abd,ll_gnb,ece_abd,ece_gnb,gamma,class_specific,d_eff,d
redundancy r,1,0,0.84875,0.84825,0.3476580799710713,0.347772746883948,0.0157553958117069,0.0162934328084122,4.0,1,12.0,12
redundancy r,1,1,0.85875,0.85775,0.3249929067284652,0.3253005954932733,0.0065038626280573,0.006757680915142,4.0,1,12.0,12
redundancy r,1,2,0.83675,0.8355,0.3644276101152828,0.3644509848358891,0.0232486957430124,0.0232194782876301,4.0,1,12.0,12
redundancy r,1,3,0.835,0.835,0.3558042466361544,0.3558042466361822,0.0104431998869711,0.0104431998870426,0.0,0,12.0,12
redundancy r,1,4,0.84225,0.84225,0.3566343482195492,0.3567145637243179,0.0189712899193714,0.0186250472704332,4.0,1,12.000000000000002,12
redundancy r,1,5,0.85,0.85025,0.3464553465130074,0.3464208964310393,0.019638497215451,0.0192130356001652,4.0,0,12.000000000000002,12
redundancy r,1,6,0.84275,0.84275,0.3529840696032872,0.3529840696033142,0.0186960990781777,0.0186960990782558,0.0,0,12.0,12
redundancy r,1,7,0.8375,0.8375,0.3535043035275865,0.3534981276890515,0.0190365597327367,0.0189862727284818,4.0,0,12.0,12
redundancy r,1,8,0.84575,0.84575,0.3486835899487772,0.3486980054045656,0.0083857571620859,0.0082120407219627,4.0,0,11.999999999999998,12
redundancy r,1,9,0.849,0.8505,0.3481683868484417,0.34816724702719,0.0208831677552803,0.0198731701597617,4.0,1,12.0,12
redundancy r,1,10,0.84825,0.8485,0.3467740700800491,0.347038639295081,0.0123153052239065,0.0130113588290829,4.0,1,11.999999999999998,12
redundancy r,1,11,0.845,0.845,0.3530872140599617,0.3530861770394771,0.0115719394052141,0.011349840432522,4.0,1,11.999999999999998,12
redundancy r,1,12,0.84775,0.84775,0.351435462318114,0.3513183737816169,0.0343641423264873,0.0330235090515789,4.0,1,11.999999999999996,12
redundancy r,1,13,0.8525,0.8525,0.3398781956831661,0.3398781956831655,0.0137780061369614,0.0137780061369298,0.0,0,12.0,12
redundancy r,1,14,0.84925,0.84975,0.3378711987824921,0.337692298561608,0.0090997254774108,0.0091440647477683,4.0,1,11.999999999999998,12
redundancy r,2,0,0.8485,0.849,0.3502424023909337,0.3536920515550809,0.0244365752613304,0.0266654260009091,1.0,1,12.999999999999998,13
redundancy r,2,1,0.85675,0.85375,0.3318894886044285,0.3347101721071999,0.0146565028317661,0.0189089130246373,2.0,0,13.0,13
redundancy r,2,2,0.848,0.843,0.3449900470481483,0.3633205921825284,0.0201950025705007,0.0289636554010704,2.0,1,12.999999999999998,13
redundancy r,2,3,0.83575,0.82725,0.3554569431645842,0.3766843075337439,0.0186711137312089,0.0313846365159668,1.0,0,12.999999999999998,13
redundancy r,2,4,0.84925,0.84875,0.34532085427971,0.3412300262758919,0.0216651614932394,0.0160985653243159,2.0,1,13.0,13
redundancy r,2,5,0.86,0.85025,0.3317926145036508,0.3503690357813025,0.0255829265355399,0.0326407919675725,1.0,1,13.0,13
redundancy r,2,6,0.8575,0.8475,0.3389816257771787,0.3583076715453221,0.0211535890102517,0.0277810046384811,1.0,0,12.999999999999996,13
redundancy r,2,7,0.845,0.842,0.3515677100212445,0.3607489539950416,0.0175685709983638,0.0237213838263645,1.0,0,12.999999999999998,13
redundancy r,2,8,0.852,0.8435,0.3448047822622624,0.3585855749285745,0.0151208539720638,0.0249723302892887,0.5,0,13.0,13
redundancy r,2,9,0.84575,0.8415,0.3479705782756373,0.3549368861523609,0.0282962508905379,0.0301850026164678,0.5,0,12.999999999999998,13
redundancy r,2,10,0.836,0.83075,0.3612890494653755,0.375789284849332,0.0280130291485093,0.0364229124294278,0.5,0,13.0,13
redundancy r,2,11,0.85025,0.841,0.3386061198879738,0.3615534944748395,0.0091982285304894,0.0150251384260021,1.0,0,12.999999999999998,13
redundancy r,2,12,0.83575,0.843,0.3846759548407076,0.3765749115511715,0.0501358790892281,0.041162240947753,2.0,1,13.0,13
redundancy r,2,13,0.8365,0.83375,0.3580057307366242,0.3741142839077865,0.0189378764537977,0.0220737719994708,2.0,0,12.999999999999996,13
redundancy r,2,14,0.84375,0.84525,0.3464106800718121,0.353492999192498,0.0221255169046065,0.0226633939728209,1.0,0,13.0,13
redundancy r,4,0,0.852,0.83175,0.3411024685004569,0.4129921682117489,0.0264125041875158,0.0585985840015695,1.0,1,13.000000000000004,15
redundancy r,4,1,0.85225,0.819,0.3263349331211418,0.4294026571935723,0.0157104682843351,0.0669156329702282,1.0,0,12.999999999999996,15
redundancy r,4,2,0.85075,0.811,0.3443714042827672,0.4540851671858145,0.0217871479503688,0.075573127266841,2.0,1,13.000000000000004,15
redundancy r,4,3,0.83325,0.78675,0.3738671818023568,0.5346948513093227,0.0264709997615192,0.1007423606583892,1.0,0,13.0,15
redundancy r,4,4,0.84275,0.82575,0.3535639265158204,0.4025405647490989,0.0207664374241121,0.0491004341311266,2.0,1,13.0,15
redundancy r,4,5,0.842,0.80675,0.360387243176778,0.5169014299490224,0.0358296555743004,0.0925340661273948,1.0,1,12.999999999999996,15
redundancy r,4,6,0.85275,0.81875,0.3325917929226721,0.4414818884022498,0.0218291565099619,0.071287451892421,1.0,0,13.000000000000002,15
redundancy r,4,7,0.85125,0.81425,0.3394759272449256,0.429927717384171,0.0147627447773184,0.0661281928264435,2.0,1,13.000000000000004,15
redundancy r,4,8,0.85125,0.80225,0.3480943080747444,0.4965896922723307,0.0171014046907811,0.0865712012589033,1.0,0,13.000000000000002,15
redundancy r,4,9,0.84525,0.81675,0.348057456298764,0.4291835055931926,0.0317704731576064,0.0718689456770653,2.0,0,13.000000000000009,15
redundancy r,4,10,0.83375,0.7935,0.3654922847652541,0.5390424756881921,0.0315282114546191,0.0975470247599301,1.0,0,13.000000000000009,15
redundancy r,4,11,0.854,0.80275,0.3368665057925446,0.4763909075434019,0.0104556977854491,0.0772157540230266,1.0,0,13.000000000000004,15
redundancy r,4,12,0.846,0.836,0.3591923567153441,0.4073133644258997,0.0418368100723508,0.0638649580178389,2.0,0,12.999999999999998,15
redundancy r,4,13,0.84975,0.81325,0.3365335510031098,0.4468802712297273,0.0095426209793178,0.0686090195635355,2.0,0,12.999999999999996,15
redundancy r,4,14,0.85175,0.82075,0.3393634514880809,0.4320428119689363,0.0213796356196084,0.0672367357753238,2.0,0,12.999999999999998,15
redundancy r,8,0,0.84575,0.78025,0.3517667512882994,0.7118205477648691,0.0321482132576927,0.1400565608048153,2.0,0,13.999999999999998,19
redundancy r,8,1,0.859,0.7585,0.3330544300748571,0.8315238979639114,0.0192414823391653,0.161560408355619,1.0,1,13.999999999999998,19
redundancy r,8,2,0.8575,0.76,0.3427344395794431,0.8537619696109987,0.0357486403069907,0.1642230588223512,2.0,0,13.999999999999996,19
redundancy r,8,3,0.84475,0.72475,0.349571963770757,1.0480157938817558,0.0212431165662598,0.1978103562688263,2.0,1,14.518,19
redundancy r,8,4,0.8445,0.78275,0.3637950439163301,0.6077420488265941,0.0352698676606166,0.1215818031717641,4.0,1,13.999999999999996,19
redundancy r,8,5,0.83875,0.746,0.3753430997661524,1.0343019543687464,0.048120543964348,0.1823576512039254,1.0,1,14.0,19
redundancy r,8,6,0.84925,0.76325,0.3480133811551184,0.8200656922667333,0.0322237680066205,0.159224858076497,2.0,0,13.999999999999996,19
redundancy r,8,7,0.85125,0.77225,0.3461178237339333,0.6968625788793963,0.0232945566140524,0.1402450056170995,1.0,1,14.000000000000004,19
redundancy r,8,8,0.84225,0.7335,0.3566959917865325,0.971999280062681,0.0313768155458963,0.1895784363215945,1.0,0,14.000000000000002,19
redundancy r,8,9,0.85475,0.791,0.3361083338977066,0.6762159273939703,0.0376154120227983,0.1315595787845589,2.0,0,14.000000000000002,19
redundancy r,8,10,0.8405,0.74525,0.3698915280198357,0.9925164518953312,0.0364268392792143,0.1795504415124557,1.0,0,14.000000000000002,19
redundancy r,8,11,0.85425,0.74925,0.3465298947794051,0.9329484323491564,0.0190725394699442,0.1745558889277345,1.0,0,14.0,19
redundancy r,8,12,0.8415,0.79175,0.3717849381167921,0.6588884223174926,0.0532960961550019,0.1249317035096382,2.0,1,13.999999999999996,19
redundancy r,8,13,0.851,0.7485,0.3464213972619468,0.8446737742362017,0.0241737051141623,0.1649377204990987,2.0,0,14.0,19
redundancy r,8,14,0.85325,0.756,0.3398620217582178,0.8009179476865961,0.0267644938561994,0.1585611970404236,2.0,0,14.0,19
redundancy r,16,0,0.8525,0.72725,0.3589024859142793,1.534206189285749,0.0391033799825488,0.2194519423956623,2.0,1,16.000000000000004,27
redundancy r,16,1,0.84,0.70125,0.3775940151804235,1.8856566663266976,0.0505645885812605,0.2517074561270073,2.0,1,16.467999999999993,27
redundancy r,16,2,0.84125,0.7175,0.3784291588254725,1.97934734954672,0.054265117082286,0.2427187054821492,2.0,1,16.000000000000007,27
redundancy r,16,3,0.84275,0.69575,0.3626959840438808,2.0063298836734926,0.0443004704620724,0.2589365710949926,2.0,0,17.000000000000007,27
redundancy r,16,4,0.85125,0.735,0.3573850079944964,1.234244989058383,0.0376064697825501,0.2023365997869976,4.0,1,16.0,27
redundancy r,16,5,0.846,0.6855,0.3735421084063409,2.24157004971006,0.0572698644956597,0.2716376468439699,2.0,1,17.000000000000007,27
redundancy r,16,6,0.8375,0.71325,0.3872003327684833,1.849186429334188,0.0545218459302181,0.238981370281142,1.0,1,15.999999999999996,27
redundancy r,16,7,0.8465,0.70975,0.3483965269135886,1.572563930555889,0.037504750534901,0.235734404629795,2.0,0,16.000000000000007,27
redundancy r,16,8,0.84625,0.698,0.3652418003924806,2.1199953417964235,0.0426436265620447,0.2566323654762788,1.0,0,16.000000000000004,27
redundancy r,16,9,0.84525,0.726,0.3962693790117597,1.602391266714004,0.0615537714659621,0.2234237735041379,2.0,0,17.000000000000004,27
redundancy r,16,10,0.8425,0.70175,0.3791297782185063,2.1111030711895507,0.0506720459871666,0.2545176882526317,1.0,0,16.000000000000014,27
redundancy r,16,11,0.83675,0.6775,0.3735156294543523,2.111970706587992,0.0363061154703437,0.2728808606042769,1.0,0,16.000000000000004,27
redundancy r,16,12,0.84825,0.735,0.3889520079326625,1.426058093536288,0.0616532010314576,0.2143795492718298,2.0,0,16.0,27
redundancy r,16,13,0.83975,0.69125,0.3546731185380145,1.9424879959418773,0.0362039252114664,0.2588837782007146,2.0,1,16.0,27
redundancy r,16,14,0.84525,0.71875,0.3603096609403055,1.6387397385775748,0.0479059972363297,0.2291884266776898,2.0,1,16.48,27
redundancy r,32,0,0.85375,0.6815,0.3852547126019729,3.3535780891016165,0.061965226564424,0.2899940260836792,2.0,0,20.000000000000004,43
redundancy r,32,1,0.861,0.6825,0.368403804708667,3.928491473320911,0.054688092347253,0.2928577058042141,2.0,0,20.999999999999996,43
redundancy r,32,2,0.8475,0.67325,0.4120327963806729,4.30029202989859,0.068426338904248,0.3035452017200901,2.0,1,20.000000000000004,43
redundancy r,32,3,0.84275,0.65575,0.3909488972905456,4.358399210375977,0.0617467818474986,0.3181734967794806,2.0,1,21.00000000000001,43
redundancy r,32,4,0.841,0.68475,0.4249109731660052,2.827414969568879,0.0708693137869797,0.2807521204812684,4.0,0,19.99999999999999,43
redundancy r,32,5,0.84925,0.657,0.4582957892698513,4.643897588716244,0.0781011153001255,0.3217011662909692,1.0,1,20.999999999999996,43
redundancy r,32,6,0.845,0.67875,0.4052906369778628,3.932646808109295,0.0703482197313763,0.2988963243023204,2.0,0,20.000000000000018,43
redundancy r,32,7,0.8435,0.6835,0.4203588517271178,3.472745616336579,0.0710230513958685,0.2892056721104828,2.0,1,20.535999999999994,43
redundancy r,32,8,0.8485,0.6715,0.3973933833393422,4.256169041188665,0.0623120082781652,0.3057255525801,2.0,0,20.999999999999996,43
redundancy r,32,9,0.86825,0.6975,0.3725129825431507,3.261912621707292,0.0580202269340183,0.2762647158680918,1.0,0,21.000000000000004,43
redundancy r,32,10,0.8545,0.67425,0.3805918081261518,4.233461345637815,0.0595115691425214,0.30168929912963,1.0,0,20.0,43
redundancy r,32,11,0.85075,0.68125,0.3681335175350299,3.974650940412471,0.0520659193510349,0.293323193538763,2.0,0,20.00000000000001,43
redundancy r,32,12,0.839,0.68625,0.4280595677665655,3.264743104401175,0.0818573026418646,0.2839820814577647,2.0,1,19.0,43
redundancy r,32,13,0.83975,0.6625,0.3927057414738857,4.140332213129405,0.0630381605102582,0.3120200853539853,2.0,0,20.0,43
redundancy r,32,14,0.844,0.67975,0.4061314129144315,3.509731442861299,0.0663805687021426,0.290996294408054,2.0,0,19.999999999999996,43
dependence rho,0.0,0,0.83225,0.83225,0.3611990128787052,0.3611990128787428,0.0209015828721947,0.0209015828723052,0.0,0,17.0,17
dependence rho,0.0,1,0.83325,0.83325,0.3672090749849113,0.3673711840922018,0.0154693202564094,0.0162818609563802,4.0,1,17.0,17
dependence rho,0.0,2,0.83025,0.83,0.3791977856108421,0.379541280567383,0.0196839596940341,0.0206558495555825,4.0,1,17.0,17
dependence rho,0.0,3,0.82875,0.82875,0.3862169776663595,0.3862169776663786,0.015566668320321,0.015566668320338,0.0,0,17.0,17
dependence rho,0.0,4,0.8185,0.8185,0.3972595676409148,0.3972604725216204,0.0243438158983944,0.0246801999901792,4.0,1,17.000000000000004,17
dependence rho,0.0,5,0.846,0.846,0.3528996545861979,0.3528996545862422,0.0186845316486297,0.0186845316487256,0.0,0,17.0,17
dependence rho,0.0,6,0.8415,0.84125,0.3532595152360244,0.353242600086225,0.0090995863072722,0.010178275903079,4.0,0,17.0,17
dependence rho,0.0,7,0.83525,0.83625,0.36260058916225,0.3622608068054631,0.0119007550146002,0.0114347187927893,4.0,1,16.999999999999993,17
dependence rho,0.0,8,0.82975,0.83075,0.3718141179426805,0.3717140223472068,0.0149570185086792,0.0173550566647792,4.0,1,17.0,17
dependence rho,0.0,9,0.8405,0.84075,0.3666592949893344,0.3662397524284032,0.0229936995703046,0.02185718494829,4.0,1,17.0,17
dependence rho,0.0,10,0.833,0.833,0.3738466664469267,0.3738466664469688,0.0100675029928179,0.0100675029929555,0.0,0,17.0,17
dependence rho,0.0,11,0.834,0.83375,0.365895342637672,0.36612688258276,0.0201052569570939,0.0217564692704458,4.0,0,17.0,17
dependence rho,0.0,12,0.826,0.826,0.3906986364310391,0.3903912188658172,0.0407621361080464,0.0408553044841052,4.0,1,17.0,17
dependence rho,0.0,13,0.837,0.837,0.3591746986006446,0.35917469860064,0.0164526247292408,0.0164526247291714,0.0,0,17.0,17
dependence rho,0.0,14,0.828,0.83,0.3745585302393705,0.3754589834958836,0.0223343831059522,0.0248626015365381,4.0,1,17.0,17
dependence rho,0.2,0,0.8455,0.844,0.3479288108634721,0.3516316285262271,0.0297265642100678,0.0293718310780035,4.0,0,17.0,17
dependence rho,0.2,1,0.844,0.84125,0.3524753611202127,0.3548775432565916,0.023894990699724,0.0263715878227323,4.0,0,17.0,17
dependence rho,0.2,2,0.8395,0.836,0.3725815850911618,0.370115013171119,0.033982150687438,0.0322873713666469,4.0,1,17.0,17
dependence rho,0.2,3,0.82925,0.82625,0.3841510824364662,0.3874302679712311,0.0219400383293036,0.0242337384829088,4.0,0,17.0,17
dependence rho,0.2,4,0.82925,0.82775,0.3781447150763368,0.3794658002732237,0.029481525899919,0.0280621265189475,4.0,0,16.999999999999993,17
dependence rho,0.2,5,0.84675,0.84625,0.3573487840281966,0.3613637100552834,0.0328656508398079,0.0350588631389534,4.0,1,17.0,17
dependence rho,0.2,6,0.8515,0.85275,0.3459199363165625,0.3441294700780259,0.02449052182851,0.0234351842866091,2.0,1,17.0,17
dependence rho,0.2,7,0.841,0.83775,0.3513043870472648,0.3556981403467804,0.0262211926125632,0.0265842150714809,4.0,0,17.0,17
dependence rho,0.2,8,0.84325,0.83825,0.3585800993698606,0.3625156339598391,0.0185918595452534,0.0168371440552908,4.0,0,16.999999999999996,17
dependence rho,0.2,9,0.847,0.84375,0.3584066050693754,0.3613864143016485,0.0325180672361503,0.0312685217601915,4.0,0,17.0,17
dependence rho,0.2,10,0.82625,0.82475,0.3839924018608651,0.3911626517140172,0.0393162978635152,0.0390410067481708,4.0,0,17.0,17
dependence rho,0.2,11,0.831,0.82425,0.3746067515282396,0.3863297869057439,0.0230161023873869,0.0246858701811803,4.0,1,17.0,17
dependence rho,0.2,12,0.832,0.82975,0.3814561116579487,0.3796752220745631,0.0502744191907102,0.0464692623054651,4.0,0,17.0,17
dependence rho,0.2,13,0.84375,0.83725,0.350975628746668,0.3640202083963019,0.0162416614978714,0.0191247665063235,4.0,0,16.999999999999996,17
dependence rho,0.2,14,0.836,0.8365,0.3652553826961826,0.3669327989912553,0.0265771248510234,0.0277294337217283,4.0,0,17.0,17
dependence rho,0.4,0,0.84725,0.83725,0.3471364639178261,0.3828522558015613,0.0413920491074551,0.0480086863680142,4.0,0,15.999999999999996,17
dependence rho,0.4,1,0.8515,0.834,0.3430124698656728,0.3875095322273004,0.0315305296552466,0.044992618756637,4.0,0,16.0,17
dependence rho,0.4,2,0.8485,0.82475,0.3583683485840238,0.4242547625825592,0.0349489089449257,0.0624521100258174,4.0,0,16.0,17
dependence rho,0.4,3,0.8375,0.804,0.3724667216724387,0.4489892227126395,0.0290164124605425,0.067735960015027,4.0,0,16.0,17
dependence rho,0.4,4,0.8345,0.8265,0.3765884256665727,0.3968131805826984,0.0385503033697269,0.0428122769631204,4.0,0,16.0,17
dependence rho,0.4,5,0.85725,0.8235,0.3501054741435049,0.4305514287487865,0.0383950280997267,0.0666017798847603,4.0,1,15.999999999999998,17
dependence rho,0.4,6,0.85275,0.83875,0.3456604301416689,0.3870839428732535,0.0363365172886569,0.0433732672186907,4.0,1,15.999999999999998,17
dependence rho,0.4,7,0.849,0.8265,0.3388249458361225,0.3927087934973267,0.0320349264665584,0.0527414534362913,4.0,0,16.0,17
dependence rho,0.4,8,0.85,0.816,0.3485999543159563,0.4251376168086941,0.0250181166325997,0.0593807258324088,4.0,0,16.0,17
dependence rho,0.4,9,0.85125,0.836,0.357493135529224,0.3929454062195456,0.0419830374496393,0.0501054726693012,4.0,0,16.0,17
dependence rho,0.4,10,0.84175,0.803,0.365437296759644,0.4815534754212296,0.0384206816780048,0.0823174772008598,4.0,0,16.000000000000004,17
dependence rho,0.4,11,0.8505,0.8045,0.3452391048276326,0.469447865916503,0.0211126154155899,0.0664491439536877,4.0,0,16.000000000000004,17
dependence rho,0.4,12,0.835,0.82525,0.3912397841377668,0.4035229418631824,0.0613443974077537,0.0611302516194326,4.0,0,15.999999999999996,17
dependence rho,0.4,13,0.85225,0.823,0.3337834957160814,0.424608606204817,0.0191266564793473,0.0561629907496482,4.0,0,16.000000000000004,17
dependence rho,0.4,14,0.84375,0.824,0.3593854261314889,0.4046863532438817,0.0354654432750151,0.0540744025481376,4.0,1,16.0,17
dependence rho,0.6,0,0.8505,0.8235,0.3427901238526232,0.4436594683022779,0.035877139454219,0.070768105480711,2.0,1,14.999999999999996,17
dependence rho,0.6,1,0.8545,0.81425,0.337963219356497,0.4660052213515931,0.0247483681596726,0.078561648511018,2.0,0,15.0,17
dependence rho,0.6,2,0.84875,0.80275,0.3537954997372226,0.5193119905300664,0.0321077545606854,0.0947438501445923,2.0,0,15.000000000000004,17
dependence rho,0.6,3,0.83975,0.77675,0.3692093381749335,0.558891336407482,0.0285129394436117,0.1131006307474075,2.0,0,15.0,17
dependence rho,0.6,4,0.832,0.8125,0.38250235622899,0.4359347549052433,0.0389157319254411,0.0629123718502752,4.0,1,15.0,17
dependence rho,0.6,5,0.86,0.80725,0.344546434261818,0.5482839048841319,0.0368147025013288,0.0971369561447718,2.0,1,15.000000000000002,17
dependence rho,0.6,6,0.85375,0.818,0.3390962518403204,0.4745907211976017,0.0318536539195372,0.076583150248931,2.0,1,15.0,17
dependence rho,0.6,7,0.8475,0.809,0.3403413198926013,0.4586983763836284,0.0333038607757214,0.0848038302963368,4.0,0,15.0,17
dependence rho,0.6,8,0.851,0.79075,0.3453007679772849,0.5407902142376255,0.0227661023447158,0.10288580448657,2.0,0,15.000000000000004,17
dependence rho,0.6,9,0.85225,0.81825,0.3518579117623536,0.4547793348085761,0.0382056230258459,0.0804182283545132,2.0,0,14.999999999999996,17
dependence rho,0.6,10,0.843,0.78,0.359925902560689,0.6104184591230446,0.035125407266521,0.1188241094497544,2.0,0,15.000000000000002,17
dependence rho,0.6,11,0.85375,0.7805,0.3406974201586255,0.5858001344758668,0.0154844152827555,0.1071968617100549,2.0,0,15.000000000000004,17
dependence rho,0.6,12,0.83775,0.818,0.3827986356432827,0.4517732064738701,0.0556456858436674,0.0786711436924045,2.0,0,15.0,17
dependence rho,0.6,13,0.85475,0.798,0.332372279794597,0.519802667670147,0.0189320113753042,0.0935952536808154,4.0,0,15.0,17
dependence rho,0.6,14,0.843,0.80575,0.3619440358976462,0.4797170708204633,0.0400886862026487,0.0849696500645558,4.0,0,15.000000000000004,17
dependence rho,0.8,0,0.849,0.80775,0.3417988710115104,0.5254514867330988,0.0327095470978428,0.0960890517156765,2.0,0,14.0,17
dependence rho,0.8,1,0.8545,0.7965,0.336101633923161,0.5843096455512911,0.0209380988579312,0.11232228291559,2.0,1,14.000000000000004,17
dependence rho,0.8,2,0.8495,0.7815,0.352105327753521,0.6434216716357901,0.0287796109909169,0.1292778273276161,2.0,1,14.000000000000004,17
dependence rho,0.8,3,0.843,0.761,0.3624454386617477,0.7065411553543088,0.0204862962832742,0.1436922308686484,2.0,0,14.000000000000002,17
dependence rho,0.8,4,0.83575,0.804,0.3736764447564119,0.4899776925081682,0.0344034676348755,0.0866387696264879,2.0,1,13.999999999999996,17
dependence rho,0.8,5,0.856,0.78875,0.3451793061252915,0.7075409156539108,0.0372217936283825,0.1315657195361193,1.0,1,14.0,17
dependence rho,0.8,6,0.855,0.79725,0.3350664507723265,0.6007015054708839,0.026511257993907,0.1091643304497247,2.0,1,14.0,17
dependence rho,0.8,7,0.8515,0.79525,0.3343407190104538,0.5451733944765996,0.0234776133769759,0.1086240536420934,2.0,1,14.000000000000004,17
dependence rho,0.8,8,0.848,0.773,0.3473171295807279,0.6903987101737539,0.0222365932424547,0.1394660154814555,1.0,0,14.0,17
dependence rho,0.8,9,0.851,0.8015,0.3506661900965692,0.5405626084194743,0.0351540788059174,0.1076698956842403,2.0,0,13.999999999999996,17
dependence rho,0.8,10,0.84125,0.764,0.3609724908620494,0.7563696498966913,0.0362795382615402,0.1457795743257144,1.0,0,14.0,17
dependence rho,0.8,11,0.85325,0.76325,0.344649943945714,0.7182753833949519,0.0170996026769182,0.1390680374769355,1.0,0,14.000000000000002,17
dependence rho,0.8,12,0.83625,0.81125,0.3821322525479468,0.5157613274908078,0.0541550244682172,0.0940108446189757,2.0,0,14.0,17
dependence rho,0.8,13,0.85425,0.7795,0.3269215853687207,0.6355586034555978,0.0120770595013881,0.1276571995071978,2.0,0,14.000000000000002,17
dependence rho,0.8,14,0.84325,0.79175,0.3541025178402379,0.5821624587486603,0.0326211196919711,0.1111103659184287,2.0,0,13.999999999999998,17
dependence rho,0.95,0,0.8515,0.798,0.3335829938087482,0.597809829233557,0.0240216827722079,0.1131183776240905,1.0,0,13.000000000000002,17
dependence rho,0.95,1,0.85675,0.785,0.3299576124206321,0.6985670778270919,0.0185414467983116,0.1337789228414213,1.0,0,13.0,17
dependence rho,0.95,2,0.84875,0.7695,0.345985555285036,0.7525105555381588,0.024143908616865,0.147588335911765,1.0,1,13.0,17
dependence rho,0.95,3,0.842,0.75025,0.3620704859711595,0.8386540623689175,0.0164550552509262,0.1636973203891458,1.0,0,13.000000000000004,17
dependence rho,0.95,4,0.83525,0.791,0.3734031450526391,0.5366004145312047,0.0285675085589291,0.0999357610474844,2.0,1,13.0,17
dependence rho,0.95,5,0.86075,0.77075,0.3330296938944563,0.8501810880316011,0.0259297743991817,0.1550860155504977,1.0,1,12.999999999999998,17
dependence rho,0.95,6,0.8545,0.78275,0.3314213711167411,0.722169136556836,0.0219919181821888,0.1366107426383024,1.0,1,13.000000000000004,17
dependence rho,0.95,7,0.849,0.7875,0.335201606675965,0.6178105550161974,0.0189197489079916,0.1242191595036584,2.0,1,13.0,17
dependence rho,0.95,8,0.85475,0.76075,0.3402115626276473,0.8169872553132609,0.016649525453346,0.1589003741349338,1.0,0,12.999999999999998,17
dependence rho,0.95,9,0.856,0.79375,0.3408861946424913,0.6190488299648851,0.0277202275829945,0.1225513116789915,1.0,0,13.0,17
dependence rho,0.95,10,0.846,0.755,0.3500992038870535,0.8637422272373073,0.0217709736770067,0.162213328393275,1.0,1,13.0,17
dependence rho,0.95,11,0.857,0.755,0.3363013735850371,0.8190207126286345,0.0117070167574897,0.1562335586820055,1.0,0,12.999999999999996,17
dependence rho,0.95,12,0.83925,0.80125,0.3648517603326291,0.570728133478207,0.0429764311680079,0.108121956460351,1.0,0,13.000000000000002,17
dependence rho,0.95,13,0.8535,0.76675,0.327940010894921,0.730827500229254,0.0118203485159511,0.1460489658120253,2.0,1,13.0,17
dependence rho,0.95,14,0.84125,0.7845,0.3536280175322051,0.6710764328170395,0.0255188007650338,0.1264334726984493,2.0,0,12.999999999999996,17
sample size n,50,0,0.74425,0.70375,0.6593469762491709,1.412855031458185,0.120586385433738,0.2341115758968527,4.0,1,14.520000000000003,17
sample size n,50,1,0.78875,0.79775,0.6061066579533311,0.5158368874571445,0.1163196351364505,0.0903725522859887,4.0,0,13.999999999999996,17
sample size n,50,2,0.7975,0.71,0.8184910393478877,2.594046227920131,0.1353189721474827,0.2476346026684904,4.0,0,15.0,17
sample size n,50,3,0.80025,0.78775,0.5509535863049775,0.6014703867706638,0.0878944759367563,0.114531769018411,4.0,0,14.0,17
sample size n,50,4,0.8195,0.7325,0.4373727871987665,1.0979893473928888,0.0666973951413354,0.1959570591837469,2.0,1,14.0,17
sample size n,50,5,0.80475,0.774,0.5342917238420538,0.7252091554642932,0.0972906466902773,0.1429824349150179,4.0,0,15.000000000000004,17
sample size n,50,6,0.75525,0.7665,0.722408122158856,0.8015985814526239,0.1280040880171131,0.1247520696933599,4.0,1,13.8,17
sample size n,50,7,0.80025,0.7745,0.5076487811348109,0.6569015436905766,0.0803630064800561,0.1276527888895964,1.0,1,14.000000000000002,17
sample size n,50,8,0.76875,0.79425,0.6885991247551257,0.6141580460360577,0.1376676087680222,0.0980459456807838,4.0,1,14.32,17
sample size n,50,9,0.754,0.7175,0.618704726273172,0.918897159607136,0.1162516937007229,0.1863128888042542,0.5,1,15.0,17
sample size n,50,10,0.83575,0.82975,0.6012738983248396,0.5972183395000943,0.1043276039866705,0.1041224358215364,2.0,0,15.000000000000004,17
sample size n,50,11,0.82475,0.80575,0.4137276355020154,0.4516909467709488,0.0491722437550363,0.068768846247522,1.0,0,14.000000000000002,17
sample size n,50,12,0.8035,0.8075,0.573661285311329,0.5439179045578658,0.1064702758547943,0.0991211452839094,4.0,0,14.0,17
sample size n,50,13,0.808,0.76825,0.7803112673354302,1.4842800783767458,0.1288199258470201,0.1867511403377881,4.0,0,14.999999999999996,17
sample size n,50,14,0.7855,0.735,0.557443944544498,1.02964284713711,0.1003421625807199,0.1898010269943671,2.0,0,14.000000000000002,17
sample size n,100,0,0.82825,0.8265,0.4088076044707591,0.3927177241863425,0.0554362277470334,0.0534172618927084,4.0,0,14.000000000000004,17
sample size n,100,1,0.832,0.75225,0.3942347797938587,0.8258774534114108,0.0429963093633921,0.1612051741870512,2.0,0,14.0,17
sample size n,100,2,0.83875,0.79225,0.3965040725458947,0.6589132924707715,0.059563126814693,0.1257530968463624,4.0,0,14.000000000000002,17
sample size n,100,3,0.83775,0.785,0.4011766081623556,0.7205377130327311,0.0560027034312654,0.1343373857153531,2.0,0,14.000000000000004,17
sample size n,100,4,0.82725,0.78725,0.3969476894955763,0.5247480431251327,0.0395587443342239,0.0904728543578965,2.0,0,14.0,17
sample size n,100,5,0.82575,0.78675,0.4075172470354902,0.6027862545833886,0.0492084760224914,0.1156147039945758,1.0,1,14.000000000000002,17
sample size n,100,6,0.82475,0.76325,0.406431893636854,0.87476160384041,0.0400169275627463,0.1523480208737575,2.0,0,13.999999999999998,17
sample size n,100,7,0.81225,0.75225,0.4345384892548061,0.7829301137538478,0.0493724935682976,0.1506139952209629,1.0,0,13.999999999999998,17
sample size n,100,8,0.83125,0.817,0.3737278313508552,0.4109043357338134,0.0265970943499701,0.0466429674937205,2.0,0,13.999999999999998,17
sample size n,100,9,0.823,0.79225,0.412573181187818,0.5513807118293352,0.0490901516733275,0.1028047859284447,4.0,0,14.0,17
sample size n,100,10,0.809,0.78625,0.4578248773769622,0.5682872125967731,0.0598245227681296,0.102430550666558,2.0,1,13.999999999999998,17
sample size n,100,11,0.831,0.805,0.3707756406910438,0.4685893528026436,0.0254361771366836,0.0678455304495852,2.0,0,14.000000000000002,17
sample size n,100,12,0.82,0.8135,0.4178768686589457,0.4204304488807476,0.0394700492077201,0.0451050542214775,4.0,1,14.000000000000004,17
sample size n,100,13,0.842,0.7615,0.3675528114641196,0.9146295237974092,0.0491292557189191,0.1669011461753492,2.0,0,13.999999999999998,17
sample size n,100,14,0.82775,0.74125,0.4070361007903831,0.865585745028249,0.0465358271655189,0.1748564357381602,1.0,0,14.000000000000002,17
sample size n,200,0,0.83825,0.76275,0.3873407423365093,0.7022517667318727,0.0381764183056818,0.139879956586689,2.0,0,13.999999999999998,17
sample size n,200,1,0.846,0.78425,0.3416558673039435,0.6358975300227091,0.0275892959616158,0.1250306689152156,1.0,1,13.570000000000004,17
sample size n,200,2,0.8435,0.77775,0.3608978438622592,0.639316683533189,0.0318076986399017,0.1237146371489298,2.0,0,13.999999999999996,17
sample size n,200,3,0.835,0.7735,0.381699303638924,0.6256399597705886,0.0434497904350856,0.1252554534787632,1.0,0,13.999999999999998,17
sample size n,200,4,0.84675,0.773,0.3562120784319312,0.6546130468179683,0.0215358529819027,0.1301751950705391,2.0,1,13.999999999999996,17
sample size n,200,5,0.82825,0.76625,0.3841744721269852,0.7110202443465246,0.0419909436246631,0.1432643524341488,1.0,1,13.999999999999998,17
sample size n,200,6,0.85425,0.8085,0.3626403942692043,0.5769353042948651,0.0346189783213805,0.1009148657495038,1.0,0,13.999999999999998,17
sample size n,200,7,0.843,0.7825,0.3782612130471425,0.6803406200497911,0.0458540814353019,0.1236744839016909,4.0,1,14.000000000000004,17
sample size n,200,8,0.8215,0.75925,0.4111521751200261,0.7484870733355261,0.0491654590535042,0.1483404819348348,1.0,1,14.0,17
sample size n,200,9,0.843,0.77075,0.3558976885775922,0.7131602286822699,0.0284546536134649,0.1429426957048237,2.0,0,13.999999999999996,17
sample size n,200,10,0.83025,0.773,0.3791108579795217,0.5875396808603905,0.0229253834139943,0.1137488502411878,2.0,0,14.000000000000004,17
sample size n,200,11,0.8375,0.7425,0.3636589226317968,0.971342807805858,0.0283511708045611,0.1781958780834684,2.0,1,13.999999999999998,17
sample size n,200,12,0.83275,0.75775,0.38700756244418,0.8222210362375703,0.0512228981849246,0.1579659860540867,4.0,1,14.000000000000004,17
sample size n,200,13,0.8205,0.75125,0.3999749962249239,0.7793460838500139,0.0420460019663628,0.1562355927422357,2.0,0,13.999999999999991,17
sample size n,200,14,0.834,0.76425,0.3723837651543368,0.7337165313797372,0.0405560969979556,0.1462971425675548,1.0,1,14.0,17
sample size n,500,0,0.849,0.80775,0.3417988710115104,0.5254514867330988,0.0327095470978428,0.0960890517156765,2.0,0,14.0,17
sample size n,500,1,0.8545,0.7965,0.336101633923161,0.5843096455512911,0.0209380988579312,0.11232228291559,2.0,1,14.000000000000004,17
sample size n,500,2,0.8495,0.7815,0.352105327753521,0.6434216716357901,0.0287796109909169,0.1292778273276161,2.0,1,14.000000000000004,17
sample size n,500,3,0.843,0.761,0.3624454386617477,0.7065411553543088,0.0204862962832742,0.1436922308686484,2.0,0,14.000000000000002,17
sample size n,500,4,0.83575,0.804,0.3736764447564119,0.4899776925081682,0.0344034676348755,0.0866387696264879,2.0,1,13.999999999999996,17
sample size n,500,5,0.856,0.78875,0.3451793061252915,0.7075409156539108,0.0372217936283825,0.1315657195361193,1.0,1,14.0,17
sample size n,500,6,0.855,0.79725,0.3350664507723265,0.6007015054708839,0.026511257993907,0.1091643304497247,2.0,1,14.0,17
sample size n,500,7,0.8515,0.79525,0.3343407190104538,0.5451733944765996,0.0234776133769759,0.1086240536420934,2.0,1,14.000000000000004,17
sample size n,500,8,0.848,0.773,0.3473171295807279,0.6903987101737539,0.0222365932424547,0.1394660154814555,1.0,0,14.0,17
sample size n,500,9,0.851,0.8015,0.3506661900965692,0.5405626084194743,0.0351540788059174,0.1076698956842403,2.0,0,13.999999999999996,17
sample size n,500,10,0.84125,0.764,0.3609724908620494,0.7563696498966913,0.0362795382615402,0.1457795743257144,1.0,0,14.0,17
sample size n,500,11,0.85325,0.76325,0.344649943945714,0.7182753833949519,0.0170996026769182,0.1390680374769355,1.0,0,14.000000000000002,17
sample size n,500,12,0.83625,0.81125,0.3821322525479468,0.5157613274908078,0.0541550244682172,0.0940108446189757,2.0,0,14.0,17
sample size n,500,13,0.85425,0.7795,0.3269215853687207,0.6355586034555978,0.0120770595013881,0.1276571995071978,2.0,0,14.000000000000002,17
sample size n,500,14,0.84325,0.79175,0.3541025178402379,0.5821624587486603,0.0326211196919711,0.1111103659184287,2.0,0,13.999999999999998,17
sample size n,1000,0,0.84725,0.7835,0.3533417415788752,0.6385513283040101,0.0269420748951201,0.123876037778486,2.0,0,14.0,17
sample size n,1000,1,0.84725,0.79825,0.3393481094215707,0.5446428148382656,0.0225454130532429,0.0962298896905605,2.0,0,14.000000000000004,17
sample size n,1000,2,0.8495,0.782,0.3468385900192707,0.6421096829209048,0.0209086256100073,0.1220719926773497,2.0,0,14.000000000000004,17
sample size n,1000,3,0.86,0.81325,0.3336967986916789,0.4983967133962256,0.025943291857554,0.0880782865898917,1.0,0,14.000000000000002,17
sample size n,1000,4,0.8505,0.77825,0.3458873523443279,0.6773816883343229,0.0237693830276981,0.1286184749123372,1.0,0,13.999999999999996,17
sample size n,1000,5,0.8505,0.80525,0.3539397784588963,0.5294250291126212,0.0306758123933422,0.0977076010301437,1.0,0,13.999999999999996,17
sample size n,1000,6,0.8535,0.77875,0.3513845279196254,0.5919382098379685,0.0305155410733674,0.1181367625079914,1.0,0,13.999999999999998,17
sample size n,1000,7,0.848,0.77925,0.3581284106182048,0.6516945254268273,0.0262305268237102,0.1273301444502427,1.0,0,14.000000000000002,17
sample size n,1000,8,0.85625,0.79075,0.3264417098032604,0.6121815714694574,0.0263185426575384,0.1177354469913889,1.0,1,14.000000000000002,17
sample size n,1000,9,0.85175,0.795,0.3411286933403673,0.5814283243526702,0.0237435726487516,0.1113464433002627,1.0,0,13.999999999999996,17
sample size n,1000,10,0.848,0.7795,0.3452963892978679,0.6473559371588025,0.0303031432090507,0.1275506460990289,2.0,0,14.000000000000002,17
sample size n,1000,11,0.84975,0.78375,0.3456514818596058,0.5725522177261376,0.0223851865217496,0.1153684716881732,1.0,0,13.999999999999996,17
sample size n,1000,12,0.84925,0.77025,0.3458446896454348,0.6118134905508428,0.0104815690547581,0.1236993298483949,2.0,0,14.0,17
sample size n,1000,13,0.8635,0.805,0.3141074645474988,0.5680242125810963,0.0126145524208963,0.1019638054449958,2.0,0,13.999999999999998,17
sample size n,1000,14,0.854,0.7885,0.3378394673460542,0.6203841943421382,0.0182141387329346,0.1193841461979691,1.0,1,13.999999999999998,17
sample size n,4000,0,0.84975,0.79575,0.3420256742930282,0.5647985864346399,0.028015866630264,0.109499050504338,2.0,0,13.999999999999998,17
sample size n,4000,1,0.8535,0.7835,0.3356307230106171,0.6523430371145238,0.0225427939480839,0.1279057162809553,1.0,1,14.000000000000002,17
sample size n,4000,2,0.85125,0.8085,0.3356919568955935,0.5367595423604561,0.0285264521826122,0.1023910919244864,2.0,0,13.999999999999996,17
sample size n,4000,3,0.8565,0.80275,0.3241200563326272,0.5405330319513035,0.014580818476215,0.0940400081629987,1.0,0,13.999999999999998,17
sample size n,4000,4,0.85575,0.7865,0.3389937933019822,0.6089760487962615,0.0248647089458408,0.117061070321652,1.0,0,14.000000000000002,17
sample size n,4000,5,0.849,0.77925,0.341183148314736,0.602943304979273,0.020797951860483,0.1206999150810939,2.0,0,13.999999999999996,17
sample size n,4000,6,0.853,0.78425,0.3400560027806877,0.6102461307153444,0.0266098299967608,0.1219306682259498,1.0,1,14.000000000000004,17
sample size n,4000,7,0.8485,0.77775,0.3490688605788672,0.6436765650684052,0.0295786801567863,0.1309878928955091,1.0,0,14.000000000000009,17
sample size n,4000,8,0.85225,0.795,0.3456879124463191,0.5734775892087587,0.0295423436141567,0.1072901018494283,2.0,0,13.999999999999998,17
sample size n,4000,9,0.85575,0.7865,0.3339158011467532,0.605066431354075,0.0186254009709737,0.1151435812249344,1.0,0,14.0,17
sample size n,4000,10,0.85925,0.7875,0.3273464932613713,0.5756521077113144,0.0159698049849131,0.1145267927168707,2.0,0,13.999999999999998,17
sample size n,4000,11,0.85375,0.7875,0.3307532334514819,0.5878862441283607,0.0175676462845059,0.1118734910331539,1.0,0,14.000000000000004,17
sample size n,4000,12,0.8555,0.799,0.3390906339515735,0.5368601878072174,0.016719663121244,0.0985237294114429,2.0,1,13.999999999999996,17
sample size n,4000,13,0.8545,0.7865,0.3278876726564914,0.5942331942504289,0.0194609012990333,0.1129559531541431,1.0,0,13.999999999999996,17
sample size n,4000,14,0.85375,0.79,0.3454627175626514,0.5702209895977184,0.0232904299740146,0.1114751032748186,2.0,0,13.999999999999998,17
dimension d,7,0,0.8515,0.801,0.3741793511438803,0.5414950393013495,0.062853361828533,0.1030005679339571,1.0,1,3.999999999999999,7
dimension d,7,1,0.843,0.7895,0.3815461113942663,0.6024056683188721,0.0671251845258994,0.1165397673663205,1.0,0,3.999999999999998,7
dimension d,7,2,0.8505,0.7795,0.3685537044805645,0.6490131922265925,0.0626683491662833,0.129168643586107,1.0,1,4.0,7
dimension d,7,3,0.85125,0.76075,0.3675569709061617,0.7073874744131952,0.0491046660795807,0.1480289113800658,1.0,0,4.000000000000002,7
dimension d,7,4,0.8515,0.814,0.4968680284788883,0.4801796544428919,0.0923334998205527,0.0798293301702832,4.0,1,3.999999999999997,7
dimension d,7,5,0.85125,0.77275,0.389169335374044,0.7545063552331948,0.0643071540571494,0.1467827203437111,1.0,1,3.9999999999999982,7
dimension d,7,6,0.84725,0.78725,0.3801592684160251,0.609110880677299,0.0441681125346629,0.1195326514179281,0.5,1,3.9999999999999982,7
dimension d,7,7,0.8505,0.8035,0.3638207163087972,0.5375131092081203,0.0555565983530045,0.1019281532188361,1.0,0,4.0,7
dimension d,7,8,0.84975,0.76375,0.3789795987754761,0.7145181571528298,0.0557082029398018,0.1428437626335298,1.0,0,4.000000000000001,7
dimension d,7,9,0.85775,0.7995,0.3699402919741499,0.5402698744171426,0.0586601808671115,0.1054151372247007,1.0,0,3.999999999999999,7
dimension d,7,10,0.84375,0.75625,0.3986134278947623,0.7762332247827478,0.0626022295284302,0.1542137354698577,1.0,0,4.0,7
dimension d,7,11,0.85675,0.7555,0.3749020596800029,0.7178995793309655,0.0590365182026645,0.1448064824160951,2.0,1,4.000000000000004,7
dimension d,7,12,0.85375,0.8155,0.4294446828263265,0.5090150074614009,0.0793184386727022,0.0962353655100741,1.0,0,3.999999999999997,7
dimension d,7,13,0.85525,0.7805,0.3482477719934506,0.6291730705023537,0.0506475543968562,0.1235742060825442,1.0,1,3.999999999999999,7
dimension d,7,14,0.86275,0.79625,0.3408738944596078,0.5622615893127499,0.0474898195261572,0.1060067673209175,1.0,0,3.999999999999998,7
dimension d,13,0,0.8485,0.805,0.352965339687732,0.5286821784890178,0.037270950124227,0.0973425539325937,1.0,1,9.999999999999998,13
dimension d,13,1,0.86425,0.8,0.3340363693334105,0.5574854400376578,0.0335448563660753,0.1095628137606528,2.0,1,10.0,13
dimension d,13,2,0.85075,0.782,0.3510868541995858,0.6714218712808049,0.0356380144602004,0.1332735585388858,2.0,1,10.0,13
dimension d,13,3,0.8415,0.77,0.3598686684172719,0.6914511335197082,0.0326485151444905,0.1381879983019681,1.0,0,10.000000000000002,13
dimension d,13,4,0.849,0.814,0.3465129870739023,0.4642034584333677,0.036165463803931,0.0830105866140461,2.0,1,9.999999999999998,13
dimension d,13,5,0.85475,0.77975,0.3452229568728002,0.702693947295154,0.0406947252353575,0.1372991363425742,1.0,1,9.999999999999996,13
dimension d,13,6,0.8565,0.7865,0.344232002860037,0.6324547336404523,0.0295974281494182,0.1171978438800094,1.0,1,10.0,13
dimension d,13,7,0.8455,0.79125,0.3544192322859521,0.5717535610023918,0.0341115088382649,0.1077353156705965,2.0,0,10.000000000000004,13
dimension d,13,8,0.85075,0.768,0.3415638715067119,0.7030249263814369,0.0252727747662528,0.139234640366186,1.0,0,10.000000000000002,13
dimension d,13,9,0.84725,0.802,0.3540995370596638,0.5668932244509655,0.0428813256814252,0.1070622363447532,2.0,0,10.0,13
dimension d,13,10,0.8405,0.75725,0.362980395713349,0.7354906180590378,0.0375610931322863,0.1499691135191974,1.0,0,9.999999999999998,13
dimension d,13,11,0.85075,0.76575,0.3390960659443184,0.6890411709783955,0.0172365814570097,0.1308562404747063,1.0,0,10.000000000000004,13
dimension d,13,12,0.839,0.8125,0.4049949668436511,0.5329644955360129,0.0644349395848605,0.0936583985612727,2.0,1,10.000000000000004,13
dimension d,13,13,0.843,0.764,0.359323908122695,0.6619125745397728,0.0299313911223348,0.1339746133181187,2.0,0,10.0,13
dimension d,13,14,0.8455,0.7845,0.3527799780366097,0.5914997142517437,0.0361348439086882,0.1142791708541199,2.0,0,10.0,13
dimension d,26,0,0.841,0.794,0.3586156255021991,0.5469319914851053,0.0312972715238376,0.1097913254068621,2.0,0,23.0,26
dimension d,26,1,0.84425,0.7895,0.3464604547618083,0.5741378074952652,0.0218685160406082,0.1141860739090755,2.0,0,23.0,26
dimension d,26,2,0.8425,0.78025,0.3642114942579078,0.6573745748767494,0.0364862807636276,0.128706950190787,1.0,0,22.999999999999996,26
dimension d,26,3,0.837,0.76425,0.3608346247336718,0.7064880816784329,0.018544427756489,0.1438562090583685,2.0,0,23.000000000000004,26
dimension d,26,4,0.83475,0.80525,0.3750316849327096,0.5015538338971276,0.030546062472601,0.0879467919252203,4.0,1,23.000000000000004,26
dimension d,26,5,0.84775,0.77125,0.3394382438552504,0.7455551322792583,0.0283026131235435,0.1441844861954063,2.0,0,23.0,26
dimension d,26,6,0.84925,0.79675,0.3475598672026935,0.6088732627085567,0.0332487787629965,0.1103245110488715,1.0,1,23.000000000000007,26
dimension d,26,7,0.8535,0.78725,0.3433565192508966,0.5890675623446151,0.0207384617505363,0.110774816873366,2.0,1,23.0,26
dimension d,26,8,0.842,0.773,0.3601266414351731,0.6866522421354677,0.0280423595396818,0.138007972350493,1.0,0,23.000000000000004,26
dimension d,26,9,0.828,0.79125,0.3779219868543924,0.5928094103652041,0.0485128417623276,0.1135647095254586,2.0,0,23.0,26
dimension d,26,10,0.8435,0.7765,0.3523862052996029,0.7374582021582693,0.0256800522581804,0.1407802563153901,2.0,0,23.0,26
dimension d,26,11,0.84425,0.75925,0.3514662005239269,0.7025801563833798,0.0100338923496067,0.1427127831338257,1.0,0,22.999999999999996,26
dimension d,26,12,0.846,0.82375,0.3634921713154974,0.5043725269454512,0.0441440399142548,0.0867110782520091,2.0,1,23.0,26
dimension d,26,13,0.84625,0.76775,0.3477229982594223,0.6353966902752559,0.0154359322716288,0.1332841975814573,2.0,0,23.0,26
dimension d,26,14,0.844,0.78525,0.3584606792421098,0.6138362247977652,0.0265940849161644,0.1177906059459054,2.0,0,23.0,26
dimension d,51,0,0.84225,0.80025,0.3627126571437791,0.5388058029443276,0.0244851627730193,0.1010023321470713,2.0,0,47.99999999999998,51
dimension d,51,1,0.82775,0.782,0.3947455496716152,0.6367172914959942,0.0410660236780619,0.12332826023289,1.0,1,48.00000000000001,51
dimension d,51,2,0.82875,0.7805,0.3829158136721274,0.6843443683026578,0.0424741382718946,0.1329109760762375,1.0,1,47.99999999999999,51
dimension d,51,3,0.82875,0.7705,0.390239734117547,0.7091980582294507,0.0322634350429881,0.1374179582459728,1.0,0,48.0,51
dimension d,51,4,0.834,0.807,0.3795756244444255,0.5302503448100658,0.0292193299641607,0.0861044861115961,2.0,1,48.000000000000014,51
dimension d,51,5,0.822,0.76975,0.4306299617330903,0.7685451678744049,0.0685288644730637,0.1484143526308012,0.5,0,48.0,51
dimension d,51,6,0.8365,0.7885,0.3776837954217615,0.6196519784706017,0.0363047596258961,0.1191238660810528,2.0,1,48.0,51
dimension d,51,7,0.832,0.79625,0.3830752245701713,0.5723249692120118,0.0322429404011212,0.1045658293992599,2.0,1,48.0,51
dimension d,51,8,0.841,0.77275,0.3711206666295951,0.700521758490142,0.0320761387229682,0.1358689394350705,1.0,1,48.0,51
dimension d,51,9,0.8335,0.792,0.3874564369049894,0.5818340367982898,0.0452552381915141,0.1154122396969132,2.0,0,48.0,51
dimension d,51,10,0.827,0.7605,0.3987774478819195,0.7587595641156922,0.0425533360835284,0.1516097055827521,1.0,0,48.0,51
dimension d,51,11,0.8215,0.75675,0.4011106317453342,0.7471672354208074,0.0335838679944965,0.1475618543411968,1.0,0,48.0,51
dimension d,51,12,0.8455,0.805,0.3619292116681832,0.5442062500649105,0.0377342304690633,0.1030385938451789,2.0,0,47.99999999999998,51
dimension d,51,13,0.8355,0.77725,0.3787334484152592,0.6661149406777723,0.0259366673524171,0.1236638635906526,4.0,0,47.99999999999999,51
dimension d,51,14,0.84125,0.79925,0.3740722027229777,0.6007228632057016,0.033328815328213,0.1065042415642548,2.0,0,48.000000000000014,51
dimension d,101,0,0.8225,0.7895,0.405526048784969,0.5727602230581006,0.0492079503048133,0.1159972590445491,1.0,0,98.0,101
dimension d,101,1,0.81375,0.76875,0.4393303185365246,0.67700213146244,0.0539980060775358,0.135267706784553,1.0,1,98.00000000000004,101
dimension d,101,2,0.812,0.7615,0.4359938646407999,0.7235910554717323,0.0557370408861661,0.1484859739188793,1.0,1,98.0,101
dimension d,101,3,0.81375,0.76025,0.4208241242491451,0.7660247540802667,0.0468145691247351,0.1478769850700833,1.0,0,98.0,101
dimension d,101,4,0.819,0.79325,0.4074360930557685,0.5299741864659361,0.0428605050794444,0.1036641366788509,2.0,0,98.0,101
dimension d,101,5,0.8305,0.77875,0.4212569378993298,0.767325738294517,0.0552887771259649,0.1450751212987698,1.0,0,97.99999999999996,101
dimension d,101,6,0.823,0.7715,0.4080439296231983,0.6930057382800062,0.0473621407826573,0.1379694208876843,1.0,1,97.99999999999996,101
dimension d,101,7,0.81,0.77625,0.4398477850481022,0.652954800339312,0.0493243004274575,0.1244723238627571,2.0,0,98.00000000000004,101
dimension d,101,8,0.79875,0.75025,0.465608613794236,0.7853262291226342,0.0757097744979296,0.1577933742806448,0.5,0,98.0,101
dimension d,101,9,0.829,0.804,0.4070088435096156,0.5696983857675265,0.0471426550003367,0.1040513883186897,1.0,0,97.99999999999996,101
dimension d,101,10,0.8285,0.77625,0.4048096813963281,0.7373839980579323,0.0448848741639316,0.1391356301461731,1.0,0,98.0,101
dimension d,101,11,0.81575,0.761,0.4191558072909142,0.7324947695977407,0.0445819111780067,0.1452360834679923,1.0,0,98.0,101
dimension d,101,12,0.8225,0.795,0.4236109521897607,0.588809369091067,0.06243519929221,0.1135583120753976,2.0,0,98.0,101
dimension d,101,13,0.8145,0.7675,0.4171552873581768,0.7030467374159425,0.0380499678660842,0.1354229748527197,2.0,0,98.0,101
dimension d,101,14,0.827,0.78875,0.4024849584212334,0.6107686461985857,0.0461519511591139,0.1184628188101778,1.0,0,98.0,101
dimension d,201,0,0.79825,0.785,0.4682753518354631,0.6360653239935052,0.0716775716194216,0.1237252706173614,2.0,0,197.99999999999997,201
dimension d,201,1,0.7885,0.74725,0.5351028593505671,0.7749327433653849,0.0926467856852379,0.1629580547981111,0.5,1,198.0,201
dimension d,201,2,0.791,0.76425,0.5190189775609095,0.7692300254124964,0.0918043139488016,0.1483756738702744,0.5,1,198.0,201
dimension d,201,3,0.77975,0.74775,0.4998950548726946,0.8021423394608496,0.0860552049723046,0.1604859291347493,1.0,0,198.0,201
dimension d,201,4,0.80225,0.7875,0.4785631725841418,0.5946099741314942,0.0714631138221306,0.1150964428614895,1.0,1,198.0,201
dimension d,201,5,0.795,0.75725,0.5092688301196524,0.851216227359307,0.0883092890727008,0.1640147168524892,1.0,0,198.00000000000003,201
dimension d,201,6,0.78875,0.76525,0.5092384237989012,0.7334637963020909,0.0872818845119521,0.1448374601805253,1.0,1,198.0,201
dimension d,201,7,0.8055,0.7885,0.5045404959737906,0.6440319340477911,0.0815308196850974,0.1225807266838975,0.25,0,198.0,201
dimension d,201,8,0.77975,0.7465,0.5517938583050976,0.8408830799047909,0.1058655455013208,0.164644727373068,0.5,0,197.99999999999997,201
dimension d,201,9,0.80625,0.788,0.4906996618728353,0.6335316538804932,0.0816786381132425,0.1223965781942158,0.5,0,198.00000000000009,201
dimension d,201,10,0.80275,0.765,0.4992550082217012,0.8046031360046532,0.0816165385199006,0.1515566290157843,0.5,0,198.0,201
dimension d,201,11,0.763,0.743,0.5420323100400892,0.8548135717340133,0.0972455624066827,0.1672430267149078,1.0,1,198.00000000000009,201
dimension d,201,12,0.80875,0.78975,0.4910482918636651,0.6408618696090667,0.0825342711269976,0.1249547265108374,1.0,0,198.0,201
dimension d,201,13,0.786,0.74525,0.5023335361407073,0.7827515807512416,0.0764228592743444,0.1607104561518778,1.0,0,197.99999999999997,201
dimension d,201,14,0.7905,0.7705,0.4941705103017442,0.6787775732878808,0.0816441428251704,0.1324154505884016,1.0,0,197.99999999999997,201
class imbalance,0.5,0,0.849,0.80775,0.3417988710115104,0.5254514867330988,0.0327095470978428,0.0960890517156765,2.0,0,14.0,17
class imbalance,0.5,1,0.8545,0.7965,0.336101633923161,0.5843096455512911,0.0209380988579312,0.11232228291559,2.0,1,14.000000000000004,17
class imbalance,0.5,2,0.8495,0.7815,0.352105327753521,0.6434216716357901,0.0287796109909169,0.1292778273276161,2.0,1,14.000000000000004,17
class imbalance,0.5,3,0.843,0.761,0.3624454386617477,0.7065411553543088,0.0204862962832742,0.1436922308686484,2.0,0,14.000000000000002,17
class imbalance,0.5,4,0.83575,0.804,0.3736764447564119,0.4899776925081682,0.0344034676348755,0.0866387696264879,2.0,1,13.999999999999996,17
class imbalance,0.5,5,0.856,0.78875,0.3451793061252915,0.7075409156539108,0.0372217936283825,0.1315657195361193,1.0,1,14.0,17
class imbalance,0.5,6,0.855,0.79725,0.3350664507723265,0.6007015054708839,0.026511257993907,0.1091643304497247,2.0,1,14.0,17
class imbalance,0.5,7,0.8515,0.79525,0.3343407190104538,0.5451733944765996,0.0234776133769759,0.1086240536420934,2.0,1,14.000000000000004,17
class imbalance,0.5,8,0.848,0.773,0.3473171295807279,0.6903987101737539,0.0222365932424547,0.1394660154814555,1.0,0,14.0,17
class imbalance,0.5,9,0.851,0.8015,0.3506661900965692,0.5405626084194743,0.0351540788059174,0.1076698956842403,2.0,0,13.999999999999996,17
class imbalance,0.5,10,0.84125,0.764,0.3609724908620494,0.7563696498966913,0.0362795382615402,0.1457795743257144,1.0,0,14.0,17
class imbalance,0.5,11,0.85325,0.76325,0.344649943945714,0.7182753833949519,0.0170996026769182,0.1390680374769355,1.0,0,14.000000000000002,17
class imbalance,0.5,12,0.83625,0.81125,0.3821322525479468,0.5157613274908078,0.0541550244682172,0.0940108446189757,2.0,0,14.0,17
class imbalance,0.5,13,0.85425,0.7795,0.3269215853687207,0.6355586034555978,0.0120770595013881,0.1276571995071978,2.0,0,14.000000000000002,17
class imbalance,0.5,14,0.84325,0.79175,0.3541025178402379,0.5821624587486603,0.0326211196919711,0.1111103659184287,2.0,0,13.999999999999998,17
class imbalance,0.35,0,0.859,0.82425,0.3237626178023797,0.4630941396515724,0.0251143707220608,0.0813783690373441,2.0,0,13.999999999999996,17
class imbalance,0.35,1,0.86425,0.809,0.3137830069705217,0.5555386314960165,0.0157929316782707,0.1002342082137865,1.0,0,14.000000000000004,17
class imbalance,0.35,2,0.85375,0.79225,0.3363869297957899,0.6155490777699131,0.027742363930566,0.120755470476214,2.0,0,13.999999999999996,17
class imbalance,0.35,3,0.85125,0.78275,0.3497114928106177,0.6275307724858802,0.0307363739513774,0.1241466581019982,2.0,0,14.0,17
class imbalance,0.35,4,0.8495,0.81025,0.3469214545510518,0.4839725195208521,0.0319405999442065,0.0883175940782081,2.0,0,13.999999999999998,17
class imbalance,0.35,5,0.85925,0.7915,0.337054470010273,0.6941479962657113,0.0396140117387501,0.131742845051636,1.0,0,14.0,17
class imbalance,0.35,6,0.86225,0.7935,0.3215771390990146,0.6217700412513918,0.0317734914480693,0.1213774293402498,1.0,1,14.0,17
class imbalance,0.35,7,0.8635,0.79425,0.3073604387120828,0.5996418348667021,0.0224554617463537,0.121969287553781,2.0,0,14.000000000000004,17
class imbalance,0.35,8,0.8605,0.77425,0.3277269841408204,0.7035720997904502,0.0146588209375789,0.1378313442824228,2.0,0,14.000000000000004,17
class imbalance,0.35,9,0.859,0.82025,0.3325883591770038,0.5057395055519226,0.0405131230801184,0.0953058130684489,1.0,0,13.999999999999996,17
class imbalance,0.35,10,0.866,0.80375,0.3280430205193828,0.5869074397200382,0.0305581879308137,0.1078708441931889,1.0,0,13.999999999999998,17
class imbalance,0.35,11,0.87475,0.8005,0.3123460616143949,0.6203095376093535,0.0172601481030764,0.1185044583466,1.0,0,13.999999999999996,17
class imbalance,0.35,12,0.84225,0.811,0.3533058499933212,0.488175892803363,0.0506436735931139,0.0872312469866928,2.0,1,14.000000000000004,17
class imbalance,0.35,13,0.85,0.801,0.3332240727232385,0.524674857550767,0.0154481269571612,0.0962538427811053,2.0,0,14.0,17
class imbalance,0.35,14,0.85225,0.80225,0.3363981929547663,0.5696406527316443,0.032434615981387,0.1065662643213864,2.0,0,14.0,17
class imbalance,0.2,0,0.89125,0.8415,0.2614357897365088,0.4790641682846052,0.021778734833945,0.0849345058494476,1.0,0,13.999999999999998,17
class imbalance,0.2,1,0.89675,0.85125,0.2545861656115921,0.4008640811816923,0.0089363499291418,0.0666453806306153,1.0,0,14.000000000000009,17
class imbalance,0.2,2,0.88975,0.8235,0.2791987457991688,0.5857014438888706,0.0238411886964136,0.1099139703701978,2.0,0,14.0,17
class imbalance,0.2,3,0.88525,0.81425,0.2778952128333022,0.5426136964106845,0.0228145973402882,0.105978110098439,1.0,0,13.999999999999998,17
class imbalance,0.2,4,0.8875,0.85975,0.2801242627807902,0.3451806374075862,0.0271413385875485,0.0505833127436118,2.0,0,14.000000000000004,17
class imbalance,0.2,5,0.8935,0.832,0.2736360937439719,0.5461066447521914,0.0328513859600197,0.105684967316906,1.0,0,13.999999999999996,17
class imbalance,0.2,6,0.8985,0.82175,0.2514545378442266,0.5900930247258966,0.0200247129469826,0.1142184988823167,1.0,0,13.999999999999998,17
class imbalance,0.2,7,0.89525,0.829,0.2454433895554984,0.4983588858259019,0.0172650050137815,0.0959869479825838,2.0,0,14.0,17
class imbalance,0.2,8,0.892,0.82275,0.266618203019033,0.4556564350024926,0.0123461360034735,0.0781028651671894,1.0,0,14.0,17
class imbalance,0.2,9,0.89125,0.8565,0.262961635225119,0.4027929859555213,0.0291090325198017,0.0699658538763196,1.0,0,14.000000000000002,17
class imbalance,0.2,10,0.8935,0.8265,0.2574865779409584,0.5131541307088859,0.0235158554118655,0.0944810094994833,1.0,0,14.0,17
class imbalance,0.2,11,0.89525,0.85325,0.2652607216894952,0.4072846947377633,0.0147662661584546,0.0651597363460167,1.0,0,14.000000000000002,17
class imbalance,0.2,12,0.87475,0.86075,0.2983067072265917,0.3500485733260714,0.0349336361142834,0.0410849676324457,2.0,1,13.203999999999995,17
class imbalance,0.2,13,0.8815,0.83025,0.2790615943311678,0.5079469478747081,0.0205735523179357,0.0908020607137137,1.0,0,14.0,17
class imbalance,0.2,14,0.89225,0.82525,0.2613640123963861,0.5461981031727603,0.0165158237368825,0.0987798436291032,2.0,0,14.000000000000002,17
class imbalance,0.1,0,0.92775,0.89725,0.2032529618262169,0.3483428003339248,0.022366753399562,0.0603423349259949,1.0,0,14.000000000000009,17
class imbalance,0.1,1,0.9315,0.91075,0.1885174261034566,0.2602626423076234,0.0132081622093291,0.0291097475708407,1.0,0,14.000000000000002,17
class imbalance,0.1,2,0.9295,0.86375,0.194610682744564,0.4671810589702801,0.0182389548629753,0.0820237118583459,2.0,0,14.000000000000004,17
class imbalance,0.1,3,0.92725,0.881,0.1871013916629474,0.349282677423335,0.0159498984399673,0.0604669741969941,1.0,0,13.999999999999998,17
class imbalance,0.1,4,0.92925,0.90975,0.190516978894099,0.2429371094026316,0.0166581353421574,0.032533999582508,1.0,0,14.000000000000004,17
class imbalance,0.1,5,0.935,0.88225,0.2003635675351091,0.4055159576965027,0.0273839341459263,0.0665337129784437,2.0,0,13.999999999999998,17
class imbalance,0.1,6,0.94,0.8935,0.1745356934424611,0.325946702681947,0.0164895433395773,0.0589893105349736,2.0,1,13.904000000000003,17
class imbalance,0.1,7,0.93525,0.88625,0.171867079004088,0.3210141643142297,0.0166769938413549,0.0489917648361474,2.0,0,14.0,17
class imbalance,0.1,8,0.9255,0.89125,0.1910581296160535,0.2895967050972935,0.0099454798601627,0.0306432336352199,1.0,0,13.999999999999998,17
class imbalance,0.1,9,0.929,0.9015,0.1907303375235743,0.2817986514583033,0.0224922464228149,0.0436941858035497,1.0,0,14.0,17
class imbalance,0.1,10,0.92525,0.86375,0.1880606780962788,0.3885533976301768,0.0129358033111435,0.0640477981719623,2.0,1,14.0,17
class imbalance,0.1,11,0.92525,0.8895,0.2063894958178624,0.3392729980232489,0.0168203627998736,0.0597628241952376,1.0,0,14.000000000000002,17
class imbalance,0.1,12,0.92175,0.90575,0.2162849892645554,0.2572337657521645,0.0240250350979832,0.0250381529360906,4.0,0,14.0,17
class imbalance,0.1,13,0.9205,0.8815,0.2045616544484767,0.3453782716942288,0.0181048284035358,0.0655847937110255,1.0,0,14.0,17
class imbalance,0.1,14,0.9315,0.868,0.1775846921972018,0.4066291016144438,0.0073939200313769,0.0728011400275391,2.0,1,14.0,17
class imbalance,0.05,0,0.9525,0.92625,0.1653640563954078,0.2808260805821764,0.0218574556263513,0.0455368539563086,1.0,0,13.999999999999991,17
class imbalance,0.05,1,0.95375,0.941,0.1384217598999281,0.1887511560345069,0.0109147448960395,0.0194901823399867,2.0,0,14.0,17
class imbalance,0.05,2,0.9645,0.896,0.1102696504296909,0.3731468091131504,0.0078028393872327,0.0653028587542641,2.0,0,14.000000000000002,17
class imbalance,0.05,3,0.9615,0.90775,0.1223549519187337,0.2744479843503354,0.0081620678984582,0.0450269007824147,1.0,0,14.000000000000004,17
class imbalance,0.05,4,0.961,0.933,0.1210980115120054,0.2017044424169083,0.0115938054234297,0.0242274118789568,1.0,0,13.999999999999996,17
class imbalance,0.05,5,0.9555,0.92075,0.1752239841987808,0.2779742963439898,0.024528452530573,0.0363432331039997,4.0,0,14.0,17
class imbalance,0.05,6,0.9545,0.929,0.1550627879461379,0.2453498548491442,0.0181308902336433,0.0396101040178433,4.0,0,13.999999999999998,17
class imbalance,0.05,7,0.961,0.91375,0.1218117270809038,0.2564502402823994,0.0096205289360325,0.0368198655143903,1.0,0,14.000000000000002,17
class imbalance,0.05,8,0.9535,0.93275,0.1303520940362676,0.18116089461223,0.0047163032940699,0.0105649149086458,4.0,0,13.999999999999998,17
class imbalance,0.05,9,0.958,0.94275,0.1366118240649265,0.1771775985509267,0.0148556627847827,0.0179730803017975,2.0,0,14.0,17
class imbalance,0.05,10,0.95475,0.939,0.1487631561166159,0.245201138561722,0.0148977693374332,0.0157890733918495,2.0,0,13.999999999999991,17
class imbalance,0.05,11,0.9485,0.9205,0.1569168272576384,0.2682664586982159,0.017675111518891,0.0503927538978259,2.0,0,14.000000000000004,17
class imbalance,0.05,12,0.96225,0.955,0.1325712604396165,0.1648419438163793,0.0157428664810803,0.0139985242124807,1.0,0,13.999999999999998,17
class imbalance,0.05,13,0.947,0.93275,0.1496382505071036,0.1866552563203987,0.0136476595215886,0.0240711799202329,1.0,0,14.0,17
class imbalance,0.05,14,0.953,0.9025,0.1513362843031771,0.3736617123549261,0.0174865059930562,0.0656971501426449,1.0,0,14.000000000000004,17
class imbalance,0.02,0,0.98,0.98,0.1284901105331633,0.1149391954752186,0.0142265426795222,0.0130558053876911,4.0,0,13.999999999999991,17
class imbalance,0.02,1,0.9785,0.9755,0.1012799565795348,0.1067910821754193,0.0106651941582775,0.009761918854338,0.25,0,13.999999999999998,17
class imbalance,0.02,2,0.97825,0.907,0.1223897295513894,0.5289925964952642,0.0138612368337105,0.0747331678669879,1.0,0,14.000000000000002,17
class imbalance,0.02,3,0.98175,0.96875,0.0793746981251979,0.1246656053405218,0.0116076190506144,0.0179654237214879,1.0,0,14.000000000000009,17
class imbalance,0.02,4,0.98375,0.98175,0.1171884826635356,0.1119160584718645,0.0104165223352162,0.0112119125850194,2.0,0,14.0,17
class imbalance,0.02,5,0.97825,0.977,0.51647379396374,0.5280534109749103,0.0218548688547714,0.0224453764786194,0.25,1,13.999999999999998,17
class imbalance,0.02,6,0.97825,0.96325,0.0921378247215897,0.1278741839736581,0.0110423681386927,0.0179455032410471,1.0,0,14.000000000000002,17
class imbalance,0.02,7,0.98,0.97825,0.1195090956038354,0.1052571497769104,0.0134128631227324,0.0146633839273684,4.0,1,14.0,17
class imbalance,0.02,8,0.97725,0.977,0.2955941056307996,0.3193889139844652,0.01550245871245,0.0168339754470929,0.25,1,14.017135629824576,17
class imbalance,0.02,9,0.9765,0.9515,0.1399281622540886,0.2045005677257693,0.0132235409547722,0.0289741639975999,4.0,0,14.0,17
class imbalance,0.02,10,0.975,0.9645,0.2529167641090343,0.3023650669963274,0.0171407735108993,0.0174272401685283,0.25,0,14.000000000000002,17
class imbalance,0.02,11,0.97625,0.96175,0.1218642112920786,0.1655614217899323,0.0153747208378284,0.024182427444178,0.25,1,14.000033939942258,17
class imbalance,0.02,12,0.98075,0.977,0.1117388299292574,0.1393574202405438,0.0120269926658671,0.0132879875799244,0.25,1,14.0,17
class imbalance,0.02,13,0.975,0.95425,0.1500432746466828,0.2313315383106614,0.0173383030551723,0.0313618970667082,0.5,0,14.0,17
class imbalance,0.02,14,0.96525,0.92775,0.1334965518309361,0.3735811201513584,0.0191502919478586,0.0541754721658553,0.5,0,14.0,17
dependence form,False,0,0.849,0.80775,0.3417988710115104,0.5254514867330988,0.0327095470978428,0.0960890517156765,2.0,0,14.0,17
dependence form,False,1,0.8545,0.7965,0.336101633923161,0.5843096455512911,0.0209380988579312,0.11232228291559,2.0,1,14.000000000000004,17
dependence form,False,2,0.8495,0.7815,0.352105327753521,0.6434216716357901,0.0287796109909169,0.1292778273276161,2.0,1,14.000000000000004,17
dependence form,False,3,0.843,0.761,0.3624454386617477,0.7065411553543088,0.0204862962832742,0.1436922308686484,2.0,0,14.000000000000002,17
dependence form,False,4,0.83575,0.804,0.3736764447564119,0.4899776925081682,0.0344034676348755,0.0866387696264879,2.0,1,13.999999999999996,17
dependence form,False,5,0.856,0.78875,0.3451793061252915,0.7075409156539108,0.0372217936283825,0.1315657195361193,1.0,1,14.0,17
dependence form,False,6,0.855,0.79725,0.3350664507723265,0.6007015054708839,0.026511257993907,0.1091643304497247,2.0,1,14.0,17
dependence form,False,7,0.8515,0.79525,0.3343407190104538,0.5451733944765996,0.0234776133769759,0.1086240536420934,2.0,1,14.000000000000004,17
dependence form,False,8,0.848,0.773,0.3473171295807279,0.6903987101737539,0.0222365932424547,0.1394660154814555,1.0,0,14.0,17
dependence form,False,9,0.851,0.8015,0.3506661900965692,0.5405626084194743,0.0351540788059174,0.1076698956842403,2.0,0,13.999999999999996,17
dependence form,False,10,0.84125,0.764,0.3609724908620494,0.7563696498966913,0.0362795382615402,0.1457795743257144,1.0,0,14.0,17
dependence form,False,11,0.85325,0.76325,0.344649943945714,0.7182753833949519,0.0170996026769182,0.1390680374769355,1.0,0,14.000000000000002,17
dependence form,False,12,0.83625,0.81125,0.3821322525479468,0.5157613274908078,0.0541550244682172,0.0940108446189757,2.0,0,14.0,17
dependence form,False,13,0.85425,0.7795,0.3269215853687207,0.6355586034555978,0.0120770595013881,0.1276571995071978,2.0,0,14.000000000000002,17
dependence form,False,14,0.84325,0.79175,0.3541025178402379,0.5821624587486603,0.0326211196919711,0.1111103659184287,2.0,0,13.999999999999998,17
dependence form,True,0,0.8505,0.8205,0.3385902860448812,0.4927705535766766,0.0302939569228563,0.0777876320283751,1.0,0,14.000000000000004,17
dependence form,True,1,0.8575,0.81575,0.3355103660323641,0.5289860485649285,0.022506748974359,0.0833581270082908,1.0,1,14.000000000000004,17
dependence form,True,2,0.848,0.807,0.3532177807519688,0.5590166428384301,0.0282501128980056,0.0921933826202316,2.0,1,14.000000000000004,17
dependence form,True,3,0.83725,0.7715,0.3727172178221978,0.660293324622889,0.027022219546576,0.1259414777236042,1.0,0,14.000000000000004,17
dependence form,True,4,0.8345,0.81125,0.3745307732442425,0.4677728145634356,0.0331532099739231,0.0711966471520207,2.0,1,13.999999999999996,17
dependence form,True,5,0.85725,0.80725,0.3417977245785979,0.6172290074834688,0.0319996783379631,0.1011304857114966,1.0,1,14.0,17
dependence form,True,6,0.854,0.813,0.337186508576674,0.5525199276594587,0.0279990341850009,0.0875972383316987,1.0,1,14.000000000000004,17
dependence form,True,7,0.849,0.8095,0.3351855761090394,0.4954058288195391,0.0249948932838303,0.0871303133186539,2.0,0,14.000000000000002,17
dependence form,True,8,0.8485,0.79375,0.3459302582913589,0.6201875482047019,0.0228332953583236,0.1104249601812823,1.0,0,14.0,17
dependence form,True,9,0.852,0.819,0.3512896127543178,0.4765662018482213,0.0351866811199984,0.0822629787998655,2.0,0,13.999999999999996,17
dependence form,True,10,0.84475,0.78525,0.3601869523590424,0.6748150787056163,0.0335793941680559,0.1157080599014608,1.0,0,14.0,17
dependence form,True,11,0.85425,0.79275,0.3438802943365768,0.6413416498557419,0.0138800678879095,0.0991853876972137,1.0,0,14.000000000000002,17
dependence form,True,12,0.8345,0.817,0.3839091835996588,0.482495468422855,0.0548836046787111,0.080647950769257,2.0,0,14.0,17
dependence form,True,13,0.85475,0.79975,0.3291604104586596,0.5690028193816314,0.0113699722333911,0.0929934899391486,2.0,1,14.0,17
dependence form,True,14,0.84225,0.80875,0.3563344561165843,0.5504454435354948,0.0316188772037221,0.0882376406983963,2.0,0,13.999999999999998,17
distribution shift,0.0,0,0.849,0.80775,0.3417988710115104,0.5254514867330988,0.0327095470978428,0.0960890517156765,2.0,0,14.0,17
distribution shift,0.0,1,0.8545,0.7965,0.336101633923161,0.5843096455512911,0.0209380988579312,0.11232228291559,2.0,1,14.000000000000004,17
distribution shift,0.0,2,0.8495,0.7815,0.352105327753521,0.6434216716357901,0.0287796109909169,0.1292778273276161,2.0,1,14.000000000000004,17
distribution shift,0.0,3,0.843,0.761,0.3624454386617477,0.7065411553543088,0.0204862962832742,0.1436922308686484,2.0,0,14.000000000000002,17
distribution shift,0.0,4,0.83575,0.804,0.3736764447564119,0.4899776925081682,0.0344034676348755,0.0866387696264879,2.0,1,13.999999999999996,17
distribution shift,0.0,5,0.856,0.78875,0.3451793061252915,0.7075409156539108,0.0372217936283825,0.1315657195361193,1.0,1,14.0,17
distribution shift,0.0,6,0.855,0.79725,0.3350664507723265,0.6007015054708839,0.026511257993907,0.1091643304497247,2.0,1,14.0,17
distribution shift,0.0,7,0.8515,0.79525,0.3343407190104538,0.5451733944765996,0.0234776133769759,0.1086240536420934,2.0,1,14.000000000000004,17
distribution shift,0.0,8,0.848,0.773,0.3473171295807279,0.6903987101737539,0.0222365932424547,0.1394660154814555,1.0,0,14.0,17
distribution shift,0.0,9,0.851,0.8015,0.3506661900965692,0.5405626084194743,0.0351540788059174,0.1076698956842403,2.0,0,13.999999999999996,17
distribution shift,0.0,10,0.84125,0.764,0.3609724908620494,0.7563696498966913,0.0362795382615402,0.1457795743257144,1.0,0,14.0,17
distribution shift,0.0,11,0.85325,0.76325,0.344649943945714,0.7182753833949519,0.0170996026769182,0.1390680374769355,1.0,0,14.000000000000002,17
distribution shift,0.0,12,0.83625,0.81125,0.3821322525479468,0.5157613274908078,0.0541550244682172,0.0940108446189757,2.0,0,14.0,17
distribution shift,0.0,13,0.85425,0.7795,0.3269215853687207,0.6355586034555978,0.0120770595013881,0.1276571995071978,2.0,0,14.000000000000002,17
distribution shift,0.0,14,0.84325,0.79175,0.3541025178402379,0.5821624587486603,0.0326211196919711,0.1111103659184287,2.0,0,13.999999999999998,17
distribution shift,0.25,0,0.8485,0.80125,0.3450254063862882,0.5615053886698385,0.0344209973554306,0.1039368355153268,2.0,0,14.0,17
distribution shift,0.25,1,0.85125,0.78275,0.3431275036230505,0.6378253688430996,0.0258513283716339,0.1251379138754137,2.0,1,14.000000000000004,17
distribution shift,0.25,2,0.84875,0.77475,0.3543973932037561,0.6677758654132492,0.0300821053292676,0.1346494411425851,2.0,1,14.000000000000004,17
distribution shift,0.25,3,0.84075,0.7475,0.3690365077417998,0.7789968869558384,0.0246797195999273,0.1608896774207919,2.0,0,14.000000000000002,17
distribution shift,0.25,4,0.83675,0.78925,0.3727855648027654,0.5144248269024713,0.0345892373690868,0.0983435662968457,2.0,1,13.999999999999996,17
distribution shift,0.25,5,0.854,0.7795,0.3462675707567479,0.7170473753386011,0.0361922279929132,0.1385980450083694,1.0,1,14.0,17
distribution shift,0.25,6,0.856,0.7855,0.3391922377905303,0.684638478970805,0.0307974268079016,0.1250921787105114,2.0,1,14.0,17
distribution shift,0.25,7,0.853,0.7905,0.3335917102239839,0.58809666503661,0.0238572892273196,0.1167995305885929,2.0,1,14.000000000000004,17
distribution shift,0.25,8,0.84575,0.76,0.3591615969491618,0.7498559800187286,0.0284536207141193,0.1517822042290288,1.0,0,14.0,17
distribution shift,0.25,9,0.85275,0.803,0.3477875515705928,0.5382503331205118,0.034001673471162,0.1070962226218941,2.0,0,13.999999999999996,17
distribution shift,0.25,10,0.835,0.754,0.3621247764416745,0.7722078701239876,0.0398216192743491,0.1572493543370413,1.0,0,14.0,17
distribution shift,0.25,11,0.846,0.75875,0.351211296347469,0.7391165866477045,0.0169250032869173,0.142293951055377,1.0,0,14.000000000000002,17
distribution shift,0.25,12,0.83625,0.7975,0.3840124615920257,0.5457710249888815,0.0539834755238152,0.106737172740391,2.0,0,14.0,17
distribution shift,0.25,13,0.85775,0.77925,0.327250388729962,0.6644515898596551,0.0131911675879604,0.1289299396845984,2.0,0,14.000000000000002,17
distribution shift,0.25,14,0.844,0.7875,0.3564055356230272,0.6435679445634497,0.0322020562316469,0.1199287053417657,2.0,0,13.999999999999998,17
distribution shift,0.5,0,0.84675,0.786,0.35010199691421,0.6474816822478746,0.0350786665392142,0.1212790165725821,2.0,0,14.0,17
distribution shift,0.5,1,0.84525,0.754,0.3533509956409843,0.7559196643725422,0.0298226900949417,0.1577197449091908,2.0,1,14.000000000000004,17
distribution shift,0.5,2,0.84725,0.75975,0.3596723606188521,0.7597735973265715,0.0314622283353012,0.1537142647112336,2.0,1,14.000000000000004,17
distribution shift,0.5,3,0.8325,0.72,0.37890324893078,0.9169437575787658,0.032500468542212,0.1935046131616203,2.0,0,14.000000000000002,17
distribution shift,0.5,4,0.833,0.7715,0.3735361793852075,0.5848663974875021,0.0347918516862675,0.1212397851701422,2.0,1,13.999999999999996,17
distribution shift,0.5,5,0.8515,0.75925,0.357672280554699,0.8090253123463479,0.0398572575806139,0.1605886549983194,1.0,1,14.0,17
distribution shift,0.5,6,0.8515,0.761,0.3468709140178426,0.8373104511990821,0.0349602256746838,0.1583219812609011,2.0,1,14.0,17
distribution shift,0.5,7,0.85075,0.77725,0.3355858084400688,0.6883398105237857,0.0254270881357333,0.1323944016015447,2.0,1,14.000000000000004,17
distribution shift,0.5,8,0.83575,0.73725,0.380112161178377,0.8833592246911163,0.0405948643761305,0.1756671691496689,1.0,0,14.0,17
distribution shift,0.5,9,0.854,0.797,0.3470130873564058,0.5860339673473627,0.0354944752879307,0.113755805629987,2.0,0,13.999999999999996,17
distribution shift,0.5,10,0.83425,0.738,0.3723128582993995,0.8636520876850764,0.0410413813608706,0.1780162138844737,1.0,0,14.0,17
distribution shift,0.5,11,0.83175,0.7425,0.367016670502036,0.8371963509256021,0.0285224302748998,0.1647266812605176,1.0,0,14.000000000000002,17
distribution shift,0.5,12,0.8345,0.776,0.3872280050138489,0.6187381115218887,0.0544832602791391,0.1292625333709571,2.0,0,14.0,17
distribution shift,0.5,13,0.8545,0.7695,0.3306070294851156,0.7626440063427531,0.013050387902219,0.1420671850471574,2.0,0,14.000000000000002,17
distribution shift,0.5,14,0.8415,0.76375,0.3617299188974356,0.7703132062661615,0.0317522459273731,0.1442436395946203,2.0,0,13.999999999999998,17
distribution shift,1.0,0,0.842,0.722,0.3659857335459845,0.9663721011086476,0.0392514082942899,0.194835168749948,2.0,0,14.0,17
distribution shift,1.0,1,0.8325,0.694,0.3838968111876273,1.1798661745942631,0.0440532084679536,0.2302673083168869,2.0,1,14.000000000000004,17
distribution shift,1.0,2,0.83925,0.6965,0.3789405767862353,1.123762129734133,0.0408510556888404,0.2320976724833268,2.0,1,14.000000000000004,17
distribution shift,1.0,3,0.81825,0.6525,0.4073531899842603,1.3602571726180668,0.0433004312370004,0.2744720132703867,2.0,0,14.000000000000002,17
distribution shift,1.0,4,0.8335,0.7245,0.3806858877628186,0.8650751313638794,0.039896391754845,0.1852177549882757,2.0,1,13.999999999999996,17
distribution shift,1.0,5,0.83325,0.69925,0.4092800109464201,1.2068903952108223,0.0613213422174011,0.2333063096424359,1.0,1,14.0,17
distribution shift,1.0,6,0.8375,0.70075,0.3754693758761283,1.3522326373656124,0.0445180838837869,0.2355954713564388,2.0,1,14.0,17
distribution shift,1.0,7,0.84725,0.71525,0.349614023673188,1.068882539335284,0.0310125333158176,0.2026098678375691,2.0,1,14.000000000000004,17
distribution shift,1.0,8,0.797,0.6645,0.4474935415866954,1.3506550486947144,0.0745504875665181,0.2628254228585036,1.0,0,14.0,17
distribution shift,1.0,9,0.84825,0.754,0.3517308151616867,0.8277317414857359,0.0396143705730277,0.1627060574339005,2.0,0,13.999999999999996,17
distribution shift,1.0,10,0.8185,0.67725,0.4149365506481615,1.2321189097461576,0.0596938894180091,0.2497785145271314,1.0,0,14.0,17
distribution shift,1.0,11,0.802,0.67325,0.4241900902524987,1.237902715890436,0.063715423667928,0.2523132640801365,1.0,0,14.000000000000002,17
distribution shift,1.0,12,0.83275,0.714,0.3970488695629123,0.874561137652155,0.0532293576785255,0.1977881279165415,2.0,0,14.0,17
distribution shift,1.0,13,0.84525,0.706,0.3469917262894993,1.1656250304701126,0.0259605707762997,0.2165437536260677,2.0,0,14.000000000000002,17
distribution shift,1.0,14,0.8315,0.70025,0.3830315721595883,1.2306013376195424,0.0413398315615714,0.2239605578296312,2.0,0,13.999999999999998,17
distribution shift,1.5,0,0.8325,0.653,0.3898064049283308,1.4676681619748069,0.0498859398537697,0.2798430842834182,2.0,0,14.0,17
distribution shift,1.5,1,0.818,0.6135,0.4287371472512631,1.8314886419001144,0.0593293299500946,0.3298284092698345,2.0,1,14.000000000000004,17
distribution shift,1.5,2,0.8255,0.62725,0.4094323026412079,1.677987996025884,0.0551832075552803,0.3155483906011724,2.0,1,14.000000000000004,17
distribution shift,1.5,3,0.80175,0.58625,0.4456068888066387,1.9710664330253256,0.0596510632650839,0.3661103001953292,2.0,0,14.000000000000002,17
distribution shift,1.5,4,0.82475,0.6575,0.3966117633835313,1.323731308013001,0.0465582697995765,0.2699308198330595,2.0,1,13.999999999999996,17
distribution shift,1.5,5,0.797,0.62625,0.4956777374303363,1.827593363273184,0.0928391613093881,0.3183805067096716,1.0,1,14.0,17
distribution shift,1.5,6,0.81925,0.62675,0.4263623972287553,2.138219240970722,0.0641817121989122,0.3226918058497771,2.0,1,14.0,17
distribution shift,1.5,7,0.83875,0.64,0.3802364296694428,1.6913852442125794,0.0415585997225831,0.2960439644690438,2.0,1,14.000000000000004,17
distribution shift,1.5,8,0.762,0.58975,0.545544417327943,2.030380717487313,0.1130634277735175,0.3578209055582789,1.0,0,14.0,17
distribution shift,1.5,9,0.8425,0.68525,0.3647166971915794,1.249164214941699,0.0452465222958626,0.2463014005521234,2.0,0,13.999999999999996,17
distribution shift,1.5,10,0.79325,0.60125,0.4794157207233494,1.775111529912759,0.0869555063243657,0.3422242207421494,1.0,0,14.0,17
distribution shift,1.5,11,0.764,0.6045,0.5116754588131767,1.8508203851124052,0.107910152305648,0.3398178313995182,1.0,0,14.000000000000002,17
distribution shift,1.5,12,0.82625,0.647,0.4104019908151581,1.242869252305297,0.0588141663033355,0.2771846380064166,2.0,0,14.0,17
distribution shift,1.5,13,0.82875,0.6355,0.377212754837429,1.82555806520208,0.0428995958401034,0.3065859705848199,2.0,0,14.000000000000002,17
distribution shift,1.5,14,0.82025,0.62875,0.4212925509690793,1.9631207211526116,0.0573095678252259,0.3160683347516114,2.0,0,13.999999999999998,17
block informativeness,0.1,0,0.83775,0.8365,0.3566820599075649,0.3683446193016881,0.0231704110329084,0.0277447139251628,0.5,0,14.0,17
block informativeness,0.1,1,0.841,0.83,0.3599002485307241,0.3817364262730192,0.0125948019037223,0.0240556597137023,0.5,0,14.0,17
block informativeness,0.1,2,0.83775,0.81025,0.3758960334541329,0.4394323033961784,0.0310585250454033,0.0534855400809638,1.0,1,14.0,17
block informativeness,0.1,3,0.829,0.8075,0.3846463534116943,0.4338338112672182,0.0198646818042285,0.0412455621176707,1.0,0,14.000000000000004,17
block informativeness,0.1,4,0.82175,0.82475,0.4009754003880029,0.3881904895425199,0.0421374326844163,0.0230437308152629,4.0,1,14.0,17
block informativeness,0.1,5,0.848,0.8115,0.35811078977444,0.4465268358695111,0.0286468835298145,0.0594825995498968,1.0,1,14.0,17
block informativeness,0.1,6,0.8425,0.82375,0.3583199128091316,0.3979164088941133,0.018619354434819,0.0380274525912443,0.5,1,14.0,17
block informativeness,0.1,7,0.83875,0.8355,0.3590585609271158,0.3675670535500006,0.0290497645802504,0.0198619263332284,2.0,1,14.000000000000004,17
block informativeness,0.1,8,0.84,0.807,0.3660154562663314,0.432820625454789,0.0214225387553059,0.0453007793181886,1.0,0,14.0,17
block informativeness,0.1,9,0.844,0.8355,0.3735179363335921,0.3754050446779014,0.0386257835294619,0.0315454967511974,2.0,0,13.999999999999996,17
block informativeness,0.1,10,0.83075,0.79,0.3779730397545984,0.4846691090319868,0.0275946906911392,0.0709514292484237,1.0,0,14.0,17
block informativeness,0.1,11,0.83575,0.8035,0.3603749129855621,0.4424864994502941,0.0104777264925241,0.0321425187441422,1.0,0,14.000000000000002,17
block informativeness,0.1,12,0.82675,0.82,0.3987060150584084,0.4048531477206382,0.0548898709131239,0.0497585378371815,1.0,0,14.000000000000002,17
block informativeness,0.1,13,0.83975,0.81075,0.3533669793051007,0.420502540275233,0.0214142970417827,0.0370505870504871,4.0,1,14.0,17
block informativeness,0.1,14,0.8275,0.82325,0.3796435028986947,0.3974236707829864,0.0401176333101165,0.0305745863224698,2.0,0,13.999999999999998,17
block informativeness,0.35,0,0.849,0.80775,0.3417988710115104,0.5254514867330988,0.0327095470978428,0.0960890517156765,2.0,0,14.0,17
block informativeness,0.35,1,0.8545,0.7965,0.336101633923161,0.5843096455512911,0.0209380988579312,0.11232228291559,2.0,1,14.000000000000004,17
block informativeness,0.35,2,0.8495,0.7815,0.352105327753521,0.6434216716357901,0.0287796109909169,0.1292778273276161,2.0,1,14.000000000000004,17
block informativeness,0.35,3,0.843,0.761,0.3624454386617477,0.7065411553543088,0.0204862962832742,0.1436922308686484,2.0,0,14.000000000000002,17
block informativeness,0.35,4,0.83575,0.804,0.3736764447564119,0.4899776925081682,0.0344034676348755,0.0866387696264879,2.0,1,13.999999999999996,17
block informativeness,0.35,5,0.856,0.78875,0.3451793061252915,0.7075409156539108,0.0372217936283825,0.1315657195361193,1.0,1,14.0,17
block informativeness,0.35,6,0.855,0.79725,0.3350664507723265,0.6007015054708839,0.026511257993907,0.1091643304497247,2.0,1,14.0,17
block informativeness,0.35,7,0.8515,0.79525,0.3343407190104538,0.5451733944765996,0.0234776133769759,0.1086240536420934,2.0,1,14.000000000000004,17
block informativeness,0.35,8,0.848,0.773,0.3473171295807279,0.6903987101737539,0.0222365932424547,0.1394660154814555,1.0,0,14.0,17
block informativeness,0.35,9,0.851,0.8015,0.3506661900965692,0.5405626084194743,0.0351540788059174,0.1076698956842403,2.0,0,13.999999999999996,17
block informativeness,0.35,10,0.84125,0.764,0.3609724908620494,0.7563696498966913,0.0362795382615402,0.1457795743257144,1.0,0,14.0,17
block informativeness,0.35,11,0.85325,0.76325,0.344649943945714,0.7182753833949519,0.0170996026769182,0.1390680374769355,1.0,0,14.000000000000002,17
block informativeness,0.35,12,0.83625,0.81125,0.3821322525479468,0.5157613274908078,0.0541550244682172,0.0940108446189757,2.0,0,14.0,17
block informativeness,0.35,13,0.85425,0.7795,0.3269215853687207,0.6355586034555978,0.0120770595013881,0.1276571995071978,2.0,0,14.000000000000002,17
block informativeness,0.35,14,0.84325,0.79175,0.3541025178402379,0.5821624587486603,0.0326211196919711,0.1111103659184287,2.0,0,13.999999999999998,17
block informativeness,0.7,0,0.8835,0.83775,0.2749379785058545,0.6550502372152127,0.0291591431008468,0.1149659952345429,1.0,1,13.999999999999996,17
block informativeness,0.7,1,0.889,0.83275,0.265372306064654,0.7337280756466416,0.0154611956070125,0.121957479848548,2.0,1,14.000000000000004,17
block informativeness,0.7,2,0.88125,0.82625,0.2818147709609986,0.7326189352771428,0.0179459618521315,0.1252260509732702,2.0,1,14.000000000000004,17
block informativeness,0.7,3,0.87525,0.81475,0.2948981375518373,0.8559356376440257,0.0195205218414566,0.1385917012764284,2.0,0,14.000000000000002,17
block informativeness,0.7,4,0.87075,0.82925,0.3020215004138035,0.5948862162672905,0.0199541351109226,0.1135812635149733,2.0,1,13.999999999999996,17
block informativeness,0.7,5,0.8915,0.829,0.2705950219201847,0.8307979440056448,0.0233284956708861,0.1287381535780704,2.0,1,14.0,17
block informativeness,0.7,6,0.88325,0.8325,0.2729809817491361,0.731567086030243,0.019385701707565,0.1206256779971259,2.0,1,14.0,17
block informativeness,0.7,7,0.882,0.83125,0.2672440473801725,0.6966878559112915,0.0197725171882777,0.1221528287112194,2.0,1,14.000000000000004,17
block informativeness,0.7,8,0.88175,0.8175,0.286657810095625,0.8153197405627572,0.0289266883566742,0.1370912262061074,1.0,0,14.0,17
block informativeness,0.7,9,0.88,0.835,0.285109956065645,0.6615339376359126,0.0266834516124832,0.1155610180465876,2.0,0,13.999999999999996,17
block informativeness,0.7,10,0.87875,0.8175,0.2849746073740969,0.8954905404961414,0.0193259583749248,0.1365661369186777,2.0,1,14.0,17
block informativeness,0.7,11,0.8875,0.81625,0.2927463337085597,0.8685522230745896,0.0202838541383394,0.1361177466508173,1.0,0,14.000000000000002,17
block informativeness,0.7,12,0.868,0.84125,0.3133642888789564,0.5886582158365213,0.0403084818285626,0.1053075367583208,2.0,0,14.0,17
block informativeness,0.7,13,0.8945,0.82025,0.2626073888415031,0.7380380092542769,0.0149378343746003,0.1303473729501887,2.0,0,14.000000000000002,17
block informativeness,0.7,14,0.8835,0.8285,0.282761008762151,0.7285171212638443,0.0225315696969755,0.1234053823042066,2.0,0,13.999999999999998,17
block informativeness,1.2,0,0.94025,0.914,0.1652335474211416,0.4959842494383222,0.0169681353695465,0.0677137649667569,1.0,0,14.000000000000004,17
block informativeness,1.2,1,0.941,0.9115,0.1487575447135259,0.5545095300677685,0.0069171808792927,0.074444027178351,2.0,0,13.999999999999996,17
block informativeness,1.2,2,0.9365,0.914,0.1634933301866016,0.5150104947356099,0.0194776629900197,0.0685157644886687,1.0,0,14.0,17
block informativeness,1.2,3,0.92625,0.90225,0.1941144903940345,0.616809069574088,0.0299305797647764,0.0805808468035091,1.0,0,14.000000000000004,17
block informativeness,1.2,4,0.94125,0.9115,0.1529820578735815,0.4217230555647776,0.0107983481322525,0.0683677476041322,1.0,1,13.999999999999996,17
block informativeness,1.2,5,0.93975,0.90625,0.1562250617418667,0.5782874661704207,0.014509755372122,0.0769258435782382,2.0,1,14.0,17
block informativeness,1.2,6,0.937,0.91125,0.1621458539023396,0.5324729969169553,0.0086395882572979,0.0712498746954022,2.0,0,13.999999999999996,17
block informativeness,1.2,7,0.937,0.90525,0.1519361985898023,0.5196622621887187,0.0043248713458979,0.0767379214267515,2.0,1,14.000000000000004,17
block informativeness,1.2,8,0.936,0.907,0.1680321776203674,0.5696929418096215,0.0229436730661459,0.0767545287500291,1.0,0,14.0,17
block informativeness,1.2,9,0.931,0.9125,0.1663593457925614,0.4756168492671457,0.0130985704653363,0.0698463426462449,2.0,0,13.999999999999996,17
block informativeness,1.2,10,0.93525,0.899,0.1685664634792843,0.6662256695586373,0.0084313086213554,0.0833846283794053,2.0,1,14.0,17
block informativeness,1.2,11,0.93375,0.89975,0.1897641416710096,0.6620109072790297,0.0233555988483966,0.0825247631887185,1.0,0,14.000000000000002,17
block informativeness,1.2,12,0.94,0.92275,0.1593047551298212,0.4182038184195132,0.0156264164610587,0.0605452946185371,1.0,0,14.000000000000002,17
block informativeness,1.2,13,0.936,0.9085,0.1543670886815712,0.5120961435403413,0.0074065133986054,0.072008143089028,2.0,0,14.000000000000002,17
block informativeness,1.2,14,0.9395,0.91125,0.1604666317557513,0.5359743656708948,0.0094343631899649,0.0715130265007321,2.0,1,14.0,17
block informativeness,2.0,0,0.98375,0.981,0.0593183492568933,0.1396002325993691,0.0096093989937945,0.0159712403207837,0.5,0,14.0,17
block informativeness,2.0,1,0.9865,0.97975,0.0350549880648578,0.1354911321390849,0.003132850702243,0.0166974808401601,2.0,0,13.999999999999996,17
block informativeness,2.0,2,0.98375,0.98225,0.038655063485283,0.1341375578472113,0.0048079146461039,0.0154932333780853,2.0,0,14.0,17
block informativeness,2.0,3,0.98525,0.98025,0.0453740045544019,0.1555924551661601,0.0072629145950202,0.0179306161213576,1.0,0,14.000000000000004,17
block informativeness,2.0,4,0.98925,0.98525,0.0297666782846206,0.0848576937320244,0.0031570760394952,0.0110320888412478,1.0,0,14.000000000000004,17
block informativeness,2.0,5,0.98625,0.9815,0.0389141891705448,0.1457046132633456,0.0046647965799937,0.016071122357938,2.0,1,14.0,17
block informativeness,2.0,6,0.98525,0.98,0.0438012848795239,0.1474674380868633,0.0069765758120931,0.0174651067763014,1.0,0,13.999999999999996,17
block informativeness,2.0,7,0.9875,0.98175,0.0349030385821718,0.1105536033119223,0.0022945551465428,0.0148415276087474,2.0,0,14.000000000000002,17
block informativeness,2.0,8,0.9885,0.982,0.0337477598029153,0.1576826747707274,0.003933517318765,0.0159944392559544,2.0,0,13.999999999999998,17
block informativeness,2.0,9,0.985,0.983,0.037856646909824,0.1187618863286084,0.0039618152539953,0.0138957937842598,2.0,0,13.999999999999996,17
block informativeness,2.0,10,0.9825,0.977,0.0453746759064342,0.2014854279466421,0.0032946057666337,0.0204560687195866,2.0,0,14.000000000000002,17
block informativeness,2.0,11,0.98375,0.97475,0.0490554356978619,0.2201017173717187,0.0076483358262197,0.0233774150343403,2.0,1,14.0,17
block informativeness,2.0,12,0.98725,0.984,0.0360693329681151,0.1090935518803464,0.0043129032304171,0.0127571919961823,1.0,0,14.000000000000002,17
block informativeness,2.0,13,0.98575,0.98025,0.0382431215407947,0.124569217289153,0.0038412404461753,0.0159477789582216,2.0,1,14.0,17
block informativeness,2.0,14,0.988,0.979,0.0393485987128689,0.1517338107725494,0.0044451875605214,0.0185402424010437,2.0,1,14.0,17
independent signal,1.0,0,0.849,0.80775,0.3417988710115104,0.5254514867330988,0.0327095470978428,0.0960890517156765,2.0,0,14.0,17
independent signal,1.0,1,0.8545,0.7965,0.336101633923161,0.5843096455512911,0.0209380988579312,0.11232228291559,2.0,1,14.000000000000004,17
independent signal,1.0,2,0.8495,0.7815,0.352105327753521,0.6434216716357901,0.0287796109909169,0.1292778273276161,2.0,1,14.000000000000004,17
independent signal,1.0,3,0.843,0.761,0.3624454386617477,0.7065411553543088,0.0204862962832742,0.1436922308686484,2.0,0,14.000000000000002,17
independent signal,1.0,4,0.83575,0.804,0.3736764447564119,0.4899776925081682,0.0344034676348755,0.0866387696264879,2.0,1,13.999999999999996,17
independent signal,1.0,5,0.856,0.78875,0.3451793061252915,0.7075409156539108,0.0372217936283825,0.1315657195361193,1.0,1,14.0,17
independent signal,1.0,6,0.855,0.79725,0.3350664507723265,0.6007015054708839,0.026511257993907,0.1091643304497247,2.0,1,14.0,17
independent signal,1.0,7,0.8515,0.79525,0.3343407190104538,0.5451733944765996,0.0234776133769759,0.1086240536420934,2.0,1,14.000000000000004,17
independent signal,1.0,8,0.848,0.773,0.3473171295807279,0.6903987101737539,0.0222365932424547,0.1394660154814555,1.0,0,14.0,17
independent signal,1.0,9,0.851,0.8015,0.3506661900965692,0.5405626084194743,0.0351540788059174,0.1076698956842403,2.0,0,13.999999999999996,17
independent signal,1.0,10,0.84125,0.764,0.3609724908620494,0.7563696498966913,0.0362795382615402,0.1457795743257144,1.0,0,14.0,17
independent signal,1.0,11,0.85325,0.76325,0.344649943945714,0.7182753833949519,0.0170996026769182,0.1390680374769355,1.0,0,14.000000000000002,17
independent signal,1.0,12,0.83625,0.81125,0.3821322525479468,0.5157613274908078,0.0541550244682172,0.0940108446189757,2.0,0,14.0,17
independent signal,1.0,13,0.85425,0.7795,0.3269215853687207,0.6355586034555978,0.0120770595013881,0.1276571995071978,2.0,0,14.000000000000002,17
independent signal,1.0,14,0.84325,0.79175,0.3541025178402379,0.5821624587486603,0.0326211196919711,0.1111103659184287,2.0,0,13.999999999999998,17
independent signal,0.5,0,0.72025,0.69125,0.5565306421157229,0.8187697308297067,0.0395879646993646,0.1733118722737127,2.0,0,14.0,17
independent signal,0.5,1,0.72625,0.691,0.5492170321545973,0.8893520894479373,0.0438573199655873,0.1843529566193736,1.0,0,13.999999999999996,17
independent signal,0.5,2,0.712,0.683,0.5656670098994662,0.9575184373845312,0.0462561617744504,0.2040936596946567,2.0,1,14.000000000000004,17
independent signal,0.5,3,0.70725,0.667,0.5692956532751521,1.0061801451528232,0.0288819861720366,0.213627422246536,2.0,0,14.000000000000002,17
independent signal,0.5,4,0.6895,0.67625,0.6013079454766085,0.7712223882499963,0.0581949511935545,0.1706404288852506,2.0,1,13.999999999999996,17
independent signal,0.5,5,0.726,0.67775,0.5657590273837975,1.0517060143441384,0.0751281008723161,0.2183778555799112,1.0,1,14.0,17
independent signal,0.5,6,0.7285,0.6855,0.5491435396177548,0.9062758951807428,0.0472135467520882,0.19144349009652,1.0,1,14.000000000000004,17
independent signal,0.5,7,0.7265,0.68725,0.5459624851639789,0.8380191887295183,0.0368792797094133,0.179983621362728,1.0,0,14.000000000000004,17
independent signal,0.5,8,0.71325,0.675,0.5666558987370641,1.0060176621741328,0.0582825370191196,0.21490558097888,1.0,0,14.0,17
independent signal,0.5,9,0.71675,0.69175,0.5698790202211019,0.8367375825372553,0.0475574835890244,0.1785159299692046,4.0,0,13.999999999999996,17
independent signal,0.5,10,0.69175,0.6645,0.6499494409271226,1.0989646245529503,0.1145361833772458,0.2241398731187791,0.5,0,14.0,17
independent signal,0.5,11,0.7105,0.6705,0.5645421401699252,1.027665028763768,0.0441054894701711,0.210112559818869,1.0,0,14.000000000000002,17
independent signal,0.5,12,0.697,0.683,0.6025495422485473,0.822687316714843,0.0764896640890737,0.1867759433215066,2.0,0,14.0,17
independent signal,0.5,13,0.7225,0.6785,0.5536971477971393,0.9485504616175384,0.0349516322244727,0.2018767854933514,1.0,0,14.0,17
independent signal,0.5,14,0.71025,0.68675,0.5702610561646949,0.881719439292594,0.0427633120152877,0.1807530908870229,2.0,0,13.999999999999998,17
independent signal,0.25,0,0.645,0.65225,0.6344542208034594,0.9204287249213924,0.0365895824915666,0.2027106199208119,2.0,0,14.0,17
independent signal,0.25,1,0.65925,0.65825,0.6244677444690933,0.9913706748683316,0.0292592048166126,0.2116189696326533,2.0,1,14.000000000000004,17
independent signal,0.25,2,0.65825,0.65,0.643969143878377,1.056426054425358,0.0787478131162801,0.2268284376652617,1.0,1,14.0,17
independent signal,0.25,3,0.63875,0.63375,0.6541731702402256,1.091315345916143,0.0858231825665355,0.2413239745243422,1.0,0,14.000000000000004,17
independent signal,0.25,4,0.60575,0.6335,0.6781736782254291,0.8590132446842066,0.0733607019765148,0.2000584141457365,2.0,1,13.999999999999996,17
independent signal,0.25,5,0.65425,0.65,0.6484818535761598,1.1668721381961582,0.1041542211231115,0.2427037154825621,1.0,0,14.000000000000002,17
independent signal,0.25,6,0.66025,0.6535,0.6194413594459467,1.007220629716647,0.0336724209852494,0.2172802195305081,2.0,1,14.0,17
independent signal,0.25,7,0.6605,0.655,0.6266378033996165,0.9350983910485428,0.0516855675152766,0.2034501790773051,1.0,0,14.000000000000004,17
independent signal,0.25,8,0.64975,0.64875,0.7741482497783877,1.101297126968063,0.1652280731348985,0.2343587094636709,0.25,0,13.999999999999998,17
independent signal,0.25,9,0.66525,0.651,0.6533476410543348,0.9364097516884274,0.0919513226306067,0.2082786108059187,0.5,0,14.0,17
independent signal,0.25,10,0.63875,0.634,0.6737183323979147,1.2065606836677063,0.095815401598325,0.2508420849013473,1.0,1,14.000000000000004,17
independent signal,0.25,11,0.65325,0.6435,0.7015310048188352,1.1214330973749616,0.117191573847187,0.2319236025087712,0.5,0,14.000000000000004,17
independent signal,0.25,12,0.63925,0.63725,0.668969621244168,0.9262750983954474,0.1072575615343974,0.2159435905542998,0.5,0,14.0,17
independent signal,0.25,13,0.6575,0.645,0.6377941702897726,1.0487575748878843,0.0613604881204648,0.2286219462968358,1.0,0,14.0,17
independent signal,0.25,14,0.64925,0.6505,0.6460590869861135,0.9794805497305614,0.0677687041436486,0.2130508734833213,1.0,0,14.000000000000004,17
independent signal,0.0,0,0.6225,0.637,0.6610560659859231,0.9615167192445092,0.0587157219448911,0.214125741116234,1.0,0,14.000000000000004,17
independent signal,0.0,1,0.64475,0.642,0.7599030151272138,1.032638906358741,0.1483717246119776,0.2243074578164512,0.25,0,13.999999999999998,17
independent signal,0.0,2,0.6365,0.641,0.7154013663829148,1.0910897774008204,0.1274742063260984,0.2327460735036599,0.5,0,14.0,17
independent signal,0.0,3,0.628,0.62875,0.7259860656285794,1.1095970895993068,0.1441445715820967,0.2451733989035565,0.5,0,14.000000000000002,17
independent signal,0.0,4,0.62525,0.62525,0.8844401613196872,0.8844401613202392,0.2060151622323657,0.2060151622325101,0.0,0,17.0,17
independent signal,0.0,5,0.62,0.6365,0.6554943132911334,1.2170319634892797,0.0557912159279218,0.2521501827494445,2.0,0,14.000000000000002,17
independent signal,0.0,6,0.64025,0.64175,0.692870161610653,1.0458117576992076,0.1137828952590281,0.2267519883762869,0.5,0,13.999999999999998,17
independent signal,0.0,7,0.63925,0.6425,0.6880730798095515,0.9708412830453412,0.1055499204916734,0.2137755697110447,0.5,1,14.000000000000004,17
independent signal,0.0,8,0.6325,0.63775,0.6713679487354755,1.1313710671569062,0.0871248527999775,0.2461549407517048,1.0,0,14.0,17
independent signal,0.0,9,0.63175,0.63175,0.9738585572863564,0.9738585572870224,0.2216003867935294,0.2216003867936539,0.0,0,17.0,17
independent signal,0.0,10,0.6145,0.62925,0.7085440288913074,1.2456641328722229,0.1090255549085037,0.2558006403029068,1.0,0,14.0,17
independent signal,0.0,11,0.63325,0.635,0.8118603118978097,1.1532273695668491,0.1689707749316908,0.239381839367393,0.25,0,14.0,17
independent signal,0.0,12,0.62875,0.62875,0.9643863940663568,0.9643863940669668,0.218592641524805,0.2185926415249265,0.0,0,17.0,17
independent signal,0.0,13,0.61725,0.634,0.6745281816738016,1.0846840826855175,0.0860816512039903,0.2427695374452174,1.0,1,13.999999999999996,17
independent signal,0.0,14,0.62875,0.63,0.7069318974956598,1.014666448418643,0.1201075709394843,0.2247259622996653,0.5,0,14.000000000000004,17
