n,rep,err_l2,err_max,w_tilde_1,d_eff
50,0,0.31397694451680075,0.15264421712400872,0.2032289303179186,5.000000000000001
50,1,0.17271052710073476,0.117935744895869,0.21510005936838988,5.999999999999999
50,2,0.3053284503418916,0.1376542205358181,0.16879037926635418,4.999999999999997
50,3,0.24178904963794562,0.15431426394461922,0.2951279440758741,6.000000000000003
50,4,0.6458181090884502,0.29290525131448386,0.24679316080179178,8.000000000000002
50,5,0.2217843072190202,0.09131870960508442,0.247643866708337,5.999999999999999
50,6,0.16730844351539204,0.09767562649035971,0.17347325381220904,5.9999999999999964
50,7,0.31672702045289913,0.13703958962625795,0.18928103159100798,5.000000000000005
50,8,0.7086533847442641,0.4691267377526921,0.4219987438802845,8.000000000000004
50,9,0.15879120450806167,0.07861436195190352,0.18121849914380928,5.999999999999999
50,10,0.17028128618246405,0.12295936495549331,0.17908162419412282,5.999999999999993
50,11,0.1449366675116722,0.06979238758185724,0.21459396922156174,5.999999999999999
50,12,0.35062605537093794,0.230444915527092,0.2482114273750621,6.999999999999995
50,13,0.12811709863675164,0.08040380546498549,0.2189626647090567,5.999999999999997
50,14,0.16248258859540682,0.07809812455319154,0.1932122256962854,6.000000000000001
50,15,0.34303133031306654,0.1737339464242107,0.3007567905526076,7.0
50,16,0.15151402072128764,0.08961858449713889,0.17695486733678611,5.999999999999998
50,17,0.3857432304657806,0.2336303972436119,0.30160213814872977,7.000000000000001
50,18,0.3467870401868671,0.16322655823302312,0.22785311536553773,7.000000000000003
50,19,0.3856922132650029,0.2617656553211306,0.23018921901229145,6.999999999999998
50,20,0.29662949249769954,0.1080343871646034,0.18948796312585287,5.000000000000003
50,21,0.17000781352136615,0.0833940060660967,0.19767083102211827,6.000000000000007
50,22,0.3270197396029191,0.13378028134750897,0.23284288103385545,7.000000000000002
50,23,0.18845550712164283,0.11320630038026336,0.21109089024148053,5.999999999999998
50,24,0.36423784647353447,0.20093767256805684,0.22560269442562014,6.999999999999996
50,25,0.4396946614658236,0.28155727867247626,0.331645361878544,7.000000000000002
50,26,0.40537725007523046,0.2363999221235561,0.23473080351384926,7.000000000000005
50,27,0.14635198419978826,0.07707665594608548,0.18009187174000976,6.0
50,28,0.3427925788653844,0.20389945191733205,0.29146462542924617,7.000000000000002
50,29,0.1671346771883042,0.11834386219648618,0.18886966912995798,5.999999999999998
100,0,0.0701701722215039,0.04741530901125818,0.19042586974979145,6.000000000000003
100,1,0.13489398661035756,0.07286687212604237,0.20101309141168627,6.0000000000000036
100,2,0.09174587927021054,0.04558629136981607,0.17637674071372883,5.999999999999998
100,3,0.17857904527269963,0.10653546583382001,0.2337763793178972,5.999999999999994
100,4,0.0884382399892324,0.04715580375376677,0.2008973546166975,5.999999999999995
100,5,0.09819807049479817,0.06220799663722387,0.19693047640475184,5.999999999999997
100,6,0.10943343368177386,0.08670138587293186,0.18555768727762387,5.999999999999998
100,7,0.08526613223767131,0.0514698514436015,0.19481950371707688,6.000000000000005
100,8,0.10644766532518025,0.05330538735197099,0.1723591012230411,6.000000000000002
100,9,0.09742302536534299,0.05009388688007088,0.218016236490427,6.0
100,10,0.29974323222233473,0.12453713541509343,0.166701475005302,5.000000000000001
100,11,0.3544151831103436,0.1856975355736964,0.21456840541562286,7.0
100,12,0.11021503673340545,0.06582597129496426,0.21574629364871095,6.000000000000001
100,13,0.1201162871793445,0.06244082395524697,0.21039650095603332,5.999999999999999
100,14,0.32434262166551464,0.1510052919359055,0.2434311257150389,7.0
100,15,0.17602379189479447,0.1448827183496474,0.20206382326271788,5.999999999999998
100,16,0.07203697084510642,0.03794554699080077,0.212264650682043,5.9999999999999964
100,17,0.12692883611603747,0.07058386101555636,0.21667615989454853,5.999999999999997
100,18,0.24722158146871295,0.17758191818009383,0.21988117918690808,6.000000000000005
100,19,0.11335639453017425,0.06993810360420583,0.1933281889716906,5.999999999999998
100,20,0.31283649849477013,0.14381452796592098,0.24222647937573022,6.999999999999998
100,21,0.10686071010013215,0.061464167640386314,0.2255501958878456,5.999999999999999
100,22,0.3277459531098239,0.1978470415717658,0.24456011206310269,7.000000000000002
100,23,0.07592529987568311,0.04880891798064246,0.21184710875473872,6.0
100,24,0.346480176798184,0.19185910925796223,0.2651144714535241,7.000000000000001
100,25,0.14074044302338512,0.08661448338848965,0.2139455843150889,6.000000000000003
100,26,0.1301955026237538,0.08159334747096325,0.22679926843692927,6.0
100,27,0.32215298692889843,0.1468074291883551,0.24964943796633632,6.9999999999999964
100,28,0.09287021039904288,0.053632443151448106,0.20148451709807555,6.000000000000001
100,29,0.06899792480565979,0.042935159124838806,0.22193500038790853,6.000000000000002
200,0,0.10195500229906813,0.06121516713584063,0.22731139722287302,6.000000000000004
200,1,0.31673558128666035,0.14824914814271806,0.239821179476634,7.000000000000001
200,2,0.3208252052743274,0.18050797119192263,0.23028107998368166,7.000000000000009
200,3,0.0713710617683964,0.03736430228127963,0.21637162550811187,5.999999999999998
200,4,0.10984627990646664,0.04833821330916449,0.18137026967391753,5.999999999999993
200,5,0.09909810194004033,0.06404936710984344,0.19414255135167918,5.9999999999999964
200,6,0.06833888884517783,0.03917914167781289,0.2184377928306595,6.0
200,7,0.06985432877111233,0.03924007231971566,0.19812794520905433,6.000000000000006
200,8,0.1106362256267945,0.05035512037183071,0.22372200226594618,6.000000000000001
200,9,0.11750621666783355,0.06769761338260183,0.20243552587907104,6.000000000000002
200,10,0.06037544350235004,0.03789271809624667,0.20743582279642647,5.999999999999998
200,11,0.09758524705302588,0.04059944495740725,0.22084280658386665,6.000000000000003
200,12,0.08810280906961589,0.05841420511127593,0.20722405109777,5.999999999999996
200,13,0.11018346120316837,0.06643477613315685,0.20933035795070332,6.000000000000002
200,14,0.09137174053869555,0.05172051544015849,0.1930644538537396,6.000000000000002
200,15,0.07679920490801762,0.035557947865914596,0.19465776883404834,5.999999999999999
200,16,0.1144702868075388,0.07587345058234929,0.22937073964493682,6.000000000000003
200,17,0.1105540921323921,0.06015222303385093,0.20207356232570686,5.9999999999999964
200,18,0.06454596415685711,0.03133856263666879,0.2082823346071772,6.000000000000006
200,19,0.08231536528226369,0.04668303143849828,0.19455663768369819,6.000000000000004
200,20,0.08307676200280398,0.05781404139718804,0.21454719438940129,6.000000000000002
200,21,0.29564879091867385,0.11507024781038949,0.18340154132714567,5.0000000000000036
200,22,0.0734018106211816,0.04529122141178932,0.1959231132937141,6.000000000000006
200,23,0.10572024390921556,0.06721797402156893,0.21779848686908546,6.000000000000003
200,24,0.30361501690135806,0.14895537977911166,0.23794860016916056,6.999999999999995
200,25,0.3146149257390557,0.15796459116231842,0.24816113997480824,6.999999999999998
200,26,0.2903213388418537,0.10154330765169173,0.17233144867529787,5.000000000000002
200,27,0.3171959223330201,0.17688947378184017,0.23395202312364966,7.0
200,28,0.10581001564942252,0.07160487515033331,0.20968845818906037,6.000000000000004
200,29,0.10590368692187256,0.06798490204862062,0.1906634370061255,5.999999999999997
400,0,0.04952114101420708,0.02879967559264729,0.2000181402686589,5.999999999999999
400,1,0.08142453639438826,0.04576548454880619,0.20736851156108133,5.999999999999999
400,2,0.061050429597552816,0.04225575924613434,0.2031253716776205,6.0
400,3,0.04133929873006094,0.026468877149016024,0.20505514493792484,6.0
400,4,0.05219384442689827,0.026853415557344884,0.22235118582754126,6.000000000000005
400,5,0.30704987397478056,0.13187567096146657,0.2278316147001848,7.0
400,6,0.0538673750055127,0.03151200744323668,0.2461017777650044,6.0
400,7,0.05743984657870022,0.03804332981645164,0.21186292884708116,5.999999999999999
400,8,0.05923234691731886,0.033078745768547524,0.2134364294165289,5.999999999999998
400,9,0.054125406861543116,0.027388866568424652,0.19709162601558414,5.999999999999997
400,10,0.05892839310329469,0.032688267923185355,0.2077680216561907,5.999999999999995
400,11,0.05865540671521247,0.03280509157108863,0.22353186837554415,6.0
400,12,0.05178503000311898,0.02510255819958518,0.21013792769023606,5.9999999999999964
400,13,0.05679328323069142,0.03661769195314657,0.20592727024119312,5.999999999999998
400,14,0.07336143303422156,0.04206822053005521,0.20616635929794416,6.000000000000002
400,15,0.0635322798700723,0.0385802074402577,0.19503223394494054,6.000000000000003
400,16,0.08213587707194717,0.03929782308934726,0.20227563488493625,6.000000000000001
400,17,0.059018256090167545,0.02989043879359754,0.19422345859430112,6.0000000000000036
400,18,0.09366242963496503,0.05100693217046448,0.212067708707594,6.000000000000001
400,19,0.05182151785810154,0.03478686435628525,0.21632387690361918,5.999999999999999
400,20,0.0571938328399381,0.02607074596967973,0.20584333087533319,5.999999999999999
400,21,0.06867351499071729,0.03463073745084122,0.22108530259987774,5.999999999999997
400,22,0.07962859030999503,0.04152729356678264,0.22024519413308383,5.999999999999998
400,23,0.06582644312814888,0.037538012943760135,0.20281571012346786,5.999999999999999
400,24,0.07177206684469357,0.03744933534869099,0.21464069433531746,6.000000000000001
400,25,0.059887454624263425,0.02784056854092498,0.212702161515777,6.000000000000001
400,26,0.09474662042881467,0.06637102501055736,0.2201245265325408,5.999999999999998
400,27,0.09030333822015382,0.04349808643451575,0.22240431074699168,6.000000000000002
400,28,0.07559687690559387,0.04066252628757727,0.2131719846138823,5.999999999999998
400,29,0.06092441875066554,0.035042565164351,0.2324815217388213,5.9999999999999964
800,0,0.03977758233524818,0.022238617835621532,0.22864858334571253,5.999999999999997
800,1,0.0390139519302138,0.019718338310197314,0.21094208197256292,6.0000000000000036
800,2,0.05862062114388308,0.03431463893211062,0.22884129501659245,6.000000000000003
800,3,0.04929056138393217,0.02988106470061036,0.21700938953777685,6.0
800,4,0.05055242370553901,0.032099900879043686,0.22180389208950682,6.000000000000002
800,5,0.04582661062324855,0.022929598871953227,0.1992190613302787,5.999999999999998
800,6,0.04837281072871848,0.03043134008623649,0.2128946826090918,6.000000000000005
800,7,0.0452242793521441,0.024414411592272756,0.22513175249052159,5.999999999999998
800,8,0.03688387789804399,0.02774880088244225,0.22790566645636462,6.0000000000000036
800,9,0.05592658476109366,0.02963141395900537,0.19267533285954763,5.999999999999997
800,10,0.06289142890518548,0.042342104724398255,0.20124111452217605,6.000000000000005
800,11,0.03962108885750274,0.02528361183459077,0.20189993665810244,6.000000000000006
800,12,0.044558260627817856,0.02193433357645913,0.22378756968952607,6.000000000000002
800,13,0.05985410884531773,0.02860306548798075,0.21176346377735578,6.0
800,14,0.04865420129861092,0.024000679403078706,0.21657317686470345,5.9999999999999964
800,15,0.0502264858755439,0.022869828967097328,0.20603033043868138,6.000000000000004
800,16,0.036680023393935744,0.019741255604688646,0.20937585127232983,6.000000000000005
800,17,0.2968920877734072,0.1256074124951274,0.2383648645278717,6.999999999999997
800,18,0.04411562737111402,0.03249043587655576,0.2143190857224931,5.999999999999997
800,19,0.2937087093257888,0.1069006768741455,0.23390126047573812,7.000000000000004
800,20,0.03252465301733181,0.01677689892694778,0.2078958425567023,6.0
800,21,0.0362362139614208,0.02534018958815365,0.21499137200471077,6.000000000000005
800,22,0.04875114062056582,0.020885598847846076,0.21092210488316077,6.000000000000003
800,23,0.03773719079799782,0.020355235520511217,0.2126426420560201,6.000000000000001
800,24,0.04432002193295435,0.021209551989025466,0.2062590589621295,6.000000000000001
800,25,0.0485546614301707,0.03098153371092932,0.202979478155041,6.000000000000002
800,26,0.05043098314622609,0.02607180490553468,0.22681058876233143,6.0
800,27,0.03962795008271784,0.02201780577419654,0.21417721695662237,6.0
800,28,0.04489568046577966,0.02258993702006118,0.20898128566125038,6.0000000000000036
800,29,0.04411897470415464,0.02441026627795223,0.20029230291554967,5.999999999999999
1600,0,0.033859941390933096,0.014670550958911621,0.21609520619966172,6.0000000000000036
1600,1,0.02445858846773692,0.015857365825425518,0.20985597760371164,6.000000000000002
1600,2,0.02342690657984798,0.012750417616978205,0.22326441596567295,6.0
1600,3,0.025263223169833243,0.017399267631448057,0.20620968600899675,6.000000000000007
1600,4,0.023262720137115094,0.011075374589470388,0.2085015059923096,6.000000000000002
1600,5,0.0295087497336289,0.01975353190806972,0.20948542790630476,5.9999999999999964
1600,6,0.029839734450417498,0.013778881367411122,0.22688180983483686,6.0000000000000036
1600,7,0.04798095864771544,0.029037283638792877,0.2029743068582285,6.000000000000001
1600,8,0.028706698648209135,0.015950397346362388,0.2150964269167203,6.000000000000001
1600,9,0.03257359396129738,0.015867182964243276,0.20983177190534164,6.000000000000001
1600,10,0.03310721705579979,0.016497422588862776,0.2146718311856171,5.999999999999998
1600,11,0.025442268375149218,0.014093789706273507,0.2160107458793291,6.000000000000002
1600,12,0.03435957177289114,0.025597139997007523,0.21490904995631555,5.999999999999995
1600,13,0.030712506652245248,0.015290049913895654,0.2138033979266226,5.999999999999995
1600,14,0.021678427112683057,0.012235407333646642,0.20390970017901777,6.000000000000003
1600,15,0.03164982801062226,0.01567848723847476,0.20128128207744625,6.0
1600,16,0.02946024682839964,0.014116799206968511,0.21821432686222444,5.999999999999995
1600,17,0.030034756979284667,0.01767185831999507,0.21784455124303212,6.000000000000003
1600,18,0.020963995147000782,0.009381546678643216,0.21656175880751408,6.0000000000000036
1600,19,0.029197245598711074,0.012547388846495977,0.22531457307542685,6.000000000000003
1600,20,0.03402848664157677,0.019510526669421435,0.20549097761283933,6.000000000000003
1600,21,0.033513684311219406,0.01900196042006369,0.20630740737420225,5.999999999999999
1600,22,0.03301904096254552,0.01559975556948312,0.20758521170787705,6.000000000000001
1600,23,0.03695986725888079,0.01952886074722121,0.20998198645393984,6.0
1600,24,0.03690249060944129,0.023130602439482284,0.21299652326433524,6.000000000000004
1600,25,0.028257900875866163,0.013551241319892937,0.22823125557485488,5.999999999999999
1600,26,0.03416078442274313,0.018232583396069202,0.22357329857418928,6.0000000000000036
1600,27,0.03252246344741867,0.015942089451794705,0.2026849390880833,5.999999999999998
1600,28,0.020405697494636662,0.011648305228222078,0.21235480511404448,5.999999999999999
1600,29,0.03772824702152057,0.01990546093379253,0.20169101747085966,6.000000000000004
3200,0,0.02449182888388733,0.013683026759921613,0.20695409390645578,6.0000000000000036
3200,1,0.027672083648384155,0.0151751343657614,0.20783384289958173,6.000000000000002
3200,2,0.01855042841426766,0.009725500285257815,0.21895310102976312,5.999999999999998
3200,3,0.014669792935265233,0.007436472089305091,0.2096039718650904,6.000000000000002
3200,4,0.018747635655384745,0.011586023208196905,0.2187513035335345,5.999999999999999
3200,5,0.030440782890401353,0.01823169034531924,0.2130116909095373,6.0000000000000036
3200,6,0.016884719052649422,0.009269919459531484,0.221271260280421,5.999999999999998
3200,7,0.024343291016530842,0.01697781624349104,0.20955803564775596,5.999999999999998
3200,8,0.031893051944251176,0.016966555682341733,0.21228862042449018,6.000000000000003
3200,9,0.02718575330384193,0.01754536351989644,0.20913595411698274,5.999999999999998
3200,10,0.018487608715966095,0.011784666487439532,0.2119398039207542,5.999999999999997
3200,11,0.029233157335758958,0.01985852619205597,0.2129280563813454,5.9999999999999964
3200,12,0.020843380864930497,0.010272667129315016,0.21174750192594377,5.9999999999999964
3200,13,0.030729902184047024,0.017129199929978856,0.2145639509117138,5.999999999999995
3200,14,0.028558464429051116,0.02049814052420107,0.21653106828617585,6.000000000000002
3200,15,0.016938862605507338,0.00840613106885757,0.2174652352568742,6.0
3200,16,0.020348844806528474,0.009998906661961626,0.20321446657834497,5.999999999999998
3200,17,0.014682992607719826,0.006905672252962347,0.21123834231959693,6.0
3200,18,0.025864083242487,0.014880152845721306,0.22307303541607054,6.0000000000000036
3200,19,0.01938534349100118,0.010136460327746732,0.20312309961418737,5.999999999999998
3200,20,0.02307480276356257,0.016133398516309017,0.20803575009989864,6.000000000000002
3200,21,0.0326254822896551,0.017258318403867268,0.22287832301453314,6.000000000000002
3200,22,0.028152863792206554,0.017715564033877418,0.20799032985817248,6.000000000000001
3200,23,0.018487945528690077,0.01145364817262684,0.20577719681403953,5.999999999999998
3200,24,0.021913747276304896,0.012526855391018776,0.2106051280134364,6.0
3200,25,0.02663185098963729,0.013775150171722594,0.21662146697656673,5.999999999999999
3200,26,0.01696800224757466,0.009905324844606933,0.21091845855399133,5.999999999999995
3200,27,0.021931090859051396,0.010218763586898993,0.223449624322369,5.999999999999996
3200,28,0.028788133805335493,0.018581414907416605,0.22140867626040917,6.000000000000001
3200,29,0.024779445540362995,0.015146683031512065,0.20830067049011605,6.000000000000001
6400,0,0.010956014630539024,0.005704951281412574,0.2099356644316231,5.999999999999995
6400,1,0.014461853219618728,0.008785271764448987,0.2127336031370476,5.999999999999999
6400,2,0.024301531255600473,0.016047956654536122,0.21053717385159973,6.0000000000000036
6400,3,0.009829121822580653,0.004272073291216594,0.20716314280337272,5.9999999999999964
6400,4,0.010928727540571738,0.0065634084637170576,0.20141474831249687,6.0000000000000036
6400,5,0.012049931630167507,0.005616519959882105,0.21930649334696653,6.0000000000000036
6400,6,0.015279785371005319,0.010815086483245584,0.21433613931985368,6.000000000000005
6400,7,0.016357309246622542,0.011266792208705523,0.21067579593897698,5.9999999999999964
6400,8,0.015373658259484842,0.009231011342057838,0.21289106720346238,5.999999999999996
6400,9,0.01609576326700855,0.008525818242794747,0.21198530254039694,6.000000000000005
6400,10,0.01895894216142387,0.010317505059275534,0.21354459762614283,5.9999999999999964
6400,11,0.014669549515824566,0.008737317553692392,0.2114026649996018,5.999999999999998
6400,12,0.017319813440925733,0.011268293309907251,0.21280486977306656,6.0000000000000036
6400,13,0.015261666079986216,0.00935481581170644,0.2110123702616352,6.0
6400,14,0.019823456764860012,0.010401731747286203,0.21490356885928535,6.000000000000003
6400,15,0.010422853176044453,0.0063127548775469,0.21667351135303076,6.000000000000003
6400,16,0.012748723519567483,0.009439622912708945,0.2157888872372332,5.9999999999999964
6400,17,0.01553759236678339,0.007186135203490318,0.21303003305634688,6.000000000000001
6400,18,0.017134730138353944,0.007890845794252366,0.21610281060449066,5.999999999999999
6400,19,0.013586216692373391,0.007353274319029435,0.21350608284252537,6.000000000000003
6400,20,0.008558836186799344,0.005616711951733078,0.2140714392897903,6.000000000000002
6400,21,0.020617875911827926,0.014603268918103263,0.2133100997582633,6.0
6400,22,0.01584618669681571,0.007600446305208175,0.21778824953794582,6.0
6400,23,0.013278735788852539,0.006393060540084927,0.20386228511033203,6.0
6400,24,0.017089662405307973,0.008265327519010879,0.21458950364526078,6.0
6400,25,0.013203229915636536,0.007138232316362514,0.22228739315964507,6.000000000000008
6400,26,0.018597321833708328,0.01078081752583293,0.20944642370008015,5.999999999999994
6400,27,0.012763240337254945,0.007540936420678934,0.2112658826241967,6.000000000000001
6400,28,0.01719577812441204,0.013037177768287611,0.20651541940850074,6.000000000000003
6400,29,0.018869143788881434,0.008557370108694062,0.21604615195329477,6.000000000000004
