dataset,n,d,K,binary,at_most_10_levels,median_levels,min_within_class_var_ratio,features_constant_in_some_class,frac_features_constant
ann-thyroid,7200,21,3,15,15,2.0,0.0,5,0.23809523809523808
kr-vs-kp,3196,36,2,35,36,2.0,0.0,3,0.08333333333333333
nursery,12958,8,4,1,8,3.0,0.0,1,0.125
coil2000,9822,85,2,5,84,8.0,0.0,4,0.047058823529411764
hypothyroid,3163,25,2,17,18,2.0,0.0,6,0.24
letter,20000,16,26,0,0,16.0,0.02143174793357511,0,0.0
magic-full,19020,10,2,0,0,18295.0,2.0194431121131596e-06,0,0.0
texture-full,5500,40,11,0,0,972.0,0.005538852351032545,0,0.0
pendigits,10992,16,10,0,0,101.0,0.0,1,0.0625
