t,acc_window,w_strong,w_blockA,w_blockB,model,seed
300,0.93,0.8207864746017948,0.21815935836804234,0.9783762291983237,Online ABD-NB,0
400,0.9233333333333333,0.8487179011724307,0.23977166608866438,1.1187753503825977,Online ABD-NB,0
500,0.9275,0.8289786157333883,0.24044215600548483,1.1213947413722838,Online ABD-NB,0
600,0.926,0.8293884907155631,0.24335057529525916,1.1184180095854799,Online ABD-NB,0
700,0.908,0.8631879037459403,0.24519962479979487,1.1109357245758817,Online ABD-NB,0
800,0.914,0.7614524305862522,0.21846779989452222,0.9879567950077698,Online ABD-NB,0
900,0.914,0.8512156085599636,0.23634368085612845,1.1217870510505452,Online ABD-NB,0
1000,0.904,0.8900955381680717,0.22847715924299924,1.123173584395657,Online ABD-NB,0
1100,0.91,0.8139068367164994,0.24160709998079052,1.122741760566459,Online ABD-NB,0
1200,0.91,0.7243573670305326,0.2148366305963483,0.9977704748985624,Online ABD-NB,0
1300,0.908,0.9052253150421,0.2348782455073142,1.1142508686523354,Online ABD-NB,0
1400,0.91,0.8148275259448055,0.23508583578974393,1.1291095765527892,Online ABD-NB,0
1500,0.916,0.8159792753960855,0.23047042078101984,1.1335330333196323,Online ABD-NB,0
1600,0.898,0.8713206145839615,0.22747202961340152,1.127307867955939,Online ABD-NB,0
1700,0.918,0.793269132200739,0.23780419152090052,1.1299842864456424,Online ABD-NB,0
1800,0.896,0.8020197765328115,0.23518365130785468,1.1311463859366764,Online ABD-NB,0
1900,0.882,0.8253007580630628,0.2375069712726854,1.1249429023834705,Online ABD-NB,0
2000,0.858,0.8545376249970708,0.2395843501849232,1.1179927123155653,Online ABD-NB,0
2100,0.854,0.7363099408188766,0.20636894410242498,1.004246065761095,Online ABD-NB,0
2200,0.85,0.8045076951820374,0.2308417361809464,1.1350736479553802,Online ABD-NB,0
2300,0.868,0.9125907466217289,0.22968389247584545,1.118217649753866,Online ABD-NB,0
2400,0.87,0.9218809721804448,0.23086402856324906,1.1154891427400104,Online ABD-NB,0
2500,0.89,0.9499158494589914,0.23195072559655694,1.1097299661602775,Online ABD-NB,0
2600,0.9,0.9279101261855244,0.22664796535357587,1.1187003469488361,Online ABD-NB,0
2700,0.894,0.8633432931763031,0.23590022926796575,1.120209221869317,Online ABD-NB,0
2800,0.882,0.792893835950289,0.23927406213098878,1.1285769652106294,Online ABD-NB,0
2900,0.9,0.6863324148261379,0.21586883131508217,1.0030757662138936,Online ABD-NB,0
3000,0.896,0.7041937221409416,0.2146881300479003,1.00127958292861,Online ABD-NB,0
3100,0.89,0.8665998441713135,0.23289463755795947,1.122672055080155,Online ABD-NB,0
3200,0.882,0.8329912955598036,0.240620185438664,1.1205479319680356,Online ABD-NB,0
3300,0.906,0.8732687513903334,0.2399269959423335,1.1145282121592774,Online ABD-NB,0
3400,0.892,0.8518796234111099,0.2309723459116432,1.1270477168531716,Online ABD-NB,0
3500,0.894,0.8796213992589718,0.22961959747512864,1.1237768359817089,Online ABD-NB,0
3600,0.9,0.7733973593983025,0.2329626043393138,1.1381378357609684,Online ABD-NB,0
3700,0.9,0.6509585632778896,0.21027255308530854,1.014567686368377,Online ABD-NB,0
3800,0.888,0.740701383990132,0.2297576675973437,1.1467921017376341,Online ABD-NB,0
3900,0.886,0.8041084983146666,0.23036508682814036,1.135616830119415,Online ABD-NB,0
4000,0.898,0.8192003277129574,0.23357931261994347,1.1298872994278977,Online ABD-NB,0
4100,0.882,0.8850699688309404,0.5008552818228159,0.6849663900386944,Online ABD-NB,0
4200,0.864,1.0040760184267026,0.8361047843207352,0.4965492126081479,Online ABD-NB,0
4300,0.864,0.9021628365636931,0.9726861656606977,0.3769533615786876,Online ABD-NB,0
4400,0.864,0.8138632536328955,0.9201967264043874,0.2774927313234632,Online ABD-NB,0
4500,0.858,0.7196837582412112,0.955934448563271,0.25745159172986093,Online ABD-NB,0
4600,0.89,0.7041757751507405,0.9702508714915102,0.2457198326500344,Online ABD-NB,0
4700,0.912,0.8637155993001681,1.0925160502531168,0.26353134986352206,Online ABD-NB,0
4800,0.914,0.8059274424514998,0.9676182008829292,0.23139389204182093,Online ABD-NB,0
4900,0.924,0.7152034892685435,0.9815955060869185,0.23253724570165746,Online ABD-NB,0
5000,0.914,0.7144687050554807,0.9908982567356978,0.2233569590883883,Online ABD-NB,0
5100,0.904,0.7845217800631653,1.1200489646381302,0.24919740535134285,Online ABD-NB,0
5200,0.908,0.8402019272833229,1.1164958757696566,0.24347046968312203,Online ABD-NB,0
5300,0.91,0.8487616002657717,1.1152671755174726,0.24327255777156528,Online ABD-NB,0
5400,0.914,0.682476531803454,1.001541172852942,0.2180460718464828,Online ABD-NB,0
5500,0.922,0.7916470198255111,1.1276622877029367,0.2403965423261444,Online ABD-NB,0
5600,0.922,0.8075421533487225,1.1272109401673207,0.23819870094122567,Online ABD-NB,0
5700,0.916,0.8937265911433852,1.1109813037132397,0.24006426442952933,Online ABD-NB,0
5800,0.914,0.8851451333483583,1.1183589202017636,0.23411689090684296,Online ABD-NB,0
5900,0.904,0.884123409736862,1.1224682456182984,0.23017785275889144,Online ABD-NB,0
6000,0.908,0.8556357172718225,1.1288094688164154,0.22858457830494883,Online ABD-NB,0
6100,0.91,0.7030852137140946,1.0088068297851474,0.20734563459583658,Online ABD-NB,0
6200,0.91,0.6469374731172586,1.0174509359310324,0.20805948521609163,Online ABD-NB,0
6300,0.918,0.6941881229412975,1.1496400498761072,0.23466192963367638,Online ABD-NB,0
6400,0.926,0.6381973011527439,1.0150845331959173,0.21188258327862539,Online ABD-NB,0
6500,0.92,0.7325957583284698,1.1394972345814736,0.2384034723637819,Online ABD-NB,0
6600,0.92,0.6244127605204226,1.014989801390214,0.21427473852304865,Online ABD-NB,0
6700,0.922,0.6688531158010065,1.0125580834451628,0.20929973058800308,Online ABD-NB,0
6800,0.914,0.7957637266454245,1.1317180987994278,0.23565461342633479,Online ABD-NB,0
6900,0.912,0.779536942914521,1.1295301272082654,0.24054704897264792,Online ABD-NB,0
7000,0.912,0.7731309709836363,1.1303082293786189,0.24083660879077548,Online ABD-NB,0
7100,0.91,0.8187452638501653,1.1261165948026537,0.23742586122231976,Online ABD-NB,0
7200,0.918,0.665272680010758,1.0097115612186671,0.21274299211287348,Online ABD-NB,0
7300,0.908,0.6343323537394204,1.0149457267891975,0.21266554758756565,Online ABD-NB,0
7400,0.904,0.6540257025970656,1.0073466893413394,0.21698236022581652,Online ABD-NB,0
7500,0.91,0.6858537859186999,0.9982494985503223,0.22077487046322888,Online ABD-NB,0
7600,0.9,0.7104260747272332,1.143249404441485,0.23834624977064292,Online ABD-NB,0
7700,0.894,0.6764721547834506,1.003411487834532,0.21717648636822626,Online ABD-NB,0
7800,0.916,0.7232698923378752,0.9987847159197973,0.21400363535722386,Online ABD-NB,0
7900,0.918,0.809846626702927,1.11974915761098,0.24527640460519842,Online ABD-NB,0
300,0.85,1.0,1.0,1.0,Online GNB,0
400,0.8666666666666667,1.0,1.0,1.0,Online GNB,0
500,0.865,1.0,1.0,1.0,Online GNB,0
600,0.87,1.0,1.0,1.0,Online GNB,0
700,0.864,1.0,1.0,1.0,Online GNB,0
800,0.87,1.0,1.0,1.0,Online GNB,0
900,0.866,1.0,1.0,1.0,Online GNB,0
1000,0.87,1.0,1.0,1.0,Online GNB,0
1100,0.876,1.0,1.0,1.0,Online GNB,0
1200,0.884,1.0,1.0,1.0,Online GNB,0
1300,0.858,1.0,1.0,1.0,Online GNB,0
1400,0.858,1.0,1.0,1.0,Online GNB,0
1500,0.854,1.0,1.0,1.0,Online GNB,0
1600,0.83,1.0,1.0,1.0,Online GNB,0
1700,0.838,1.0,1.0,1.0,Online GNB,0
1800,0.846,1.0,1.0,1.0,Online GNB,0
1900,0.836,1.0,1.0,1.0,Online GNB,0
2000,0.824,1.0,1.0,1.0,Online GNB,0
2100,0.828,1.0,1.0,1.0,Online GNB,0
2200,0.818,1.0,1.0,1.0,Online GNB,0
2300,0.816,1.0,1.0,1.0,Online GNB,0
2400,0.816,1.0,1.0,1.0,Online GNB,0
2500,0.82,1.0,1.0,1.0,Online GNB,0
2600,0.83,1.0,1.0,1.0,Online GNB,0
2700,0.838,1.0,1.0,1.0,Online GNB,0
2800,0.842,1.0,1.0,1.0,Online GNB,0
2900,0.86,1.0,1.0,1.0,Online GNB,0
3000,0.86,1.0,1.0,1.0,Online GNB,0
3100,0.844,1.0,1.0,1.0,Online GNB,0
3200,0.836,1.0,1.0,1.0,Online GNB,0
3300,0.846,1.0,1.0,1.0,Online GNB,0
3400,0.826,1.0,1.0,1.0,Online GNB,0
3500,0.822,1.0,1.0,1.0,Online GNB,0
3600,0.83,1.0,1.0,1.0,Online GNB,0
3700,0.826,1.0,1.0,1.0,Online GNB,0
3800,0.82,1.0,1.0,1.0,Online GNB,0
3900,0.826,1.0,1.0,1.0,Online GNB,0
4000,0.856,1.0,1.0,1.0,Online GNB,0
4100,0.856,1.0,1.0,1.0,Online GNB,0
4200,0.85,1.0,1.0,1.0,Online GNB,0
4300,0.85,1.0,1.0,1.0,Online GNB,0
4400,0.856,1.0,1.0,1.0,Online GNB,0
4500,0.84,1.0,1.0,1.0,Online GNB,0
4600,0.844,1.0,1.0,1.0,Online GNB,0
4700,0.86,1.0,1.0,1.0,Online GNB,0
4800,0.866,1.0,1.0,1.0,Online GNB,0
4900,0.862,1.0,1.0,1.0,Online GNB,0
5000,0.846,1.0,1.0,1.0,Online GNB,0
5100,0.85,1.0,1.0,1.0,Online GNB,0
5200,0.838,1.0,1.0,1.0,Online GNB,0
5300,0.836,1.0,1.0,1.0,Online GNB,0
5400,0.838,1.0,1.0,1.0,Online GNB,0
5500,0.83,1.0,1.0,1.0,Online GNB,0
5600,0.83,1.0,1.0,1.0,Online GNB,0
5700,0.832,1.0,1.0,1.0,Online GNB,0
5800,0.834,1.0,1.0,1.0,Online GNB,0
5900,0.836,1.0,1.0,1.0,Online GNB,0
6000,0.86,1.0,1.0,1.0,Online GNB,0
6100,0.86,1.0,1.0,1.0,Online GNB,0
6200,0.854,1.0,1.0,1.0,Online GNB,0
6300,0.844,1.0,1.0,1.0,Online GNB,0
6400,0.84,1.0,1.0,1.0,Online GNB,0
6500,0.828,1.0,1.0,1.0,Online GNB,0
6600,0.832,1.0,1.0,1.0,Online GNB,0
6700,0.844,1.0,1.0,1.0,Online GNB,0
6800,0.85,1.0,1.0,1.0,Online GNB,0
6900,0.842,1.0,1.0,1.0,Online GNB,0
7000,0.854,1.0,1.0,1.0,Online GNB,0
7100,0.852,1.0,1.0,1.0,Online GNB,0
7200,0.866,1.0,1.0,1.0,Online GNB,0
7300,0.866,1.0,1.0,1.0,Online GNB,0
7400,0.866,1.0,1.0,1.0,Online GNB,0
7500,0.866,1.0,1.0,1.0,Online GNB,0
7600,0.846,1.0,1.0,1.0,Online GNB,0
7700,0.834,1.0,1.0,1.0,Online GNB,0
7800,0.836,1.0,1.0,1.0,Online GNB,0
7900,0.848,1.0,1.0,1.0,Online GNB,0
300,0.9,0.8184564090877163,0.23816397326380898,1.1254266252215723,Online ABD-NB,1
400,0.9133333333333333,0.7575144000061282,0.21228188192999486,0.9947990514023175,Online ABD-NB,1
500,0.9225,0.7710811521238603,0.24085999053794185,1.1306264841080813,Online ABD-NB,1
600,0.914,0.8463327590830544,0.23974799931067503,1.1191965408421496,Online ABD-NB,1
700,0.912,0.8029055384303057,0.24179421004504978,1.1243882002165664,Online ABD-NB,1
800,0.922,0.7616013932059035,0.23877412576825155,1.1342923086974304,Online ABD-NB,1
900,0.92,0.8352802003491258,0.24336108928411468,1.1174255439910306,Online ABD-NB,1
1000,0.908,0.8632019495577954,0.23817315443937073,1.1179598539676636,Online ABD-NB,1
1100,0.922,0.959088893297595,0.2358465133297342,1.104305337787333,Online ABD-NB,1
1200,0.922,0.7775124428034985,0.21810601579247293,0.9856419104069444,Online ABD-NB,1
1300,0.91,0.8491075987815588,0.23587722287573273,1.1226048439940068,Online ABD-NB,1
1400,0.906,0.908402515402012,0.239162248853884,1.1094373319124475,Online ABD-NB,1
1500,0.91,0.9511820934275784,0.23759070550281267,1.1038789455925917,Online ABD-NB,1
1600,0.902,0.8773168094265351,0.23669731897024304,1.1170832127920003,Online ABD-NB,1
1700,0.91,0.7587197634088967,0.244732299678878,1.1288144064196393,Online ABD-NB,1
1800,0.922,0.7452756373790752,0.24740553400320472,1.1283818597669497,Online ABD-NB,1
1900,0.932,0.7682901222599785,0.23940679342317292,1.13254485286683,Online ABD-NB,1
2000,0.932,0.7911764910513259,0.230795872191235,1.13734137930021,Online ABD-NB,1
2100,0.934,0.8212394995674686,0.237625501214385,1.125501248857703,Online ABD-NB,1
2200,0.932,0.8551714346817597,0.2376815493081296,1.1197898782449107,Online ABD-NB,1
2300,0.926,0.7725773912380163,0.2295892774417367,1.1416478240185934,Online ABD-NB,1
2400,0.902,0.7737188099461135,0.2364182017186608,1.1346286632903213,Online ABD-NB,1
2500,0.902,0.8213029329955783,0.23270715874955097,1.13040901908452,Online ABD-NB,1
2600,0.904,0.779158939304351,0.23339254838255794,1.1367476284000508,Online ABD-NB,1
2700,0.902,0.657678841015515,0.21381429404982635,1.009905899114255,Online ABD-NB,1
2800,0.904,0.653905838038,0.21851917920647712,1.005829847787189,Online ABD-NB,1
2900,0.92,0.7276952347624476,0.2127260988372843,0.9993246953689753,Online ABD-NB,1
3000,0.918,0.8317754258659877,0.2405465856063995,1.120824176749269,Online ABD-NB,1
3100,0.908,0.7901895171924561,0.232883500980585,1.1354182461540059,Online ABD-NB,1
3200,0.888,0.8208634641199555,0.24238953008759215,1.1207998925590819,Online ABD-NB,1
3300,0.888,0.9265562916453968,0.2370533554208846,1.1085205959715492,Online ABD-NB,1
3400,0.882,0.8979176096258853,0.24270771716140252,1.1076393479009496,Online ABD-NB,1
3500,0.892,0.8047174819896057,0.24386133226976578,1.1220190873986333,Online ABD-NB,1
3600,0.9,0.805753909986309,0.23300740104674142,1.1327002806222068,Online ABD-NB,1
3700,0.916,0.8068308602495365,0.23984690078172255,1.1256812891766892,Online ABD-NB,1
3800,0.926,0.8709005416263,0.23970806015748836,1.1151418495714616,Online ABD-NB,1
3900,0.918,0.8484090049851251,0.2328887698279594,1.125709729341186,Online ABD-NB,1
4000,0.912,0.8187111551245142,0.23815063684185808,1.125397503970723,Online ABD-NB,1
4100,0.872,0.945096916720291,0.5273413271110404,0.8151425201022443,Online ABD-NB,1
4200,0.866,0.9632880104455667,0.8393329329323359,0.5001190653267371,Online ABD-NB,1
4300,0.862,0.8089039803425639,0.8627309259705198,0.3357850773057187,Online ABD-NB,1
4400,0.862,0.8582001627061678,0.9050559023337591,0.28524407054854684,Online ABD-NB,1
4500,0.85,0.8858485432065103,1.077498734288217,0.27485984184403217,Online ABD-NB,1
4600,0.88,0.8563020214825239,1.0973943050941564,0.2598886913254234,Online ABD-NB,1
4700,0.894,0.8120989898739776,1.113305682787846,0.2513444855664915,Online ABD-NB,1
4800,0.878,0.8608139395008251,1.1121747832619053,0.24435622682128946,Online ABD-NB,1
4900,0.888,0.8794116025247972,1.1149161487067527,0.2385152508724476,Online ABD-NB,1
5000,0.898,0.8652389092159268,1.1185913085014314,0.2372022066292483,Online ABD-NB,1
5100,0.904,0.8456821590385265,1.1218758085551335,0.23717716493844465,Online ABD-NB,1
5200,0.9,0.7176384787711269,0.9969717276817556,0.21675519252305597,Online ABD-NB,1
5300,0.902,0.9076781883696781,1.1080965147627704,0.2406237871756166,Online ABD-NB,1
5400,0.912,0.8551200176454068,1.1114247842649372,0.24605521279416143,Online ABD-NB,1
5500,0.918,0.837685664293881,1.1172048259972474,0.2431808966204397,Online ABD-NB,1
5600,0.926,0.8333690851862718,1.123404493402886,0.23770065906606921,Online ABD-NB,1
5700,0.928,0.8126823446108975,1.1308804742227248,0.2336724683421257,Online ABD-NB,1
5800,0.93,0.8264536199356571,1.1310932496577462,0.23116448035297854,Online ABD-NB,1
5900,0.914,0.8521226256617915,1.1260708529079937,0.23190870948170694,Online ABD-NB,1
6000,0.904,0.8379487730202437,1.1203236315638092,0.2400182395994828,Online ABD-NB,1
6100,0.892,0.8663248595888241,1.120328540718295,0.23528398268356776,Online ABD-NB,1
6200,0.88,0.9028053567676475,1.1252771027772182,0.22425533776150783,Online ABD-NB,1
6300,0.882,0.9100595822953826,1.1120162276811423,0.23630717526962677,Online ABD-NB,1
6400,0.89,0.909485997152721,1.115703021258312,0.23271597921623463,Online ABD-NB,1
6500,0.898,0.9449891422871465,1.1079726779596895,0.23452913165912015,Online ABD-NB,1
6600,0.894,0.9223045337594471,1.117725399275671,0.22855717843108836,Online ABD-NB,1
6700,0.898,0.9294854205948964,1.1069175633572386,0.23816819987694426,Online ABD-NB,1
6800,0.902,0.896118648309186,1.109706271746872,0.24094062020159737,Online ABD-NB,1
6900,0.91,0.8626663674848902,1.115184330796168,0.24103794128968334,Online ABD-NB,1
7000,0.9,0.6911997740175294,0.9971482874509192,0.22098508354615898,Online ABD-NB,1
7100,0.912,0.7769227081329739,0.980572206568772,0.22327400874239897,Online ABD-NB,1
7200,0.914,0.896876685002216,1.1058193724078924,0.24470118009173888,Online ABD-NB,1
7300,0.92,0.8425176499396159,1.1184357911336535,0.24114460054307718,Online ABD-NB,1
7400,0.912,0.8123141879706806,1.12464186514403,0.23997243686085648,Online ABD-NB,1
7500,0.922,0.8248690085781912,1.1193174251389368,0.24320440676469754,Online ABD-NB,1
7600,0.912,0.7922037192104728,1.1269020779528722,0.24106396884538286,Online ABD-NB,1
7700,0.926,0.6496874888943239,0.9991653018153531,0.22588678336892573,Online ABD-NB,1
7800,0.92,0.6593907547064825,1.002708464289809,0.2207264099257775,Online ABD-NB,1
7900,0.906,0.8183931250637327,1.1235487860892568,0.2400523597334551,Online ABD-NB,1
300,0.815,1.0,1.0,1.0,Online GNB,1
400,0.8366666666666667,1.0,1.0,1.0,Online GNB,1
500,0.8475,1.0,1.0,1.0,Online GNB,1
600,0.846,1.0,1.0,1.0,Online GNB,1
700,0.842,1.0,1.0,1.0,Online GNB,1
800,0.864,1.0,1.0,1.0,Online GNB,1
900,0.862,1.0,1.0,1.0,Online GNB,1
1000,0.852,1.0,1.0,1.0,Online GNB,1
1100,0.854,1.0,1.0,1.0,Online GNB,1
1200,0.868,1.0,1.0,1.0,Online GNB,1
1300,0.848,1.0,1.0,1.0,Online GNB,1
1400,0.856,1.0,1.0,1.0,Online GNB,1
1500,0.87,1.0,1.0,1.0,Online GNB,1
1600,0.87,1.0,1.0,1.0,Online GNB,1
1700,0.874,1.0,1.0,1.0,Online GNB,1
1800,0.88,1.0,1.0,1.0,Online GNB,1
1900,0.872,1.0,1.0,1.0,Online GNB,1
2000,0.86,1.0,1.0,1.0,Online GNB,1
2100,0.868,1.0,1.0,1.0,Online GNB,1
2200,0.852,1.0,1.0,1.0,Online GNB,1
2300,0.862,1.0,1.0,1.0,Online GNB,1
2400,0.858,1.0,1.0,1.0,Online GNB,1
2500,0.854,1.0,1.0,1.0,Online GNB,1
2600,0.84,1.0,1.0,1.0,Online GNB,1
2700,0.852,1.0,1.0,1.0,Online GNB,1
2800,0.852,1.0,1.0,1.0,Online GNB,1
2900,0.854,1.0,1.0,1.0,Online GNB,1
3000,0.844,1.0,1.0,1.0,Online GNB,1
3100,0.846,1.0,1.0,1.0,Online GNB,1
3200,0.836,1.0,1.0,1.0,Online GNB,1
3300,0.834,1.0,1.0,1.0,Online GNB,1
3400,0.826,1.0,1.0,1.0,Online GNB,1
3500,0.854,1.0,1.0,1.0,Online GNB,1
3600,0.858,1.0,1.0,1.0,Online GNB,1
3700,0.866,1.0,1.0,1.0,Online GNB,1
3800,0.866,1.0,1.0,1.0,Online GNB,1
3900,0.864,1.0,1.0,1.0,Online GNB,1
4000,0.866,1.0,1.0,1.0,Online GNB,1
4100,0.854,1.0,1.0,1.0,Online GNB,1
4200,0.86,1.0,1.0,1.0,Online GNB,1
4300,0.86,1.0,1.0,1.0,Online GNB,1
4400,0.856,1.0,1.0,1.0,Online GNB,1
4500,0.834,1.0,1.0,1.0,Online GNB,1
4600,0.842,1.0,1.0,1.0,Online GNB,1
4700,0.84,1.0,1.0,1.0,Online GNB,1
4800,0.82,1.0,1.0,1.0,Online GNB,1
4900,0.83,1.0,1.0,1.0,Online GNB,1
5000,0.836,1.0,1.0,1.0,Online GNB,1
5100,0.84,1.0,1.0,1.0,Online GNB,1
5200,0.84,1.0,1.0,1.0,Online GNB,1
5300,0.85,1.0,1.0,1.0,Online GNB,1
5400,0.868,1.0,1.0,1.0,Online GNB,1
5500,0.878,1.0,1.0,1.0,Online GNB,1
5600,0.884,1.0,1.0,1.0,Online GNB,1
5700,0.876,1.0,1.0,1.0,Online GNB,1
5800,0.874,1.0,1.0,1.0,Online GNB,1
5900,0.854,1.0,1.0,1.0,Online GNB,1
6000,0.844,1.0,1.0,1.0,Online GNB,1
6100,0.838,1.0,1.0,1.0,Online GNB,1
6200,0.83,1.0,1.0,1.0,Online GNB,1
6300,0.83,1.0,1.0,1.0,Online GNB,1
6400,0.834,1.0,1.0,1.0,Online GNB,1
6500,0.838,1.0,1.0,1.0,Online GNB,1
6600,0.824,1.0,1.0,1.0,Online GNB,1
6700,0.83,1.0,1.0,1.0,Online GNB,1
6800,0.842,1.0,1.0,1.0,Online GNB,1
6900,0.85,1.0,1.0,1.0,Online GNB,1
7000,0.842,1.0,1.0,1.0,Online GNB,1
7100,0.852,1.0,1.0,1.0,Online GNB,1
7200,0.858,1.0,1.0,1.0,Online GNB,1
7300,0.864,1.0,1.0,1.0,Online GNB,1
7400,0.862,1.0,1.0,1.0,Online GNB,1
7500,0.87,1.0,1.0,1.0,Online GNB,1
7600,0.87,1.0,1.0,1.0,Online GNB,1
7700,0.87,1.0,1.0,1.0,Online GNB,1
7800,0.86,1.0,1.0,1.0,Online GNB,1
7900,0.852,1.0,1.0,1.0,Online GNB,1
300,0.92,0.6199625440368598,0.21052809890582228,1.0194781437546994,Online ABD-NB,2
400,0.9133333333333333,0.8373566741790971,0.22582011617381167,1.1346204381296732,Online ABD-NB,2
500,0.9125,0.881390943655764,0.22861017843381004,1.1244913309568967,Online ABD-NB,2
600,0.916,0.8534399211944581,0.22403125667310916,1.1337287564611465,Online ABD-NB,2
700,0.928,0.8667510329080194,0.2274787639511782,1.1280627305641513,Online ABD-NB,2
800,0.92,0.8763137797040084,0.23020510021459825,1.1237426031680662,Online ABD-NB,2
900,0.916,0.8793879859479186,0.23121341135752663,1.1222219243178204,Online ABD-NB,2
1000,0.918,0.8643592970169085,0.23268668808180606,1.1232534290820422,Online ABD-NB,2
1100,0.916,0.8491961157055632,0.2405035553441852,1.1179637587048883,Online ABD-NB,2
1200,0.904,0.7179050605174702,0.22090553526087123,0.9927769546528838,Online ABD-NB,2
1300,0.91,0.679659288319864,0.2140971967803419,1.005959588499682,Online ABD-NB,2
1400,0.912,0.6465057474977126,0.2097699589112779,1.01581241650577,Online ABD-NB,2
1500,0.912,0.793958789360838,0.23552702549836577,1.1321465096081607,Online ABD-NB,2
1600,0.904,0.78266881563841,0.23177141863844794,1.137783778755151,Online ABD-NB,2
1700,0.896,0.7199793907761826,0.20793720456656564,1.0053995636374038,Online ABD-NB,2
1800,0.892,0.8244331866957614,0.23372812350058017,1.1288663453834606,Online ABD-NB,2
1900,0.902,0.6373861342242507,0.21131912354503837,1.0157831874175869,Online ABD-NB,2
2000,0.906,0.6862210570801973,0.21475742150785324,1.0042057356454466,Online ABD-NB,2
2100,0.914,0.827625964288625,0.24066429293681812,1.1213980463484117,Online ABD-NB,2
2200,0.926,0.838955691993357,0.2365153220951759,1.1236587292392641,Online ABD-NB,2
2300,0.932,0.9237263590952061,0.23148654849175446,1.1145590583257108,Online ABD-NB,2
2400,0.918,0.9080855394048453,0.23234917370854521,1.1163032363906484,Online ABD-NB,2
2500,0.912,0.881804342935225,0.23237684484149312,1.1206557646693032,Online ABD-NB,2
2600,0.91,0.9236834164857186,0.2396833894012066,1.1063693745178405,Online ABD-NB,2
2700,0.91,0.8568040785126221,0.2391853093242641,1.1180140109236314,Online ABD-NB,2
2800,0.912,0.8523107108575718,0.2467319962835336,1.1112162185735373,Online ABD-NB,2
2900,0.92,0.7957319243867896,0.2379559831572653,1.129422029444936,Online ABD-NB,2
3000,0.902,0.8439425095885587,0.23793674092361541,1.1214061741449577,Online ABD-NB,2
3100,0.898,0.8553118917175419,0.23030081385828838,1.1271472041887876,Online ABD-NB,2
3200,0.89,0.880799865846516,0.23730629966437103,1.1158937226945431,Online ABD-NB,2
3300,0.882,0.6868339593086189,0.2076360807611141,1.0112249260207815,Online ABD-NB,2
3400,0.88,0.7029642549401927,0.21390107553429072,1.0022715486423437,Online ABD-NB,2
3500,0.902,0.8216447192251587,0.23377170689262997,1.1292875065698438,Online ABD-NB,2
3600,0.908,0.7168943958317604,0.21929369793004927,0.9945572360979912,Online ABD-NB,2
3700,0.898,0.6811186135235598,0.21620437828444325,1.0036091861282967,Online ABD-NB,2
3800,0.902,0.8064344723889613,0.23780791811655452,1.1277863364852854,Online ABD-NB,2
3900,0.904,0.6882586107382573,0.21697619200695772,1.0016473728699993,Online ABD-NB,2
4000,0.9,0.7212687895512029,0.21571488224719107,0.9974069861609415,Online ABD-NB,2
4100,0.866,1.0172495521382765,0.5567594869872196,0.7736989209897341,Online ABD-NB,2
4200,0.866,0.9706228946740725,0.8372789567552723,0.5009505607990491,Online ABD-NB,2
4300,0.846,0.729407228127759,0.86958059326706,0.34218486871164555,Online ABD-NB,2
4400,0.834,0.6762460449056148,0.9431246721785191,0.27750098700387876,Online ABD-NB,2
4500,0.83,0.7161754695947476,1.1073533942469187,0.2732840274872896,Online ABD-NB,2
4600,0.86,0.7392947239996468,1.1161698264324456,0.26061438623427985,Online ABD-NB,2
4700,0.872,0.785943458429525,1.118047697136259,0.2509617264588205,Online ABD-NB,2
4800,0.874,0.778137605911985,1.1216792608210562,0.24863113819361338,Online ABD-NB,2
4900,0.886,0.8168875952441685,1.1187309752362649,0.24512109222303982,Online ABD-NB,2
5000,0.89,0.7439413583444491,0.9916845834072806,0.21765852353531015,Online ABD-NB,2
5100,0.894,0.6920080020633983,0.9966471571169225,0.2213515092058446,Online ABD-NB,2
5200,0.892,0.7218159354811112,0.9964406851477229,0.21658999227209166,Online ABD-NB,2
5300,0.904,0.7063937401667225,1.0039192037641638,0.21168183954138262,Online ABD-NB,2
5400,0.896,0.859660107790029,1.124925602346777,0.23179771302155236,Online ABD-NB,2
5500,0.908,0.8084746116243243,1.1300520545896555,0.23520217680629096,Online ABD-NB,2
5600,0.892,0.8955826251161856,1.1149944314779041,0.2357417976693974,Online ABD-NB,2
5700,0.892,0.8168754759055054,1.1249593213283007,0.23889476602078188,Online ABD-NB,2
5800,0.894,0.8160157047247798,1.1235859121001666,0.24041147044570366,Online ABD-NB,2
5900,0.904,0.8437789858499092,1.1200202380795223,0.23934993094549326,Online ABD-NB,2
6000,0.892,0.8647323957694532,1.1191395470112773,0.23673838702714667,Online ABD-NB,2
6100,0.904,0.8658635804611459,1.1275538119483686,0.2281355913081072,Online ABD-NB,2
6200,0.908,0.8966500922839009,1.1149335443888841,0.2356247735637991,Online ABD-NB,2
6300,0.904,0.8775705812548845,1.1167419896549877,0.23699624680253137,Online ABD-NB,2
6400,0.896,0.7808284431198624,1.1356148172356748,0.23424710891101516,Online ABD-NB,2
6500,0.89,0.8043623375320701,1.131124522886652,0.23481508752466984,Online ABD-NB,2
6600,0.878,0.8467742233131039,1.1249049817114052,0.2339659810697445,Online ABD-NB,2
6700,0.87,0.8532339339124002,1.1237470806292646,0.2340472637186677,Online ABD-NB,2
6800,0.872,0.8534556314450765,1.1231747358480537,0.23458265891110133,Online ABD-NB,2
6900,0.882,0.840377109269064,1.129598923838038,0.23033822461711806,Online ABD-NB,2
7000,0.888,0.785421018053907,1.1392953679392281,0.2298011290517876,Online ABD-NB,2
7100,0.904,0.821824564290861,1.1305892727088755,0.2324399665759808,Online ABD-NB,2
7200,0.916,0.8844247482105388,1.1194859262681112,0.23310994903013216,Online ABD-NB,2
7300,0.922,0.9208601274324133,1.1090267868414487,0.23749652525314943,Online ABD-NB,2
7400,0.922,0.8602280982974652,1.1185118576989737,0.2381167925847829,Online ABD-NB,2
7500,0.928,0.7370004400440708,0.9855999177236633,0.2249000089356585,Online ABD-NB,2
7600,0.922,0.8690780977503969,1.1129952304016675,0.24215841997326626,Online ABD-NB,2
7700,0.904,0.8166765535774989,1.126700796637292,0.23718644443312573,Online ABD-NB,2
7800,0.902,0.7525768173141109,0.9950762403069452,0.2128276234740365,Online ABD-NB,2
7900,0.894,0.7875518121066023,1.1357721599081076,0.23296920474079152,Online ABD-NB,2
300,0.855,1.0,1.0,1.0,Online GNB,2
400,0.8366666666666667,1.0,1.0,1.0,Online GNB,2
500,0.845,1.0,1.0,1.0,Online GNB,2
600,0.854,1.0,1.0,1.0,Online GNB,2
700,0.868,1.0,1.0,1.0,Online GNB,2
800,0.87,1.0,1.0,1.0,Online GNB,2
900,0.88,1.0,1.0,1.0,Online GNB,2
1000,0.868,1.0,1.0,1.0,Online GNB,2
1100,0.854,1.0,1.0,1.0,Online GNB,2
1200,0.846,1.0,1.0,1.0,Online GNB,2
1300,0.838,1.0,1.0,1.0,Online GNB,2
1400,0.826,1.0,1.0,1.0,Online GNB,2
1500,0.834,1.0,1.0,1.0,Online GNB,2
1600,0.83,1.0,1.0,1.0,Online GNB,2
1700,0.814,1.0,1.0,1.0,Online GNB,2
1800,0.806,1.0,1.0,1.0,Online GNB,2
1900,0.822,1.0,1.0,1.0,Online GNB,2
2000,0.826,1.0,1.0,1.0,Online GNB,2
2100,0.834,1.0,1.0,1.0,Online GNB,2
2200,0.844,1.0,1.0,1.0,Online GNB,2
2300,0.846,1.0,1.0,1.0,Online GNB,2
2400,0.832,1.0,1.0,1.0,Online GNB,2
2500,0.83,1.0,1.0,1.0,Online GNB,2
2600,0.842,1.0,1.0,1.0,Online GNB,2
2700,0.844,1.0,1.0,1.0,Online GNB,2
2800,0.856,1.0,1.0,1.0,Online GNB,2
2900,0.862,1.0,1.0,1.0,Online GNB,2
3000,0.846,1.0,1.0,1.0,Online GNB,2
3100,0.83,1.0,1.0,1.0,Online GNB,2
3200,0.828,1.0,1.0,1.0,Online GNB,2
3300,0.826,1.0,1.0,1.0,Online GNB,2
3400,0.82,1.0,1.0,1.0,Online GNB,2
3500,0.832,1.0,1.0,1.0,Online GNB,2
3600,0.844,1.0,1.0,1.0,Online GNB,2
3700,0.836,1.0,1.0,1.0,Online GNB,2
3800,0.82,1.0,1.0,1.0,Online GNB,2
3900,0.836,1.0,1.0,1.0,Online GNB,2
4000,0.822,1.0,1.0,1.0,Online GNB,2
4100,0.814,1.0,1.0,1.0,Online GNB,2
4200,0.818,1.0,1.0,1.0,Online GNB,2
4300,0.82,1.0,1.0,1.0,Online GNB,2
4400,0.806,1.0,1.0,1.0,Online GNB,2
4500,0.814,1.0,1.0,1.0,Online GNB,2
4600,0.824,1.0,1.0,1.0,Online GNB,2
4700,0.828,1.0,1.0,1.0,Online GNB,2
4800,0.83,1.0,1.0,1.0,Online GNB,2
4900,0.834,1.0,1.0,1.0,Online GNB,2
5000,0.836,1.0,1.0,1.0,Online GNB,2
5100,0.826,1.0,1.0,1.0,Online GNB,2
5200,0.816,1.0,1.0,1.0,Online GNB,2
5300,0.826,1.0,1.0,1.0,Online GNB,2
5400,0.824,1.0,1.0,1.0,Online GNB,2
5500,0.834,1.0,1.0,1.0,Online GNB,2
5600,0.83,1.0,1.0,1.0,Online GNB,2
5700,0.844,1.0,1.0,1.0,Online GNB,2
5800,0.84,1.0,1.0,1.0,Online GNB,2
5900,0.842,1.0,1.0,1.0,Online GNB,2
6000,0.848,1.0,1.0,1.0,Online GNB,2
6100,0.842,1.0,1.0,1.0,Online GNB,2
6200,0.848,1.0,1.0,1.0,Online GNB,2
6300,0.852,1.0,1.0,1.0,Online GNB,2
6400,0.854,1.0,1.0,1.0,Online GNB,2
6500,0.844,1.0,1.0,1.0,Online GNB,2
6600,0.846,1.0,1.0,1.0,Online GNB,2
6700,0.824,1.0,1.0,1.0,Online GNB,2
6800,0.814,1.0,1.0,1.0,Online GNB,2
6900,0.812,1.0,1.0,1.0,Online GNB,2
7000,0.806,1.0,1.0,1.0,Online GNB,2
7100,0.826,1.0,1.0,1.0,Online GNB,2
7200,0.84,1.0,1.0,1.0,Online GNB,2
7300,0.854,1.0,1.0,1.0,Online GNB,2
7400,0.862,1.0,1.0,1.0,Online GNB,2
7500,0.876,1.0,1.0,1.0,Online GNB,2
7600,0.85,1.0,1.0,1.0,Online GNB,2
7700,0.84,1.0,1.0,1.0,Online GNB,2
7800,0.842,1.0,1.0,1.0,Online GNB,2
7900,0.84,1.0,1.0,1.0,Online GNB,2
300,0.89,0.8573525229441785,0.23713555407282802,1.1199723587698094,Online ABD-NB,3
400,0.89,0.8421556040453398,0.23529311551070065,1.1243476171484084,Online ABD-NB,3
500,0.895,0.7957475632081199,0.23744300917993144,1.1299323969520485,Online ABD-NB,3
600,0.876,0.8580199707485947,0.2419600623612055,1.1150366091806958,Online ABD-NB,3
700,0.898,0.7739094411715467,0.21628280495054142,0.9880656215208661,Online ABD-NB,3
800,0.894,0.9006988887295657,0.23776135024832015,1.1121221682967535,Online ABD-NB,3
900,0.904,0.8512585131302256,0.23718076682017505,1.1209428143247877,Online ABD-NB,3
1000,0.906,0.8343410880929287,0.23592722652140674,1.125015925463105,Online ABD-NB,3
1100,0.922,0.7663668763404248,0.23476542760766325,1.1375067596689326,Online ABD-NB,3
1200,0.902,0.7685043377861668,0.23632142529647338,1.135594518405832,Online ABD-NB,3
1300,0.9,0.7511431621607796,0.2336306657637305,1.1411788072094733,Online ABD-NB,3
1400,0.888,0.6850866812129481,0.22999963574687698,1.1558192507176306,Online ABD-NB,3
1500,0.874,0.773081902662935,0.23385268217805313,1.1373003340447907,Online ABD-NB,3
1600,0.886,0.7459938962506196,0.21430965290856943,0.9946913643829935,Online ABD-NB,3
1700,0.894,0.7116542786798201,0.21299580903445292,1.0017284778522437,Online ABD-NB,3
1800,0.886,0.7132458588626343,0.21400442678819895,1.0004545967346947,Online ABD-NB,3
1900,0.898,0.6934663817213932,0.2178808286053924,0.9998747744410426,Online ABD-NB,3
2000,0.904,0.8139240082241465,0.2413292741764057,1.1230167244529035,Online ABD-NB,3
2100,0.906,0.8448397944506983,0.23891871045986046,1.1202746571316908,Online ABD-NB,3
2200,0.912,0.8499332570409618,0.23271639985650625,1.1256280573033335,Online ABD-NB,3
2300,0.92,0.806241987261843,0.23500229431174682,1.1306240411446133,Online ABD-NB,3
2400,0.918,0.828739530794249,0.23815558696038922,1.1237211579072353,Online ABD-NB,3
2500,0.93,0.8715262071695181,0.23580485709125798,1.1189407750471556,Online ABD-NB,3
2600,0.922,0.8413029386435263,0.239349763498224,1.1204330800611881,Online ABD-NB,3
2700,0.922,0.7345420482070256,0.22079660312794205,0.9901130555042205,Online ABD-NB,3
2800,0.918,0.6895774512876286,0.2247418510360937,0.9936619070826351,Online ABD-NB,3
2900,0.918,0.7065065922245033,0.21589725167371052,0.999684982955539,Online ABD-NB,3
3000,0.904,0.6501659165423777,0.2095003803473626,1.0154719668955738,Online ABD-NB,3
3100,0.898,0.763179566253586,0.2370999768466484,1.1357034287777539,Online ABD-NB,3
3200,0.888,0.7658091663645061,0.23321586009004314,1.1391492788492057,Online ABD-NB,3
3300,0.892,0.7870386063111752,0.23382354105374523,1.1350033578943928,Online ABD-NB,3
3400,0.892,0.8064591387353945,0.2373890320240515,1.1282011115200496,Online ABD-NB,3
3500,0.91,0.8480987511076563,0.23766382896073798,1.120986379187987,Online ABD-NB,3
3600,0.92,0.8687222850924552,0.23922639648227248,1.115986556002318,Online ABD-NB,3
3700,0.912,0.7644741094078167,0.21902992679677236,0.9868910549685914,Online ABD-NB,3
3800,0.914,0.7832056139023634,0.23730462887850348,1.1321611021377698,Online ABD-NB,3
3900,0.916,0.7038338306847188,0.21607488938028396,0.9999528055055967,Online ABD-NB,3
4000,0.904,0.7753295115358755,0.23819732031063867,1.1325810944333823,Online ABD-NB,3
4100,0.872,0.9925689940912439,0.4855242483272347,0.682380919324225,Online ABD-NB,3
4200,0.876,1.042134353603194,0.836935388604108,0.4893755524620274,Online ABD-NB,3
4300,0.87,0.7781246889419889,0.8754941393969702,0.3281517457793653,Online ABD-NB,3
4400,0.868,0.7901721450777711,0.9279103365906506,0.2737276392297208,Online ABD-NB,3
4500,0.866,0.8552177195027418,1.0842335645449335,0.27323014887127645,Online ABD-NB,3
4600,0.886,0.9069115195388378,1.0885076561115152,0.2603404239653459,Online ABD-NB,3
4700,0.894,0.8270913186698649,1.1094847413786388,0.25266670550971754,Online ABD-NB,3
4800,0.896,0.739959543874979,1.1299282140068068,0.2467451953473635,Online ABD-NB,3
4900,0.896,0.8332778152089728,1.115803594020364,0.24531677011147365,Online ABD-NB,3
5000,0.89,0.8526164285414095,1.1142689071481409,0.24362835476162373,Online ABD-NB,3
5100,0.898,0.81457918719203,1.1160973763253959,0.24813942580926587,Online ABD-NB,3
5200,0.894,0.7080488044393779,0.9947271585472094,0.22059804071289324,Online ABD-NB,3
5300,0.902,0.6921078775008208,0.9991568984851632,0.2188251219313663,Online ABD-NB,3
5400,0.886,0.6487875467036385,1.0098512270856277,0.21535084846376618,Online ABD-NB,3
5500,0.894,0.78320963228968,1.1272465841215202,0.24221847716353373,Online ABD-NB,3
5600,0.89,0.8362519799328276,1.125523882970248,0.2351007870409477,Online ABD-NB,3
5700,0.902,0.87310730413135,1.1176945386581092,0.23678757731999792,Online ABD-NB,3
5800,0.892,0.8539192961210388,1.1250169394182354,0.23266317789492472,Online ABD-NB,3
5900,0.902,0.8240368980728664,1.1208258552618828,0.24183466172597237,Online ABD-NB,3
6000,0.908,0.8380932938616221,1.1284717109853233,0.23184607337107244,Online ABD-NB,3
6100,0.914,0.8310561940262262,1.1352028472117237,0.2262877871172386,Online ABD-NB,3
6200,0.908,0.8010304504730411,1.1266133167750674,0.2398816081460917,Online ABD-NB,3
6300,0.912,0.8505908667411372,1.1240504098457944,0.2341844456973502,Online ABD-NB,3
6400,0.914,0.8066878026536984,1.1330913466496968,0.2324606862413532,Online ABD-NB,3
6500,0.91,0.8215675703764298,1.131087330181862,0.23198474142206596,Online ABD-NB,3
6600,0.902,0.8161155100911693,1.134322095907243,0.229658652410895,Online ABD-NB,3
6700,0.906,0.9375818952933013,1.1039903488077987,0.23974600197665039,Online ABD-NB,3
6800,0.916,0.9243087897714016,1.1023008162845236,0.2436477187535767,Online ABD-NB,3
6900,0.916,0.9656706029612494,1.1043608825721378,0.23469401693432,Online ABD-NB,3
7000,0.908,0.9201770184173397,1.110623032536836,0.23601413106027402,Online ABD-NB,3
7100,0.904,0.9435311902938256,1.106592204651429,0.23615259696626648,Online ABD-NB,3
7200,0.89,0.8942819619378954,1.116273907383916,0.2346790989597672,Online ABD-NB,3
7300,0.886,0.8801041819015306,1.1183858404605547,0.23493012922252313,Online ABD-NB,3
7400,0.874,0.8488270226314648,1.1293179312894852,0.2292108982719374,Online ABD-NB,3
7500,0.888,0.7891113460693188,1.1372249648348836,0.23125647748689662,Online ABD-NB,3
7600,0.906,0.7919146826577331,1.1314265178007605,0.23658770175628283,Online ABD-NB,3
7700,0.91,0.8657884493756677,1.119982262802463,0.23571966230159214,Online ABD-NB,3
7800,0.902,0.7518123226731803,0.9955373652926988,0.21249391426177075,Online ABD-NB,3
7900,0.91,0.8302124962246166,1.1240918032317733,0.23753944739745694,Online ABD-NB,3
300,0.795,1.0,1.0,1.0,Online GNB,3
400,0.8133333333333334,1.0,1.0,1.0,Online GNB,3
500,0.8325,1.0,1.0,1.0,Online GNB,3
600,0.824,1.0,1.0,1.0,Online GNB,3
700,0.834,1.0,1.0,1.0,Online GNB,3
800,0.844,1.0,1.0,1.0,Online GNB,3
900,0.84,1.0,1.0,1.0,Online GNB,3
1000,0.838,1.0,1.0,1.0,Online GNB,3
1100,0.84,1.0,1.0,1.0,Online GNB,3
1200,0.836,1.0,1.0,1.0,Online GNB,3
1300,0.834,1.0,1.0,1.0,Online GNB,3
1400,0.84,1.0,1.0,1.0,Online GNB,3
1500,0.824,1.0,1.0,1.0,Online GNB,3
1600,0.836,1.0,1.0,1.0,Online GNB,3
1700,0.838,1.0,1.0,1.0,Online GNB,3
1800,0.842,1.0,1.0,1.0,Online GNB,3
1900,0.848,1.0,1.0,1.0,Online GNB,3
2000,0.854,1.0,1.0,1.0,Online GNB,3
2100,0.86,1.0,1.0,1.0,Online GNB,3
2200,0.86,1.0,1.0,1.0,Online GNB,3
2300,0.864,1.0,1.0,1.0,Online GNB,3
2400,0.86,1.0,1.0,1.0,Online GNB,3
2500,0.868,1.0,1.0,1.0,Online GNB,3
2600,0.86,1.0,1.0,1.0,Online GNB,3
2700,0.868,1.0,1.0,1.0,Online GNB,3
2800,0.862,1.0,1.0,1.0,Online GNB,3
2900,0.854,1.0,1.0,1.0,Online GNB,3
3000,0.836,1.0,1.0,1.0,Online GNB,3
3100,0.82,1.0,1.0,1.0,Online GNB,3
3200,0.808,1.0,1.0,1.0,Online GNB,3
3300,0.814,1.0,1.0,1.0,Online GNB,3
3400,0.814,1.0,1.0,1.0,Online GNB,3
3500,0.836,1.0,1.0,1.0,Online GNB,3
3600,0.86,1.0,1.0,1.0,Online GNB,3
3700,0.858,1.0,1.0,1.0,Online GNB,3
3800,0.854,1.0,1.0,1.0,Online GNB,3
3900,0.864,1.0,1.0,1.0,Online GNB,3
4000,0.84,1.0,1.0,1.0,Online GNB,3
4100,0.824,1.0,1.0,1.0,Online GNB,3
4200,0.834,1.0,1.0,1.0,Online GNB,3
4300,0.84,1.0,1.0,1.0,Online GNB,3
4400,0.83,1.0,1.0,1.0,Online GNB,3
4500,0.828,1.0,1.0,1.0,Online GNB,3
4600,0.828,1.0,1.0,1.0,Online GNB,3
4700,0.836,1.0,1.0,1.0,Online GNB,3
4800,0.838,1.0,1.0,1.0,Online GNB,3
4900,0.836,1.0,1.0,1.0,Online GNB,3
5000,0.846,1.0,1.0,1.0,Online GNB,3
5100,0.854,1.0,1.0,1.0,Online GNB,3
5200,0.84,1.0,1.0,1.0,Online GNB,3
5300,0.828,1.0,1.0,1.0,Online GNB,3
5400,0.832,1.0,1.0,1.0,Online GNB,3
5500,0.832,1.0,1.0,1.0,Online GNB,3
5600,0.828,1.0,1.0,1.0,Online GNB,3
5700,0.852,1.0,1.0,1.0,Online GNB,3
5800,0.862,1.0,1.0,1.0,Online GNB,3
5900,0.866,1.0,1.0,1.0,Online GNB,3
6000,0.872,1.0,1.0,1.0,Online GNB,3
6100,0.876,1.0,1.0,1.0,Online GNB,3
6200,0.858,1.0,1.0,1.0,Online GNB,3
6300,0.852,1.0,1.0,1.0,Online GNB,3
6400,0.854,1.0,1.0,1.0,Online GNB,3
6500,0.854,1.0,1.0,1.0,Online GNB,3
6600,0.856,1.0,1.0,1.0,Online GNB,3
6700,0.858,1.0,1.0,1.0,Online GNB,3
6800,0.864,1.0,1.0,1.0,Online GNB,3
6900,0.854,1.0,1.0,1.0,Online GNB,3
7000,0.854,1.0,1.0,1.0,Online GNB,3
7100,0.854,1.0,1.0,1.0,Online GNB,3
7200,0.842,1.0,1.0,1.0,Online GNB,3
7300,0.84,1.0,1.0,1.0,Online GNB,3
7400,0.836,1.0,1.0,1.0,Online GNB,3
7500,0.846,1.0,1.0,1.0,Online GNB,3
7600,0.836,1.0,1.0,1.0,Online GNB,3
7700,0.828,1.0,1.0,1.0,Online GNB,3
7800,0.818,1.0,1.0,1.0,Online GNB,3
7900,0.824,1.0,1.0,1.0,Online GNB,3
300,0.9,0.6891464268181003,0.21986831323898612,0.9986072822913311,Online ABD-NB,4
400,0.9033333333333333,0.6472474802788984,0.22347818156331478,1.0019805717235348,Online ABD-NB,4
500,0.9025,0.6332311489262467,0.20976860381527693,1.0180262046970148,Online ABD-NB,4
600,0.91,0.7703640058054944,0.2365327047700577,1.1350732942623598,Online ABD-NB,4
700,0.914,0.8310532796426553,0.23602030027407947,1.1254708197854788,Online ABD-NB,4
800,0.912,0.8443671549318253,0.22983666609569864,1.129435474748997,Online ABD-NB,4
900,0.902,0.8778857863569293,0.2312840080324479,1.122401694241398,Online ABD-NB,4
1000,0.91,0.6793819627742183,0.21940677946508522,1.0006962267392119,Online ABD-NB,4
1100,0.906,0.6535373419107795,0.21786952635960344,1.0065409166552666,Online ABD-NB,4
1200,0.912,0.6168267157708718,0.2169072531731497,1.0136216275317056,Online ABD-NB,4
1300,0.912,0.6500805102409144,0.22053470282834597,1.0044518787981687,Online ABD-NB,4
1400,0.92,0.6723038015489466,0.2222190342516712,0.9990636654901711,Online ABD-NB,4
1500,0.91,0.7403892907899301,0.22160050636843562,0.988334611833242,Online ABD-NB,4
1600,0.904,0.6935123503323,0.21302771597619694,1.0047202256350871,Online ABD-NB,4
1700,0.9,0.791440013743626,0.23379305554266283,1.1343002755000668,Online ABD-NB,4
1800,0.894,0.8229656022435439,0.23616169619325558,1.1266773700994877,Online ABD-NB,4
1900,0.902,0.8167192643353556,0.24095055896077835,1.1229295636499963,Online ABD-NB,4
2000,0.904,0.8102714633164119,0.24152884949751316,1.1234259066164176,Online ABD-NB,4
2100,0.902,0.8479732079095605,0.23877971374273568,1.1198914182723376,Online ABD-NB,4
2200,0.902,0.81871521074927,0.23919975425915996,1.124347710615961,Online ABD-NB,4
2300,0.902,0.7718638089328844,0.23119516661519698,1.1401608652293225,Online ABD-NB,4
2400,0.892,0.9061876992570593,0.22633755145402243,1.1226311653364676,Online ABD-NB,4
2500,0.9,0.8974719498868966,0.22917487657333624,1.1212464651121807,Online ABD-NB,4
2600,0.906,0.8824735527445642,0.23245933531462445,1.1204617392279486,Online ABD-NB,4
2700,0.9,0.9124764348591593,0.23642972181137692,1.111490872378763,Online ABD-NB,4
2800,0.906,0.924156574322075,0.2331167516176712,1.1128571526619826,Online ABD-NB,4
2900,0.918,0.872405259679469,0.23959056336180581,1.1150085600249493,Online ABD-NB,4
3000,0.91,0.8986179281874372,0.2367241487467376,1.1135061965553572,Online ABD-NB,4
3100,0.914,0.703947652779194,0.21859599179717093,0.9974127327396305,Online ABD-NB,4
3200,0.914,0.7664356849659368,0.23341434748878767,1.1388463716835564,Online ABD-NB,4
3300,0.916,0.7832771183027308,0.2417585675245817,1.1276952460916299,Online ABD-NB,4
3400,0.914,0.7777469562211087,0.23905536147313622,1.1313201458233457,Online ABD-NB,4
3500,0.91,0.8647880099943497,0.23638885994080341,1.1194798050601384,Online ABD-NB,4
3600,0.904,0.8451606766938015,0.23235775698691397,1.1267821302307859,Online ABD-NB,4
3700,0.91,0.8092570166767599,0.2343142788481125,1.1308095517057595,Online ABD-NB,4
3800,0.91,0.8117584540316458,0.24059728105971986,1.1241096432683393,Online ABD-NB,4
3900,0.906,0.7879334778774795,0.23890023216645676,1.1297775215206298,Online ABD-NB,4
4000,0.906,0.7045434597201273,0.23672073390717904,1.1458553561394662,Online ABD-NB,4
4100,0.884,0.8889470162951923,0.4807689838699672,0.7044065134141673,Online ABD-NB,4
4200,0.87,0.9782450475931718,0.8423463398589562,0.49461281887551456,Online ABD-NB,4
4300,0.872,0.8845967238570843,0.982474159118917,0.37009305357156963,Online ABD-NB,4
4400,0.87,0.7194252324513666,0.9396288823650586,0.27380024555971333,Online ABD-NB,4
4500,0.874,0.8122420180400866,1.0894264414410773,0.2751998888855744,Online ABD-NB,4
4600,0.894,0.7933713723317652,1.1099612709571134,0.25781016698759157,Online ABD-NB,4
4700,0.91,0.800205578703912,1.1119454722296531,0.25468693131969533,Online ABD-NB,4
4800,0.904,0.8637271162818743,1.1087182443032464,0.24732723631644105,Online ABD-NB,4
4900,0.902,0.7363489517776877,0.9859860680185499,0.22462244001850276,Online ABD-NB,4
5000,0.902,0.7313429333202907,0.9912184729372299,0.22022437150938826,Online ABD-NB,4
5100,0.906,0.7323847757035338,0.9908222554230073,0.2204469486264041,Online ABD-NB,4
5200,0.906,0.6819837650177906,1.0040215100160628,0.2156478624809721,Online ABD-NB,4
5300,0.91,0.7512260451807636,0.9869038654157549,0.2212251270541189,Online ABD-NB,4
5400,0.908,0.8675374518619636,1.1166976782670615,0.238712746422612,Online ABD-NB,4
5500,0.91,0.8700746245421144,1.119093826919254,0.23589373565706107,Online ABD-NB,4
5600,0.914,0.8730576424063573,1.1197034455142776,0.23478694741799613,Online ABD-NB,4
5700,0.91,0.8542565037272329,1.1274178348755004,0.2302060811699603,Online ABD-NB,4
5800,0.904,0.8061476975503626,1.132509626301931,0.23313242410634236,Online ABD-NB,4
5900,0.918,0.81363261006139,1.1245769303460078,0.23981763464376069,Online ABD-NB,4
6000,0.91,0.8190360610974191,1.1293434868639054,0.23415050295319081,Online ABD-NB,4
6100,0.908,0.7143704662209516,0.9993688422166386,0.2149027467465364,Online ABD-NB,4
6200,0.912,0.7297028364635025,0.99727850088005,0.21443769304270036,Online ABD-NB,4
6300,0.918,0.8151434416433354,1.1282199733269385,0.2359227863991722,Online ABD-NB,4
6400,0.914,0.8396722233752423,1.1322996771286296,0.22775495230882958,Online ABD-NB,4
6500,0.926,0.8417156629730692,1.1297120501148072,0.23000200605634802,Online ABD-NB,4
6600,0.922,0.8073638509514817,1.1323798073707207,0.23305955080403254,Online ABD-NB,4
6700,0.928,0.8097315097643913,1.121806258167917,0.2432384902046851,Online ABD-NB,4
6800,0.93,0.760578339545498,1.1393784892755698,0.23385845413351314,Online ABD-NB,4
6900,0.922,0.7916116307971868,1.1277047074652764,0.2403600207351936,Online ABD-NB,4
7000,0.922,0.7870699866444315,1.1247796911856434,0.24404197770695202,Online ABD-NB,4
7100,0.924,0.8328487800369001,1.1131043452585094,0.2480875247353397,Online ABD-NB,4
7200,0.924,0.7754222020853101,1.1197529258159336,0.2510100405031817,Online ABD-NB,4
7300,0.926,0.7488569242038484,1.1309664740764707,0.24422403855622088,Online ABD-NB,4
7400,0.928,0.6650631635806127,1.0072295897713233,0.21525988296524032,Online ABD-NB,4
7500,0.916,0.7498228415147551,1.1297541163924618,0.2452754100217458,Online ABD-NB,4
7600,0.908,0.6665349135687791,1.0074295980401116,0.21481458303175846,Online ABD-NB,4
7700,0.9,0.8495723664312066,1.118109789403143,0.24029481619165663,Online ABD-NB,4
7800,0.888,0.840718431172916,1.1215908742765937,0.23828938719458678,Online ABD-NB,4
7900,0.892,0.9205684867656967,1.1145352266378385,0.23203669223454626,Online ABD-NB,4
300,0.825,1.0,1.0,1.0,Online GNB,4
400,0.8133333333333334,1.0,1.0,1.0,Online GNB,4
500,0.805,1.0,1.0,1.0,Online GNB,4
600,0.812,1.0,1.0,1.0,Online GNB,4
700,0.824,1.0,1.0,1.0,Online GNB,4
800,0.814,1.0,1.0,1.0,Online GNB,4
900,0.812,1.0,1.0,1.0,Online GNB,4
1000,0.83,1.0,1.0,1.0,Online GNB,4
1100,0.84,1.0,1.0,1.0,Online GNB,4
1200,0.844,1.0,1.0,1.0,Online GNB,4
1300,0.846,1.0,1.0,1.0,Online GNB,4
1400,0.856,1.0,1.0,1.0,Online GNB,4
1500,0.85,1.0,1.0,1.0,Online GNB,4
1600,0.834,1.0,1.0,1.0,Online GNB,4
1700,0.83,1.0,1.0,1.0,Online GNB,4
1800,0.838,1.0,1.0,1.0,Online GNB,4
1900,0.838,1.0,1.0,1.0,Online GNB,4
2000,0.84,1.0,1.0,1.0,Online GNB,4
2100,0.84,1.0,1.0,1.0,Online GNB,4
2200,0.838,1.0,1.0,1.0,Online GNB,4
2300,0.826,1.0,1.0,1.0,Online GNB,4
2400,0.828,1.0,1.0,1.0,Online GNB,4
2500,0.832,1.0,1.0,1.0,Online GNB,4
2600,0.834,1.0,1.0,1.0,Online GNB,4
2700,0.83,1.0,1.0,1.0,Online GNB,4
2800,0.84,1.0,1.0,1.0,Online GNB,4
2900,0.838,1.0,1.0,1.0,Online GNB,4
3000,0.836,1.0,1.0,1.0,Online GNB,4
3100,0.86,1.0,1.0,1.0,Online GNB,4
3200,0.864,1.0,1.0,1.0,Online GNB,4
3300,0.854,1.0,1.0,1.0,Online GNB,4
3400,0.864,1.0,1.0,1.0,Online GNB,4
3500,0.858,1.0,1.0,1.0,Online GNB,4
3600,0.842,1.0,1.0,1.0,Online GNB,4
3700,0.842,1.0,1.0,1.0,Online GNB,4
3800,0.852,1.0,1.0,1.0,Online GNB,4
3900,0.852,1.0,1.0,1.0,Online GNB,4
4000,0.854,1.0,1.0,1.0,Online GNB,4
4100,0.864,1.0,1.0,1.0,Online GNB,4
4200,0.86,1.0,1.0,1.0,Online GNB,4
4300,0.866,1.0,1.0,1.0,Online GNB,4
4400,0.86,1.0,1.0,1.0,Online GNB,4
4500,0.856,1.0,1.0,1.0,Online GNB,4
4600,0.84,1.0,1.0,1.0,Online GNB,4
4700,0.838,1.0,1.0,1.0,Online GNB,4
4800,0.834,1.0,1.0,1.0,Online GNB,4
4900,0.826,1.0,1.0,1.0,Online GNB,4
5000,0.82,1.0,1.0,1.0,Online GNB,4
5100,0.83,1.0,1.0,1.0,Online GNB,4
5200,0.838,1.0,1.0,1.0,Online GNB,4
5300,0.836,1.0,1.0,1.0,Online GNB,4
5400,0.85,1.0,1.0,1.0,Online GNB,4
5500,0.854,1.0,1.0,1.0,Online GNB,4
5600,0.85,1.0,1.0,1.0,Online GNB,4
5700,0.842,1.0,1.0,1.0,Online GNB,4
5800,0.848,1.0,1.0,1.0,Online GNB,4
5900,0.852,1.0,1.0,1.0,Online GNB,4
6000,0.842,1.0,1.0,1.0,Online GNB,4
6100,0.832,1.0,1.0,1.0,Online GNB,4
6200,0.83,1.0,1.0,1.0,Online GNB,4
6300,0.82,1.0,1.0,1.0,Online GNB,4
6400,0.804,1.0,1.0,1.0,Online GNB,4
6500,0.828,1.0,1.0,1.0,Online GNB,4
6600,0.83,1.0,1.0,1.0,Online GNB,4
6700,0.844,1.0,1.0,1.0,Online GNB,4
6800,0.852,1.0,1.0,1.0,Online GNB,4
6900,0.862,1.0,1.0,1.0,Online GNB,4
7000,0.858,1.0,1.0,1.0,Online GNB,4
7100,0.872,1.0,1.0,1.0,Online GNB,4
7200,0.868,1.0,1.0,1.0,Online GNB,4
7300,0.874,1.0,1.0,1.0,Online GNB,4
7400,0.864,1.0,1.0,1.0,Online GNB,4
7500,0.854,1.0,1.0,1.0,Online GNB,4
7600,0.838,1.0,1.0,1.0,Online GNB,4
7700,0.824,1.0,1.0,1.0,Online GNB,4
7800,0.814,1.0,1.0,1.0,Online GNB,4
7900,0.816,1.0,1.0,1.0,Online GNB,4
300,0.9,0.6982268147933957,0.22016622203456374,0.9967959754998698,Online ABD-NB,5
400,0.89,0.6970113569536487,0.21114154754038514,1.0060232263006732,Online ABD-NB,5
500,0.905,0.6664226097941279,0.2057655213511689,1.0164973770164762,Online ABD-NB,5
600,0.9,0.6986542285697054,0.20595904196482143,1.0109319199402276,Online ABD-NB,5
700,0.898,0.6745399333621782,0.20898651711213367,1.0119234939941701,Online ABD-NB,5
800,0.894,0.8188199999915474,0.23135138826583113,1.1321786117355768,Online ABD-NB,5
900,0.902,0.6786043786828108,0.2109603925690864,1.0092722109837793,Online ABD-NB,5
1000,0.89,0.6763323559044031,0.21191358741697708,1.0086976865989554,Online ABD-NB,5
1100,0.89,0.8013773852240269,0.23104349585483455,1.1353936066078276,Online ABD-NB,5
1200,0.896,0.8044265476271697,0.2264500635298773,1.1394788451989277,Online ABD-NB,5
1300,0.9,0.8412275331517252,0.23158013927349774,1.128215271867881,Online ABD-NB,5
1400,0.904,0.8374076069848754,0.23799829756511692,1.1224337679374046,Online ABD-NB,5
1500,0.908,0.8677188494022532,0.24129634166175484,1.1140838501045351,Online ABD-NB,5
1600,0.912,0.727581884284061,0.2142589729366586,0.9978107130159972,Online ABD-NB,5
1700,0.912,0.6752078902591251,0.21305648908441968,1.0077421958723922,Online ABD-NB,5
1800,0.91,0.6516092360597029,0.2128795153128338,1.0118522786772155,Online ABD-NB,5
1900,0.904,0.6500717299848199,0.21480898322876418,1.010179061773766,Online ABD-NB,5
2000,0.904,0.6751922900654128,0.21041274723868086,1.0103885377504174,Online ABD-NB,5
2100,0.91,0.6846524177783567,0.214061540353776,1.0051630566831642,Online ABD-NB,5
2200,0.914,0.7290604530520671,0.21766347782528495,0.9941597799993706,Online ABD-NB,5
2300,0.908,0.7507409600318887,0.21649756998452266,0.9917122700101616,Online ABD-NB,5
2400,0.914,0.7484248435137518,0.21790725477691933,0.9906886046374556,Online ABD-NB,5
2500,0.908,0.7841442533019842,0.23663152377652844,1.1326777673398079,Online ABD-NB,5
2600,0.906,0.828284681379598,0.23767545854346772,1.1242770945599316,Online ABD-NB,5
2700,0.912,0.8675477061650996,0.23705595010127697,1.1183527655378735,Online ABD-NB,5
2800,0.912,0.8487946632446444,0.2380256805955411,1.120508542197019,Online ABD-NB,5
2900,0.91,0.7211370466796624,0.22001813207124596,0.9931256934821441,Online ABD-NB,5
3000,0.9,0.8628453409021246,0.237192114760171,1.119000328422809,Online ABD-NB,5
3100,0.892,0.8495178213744038,0.23364286691143485,1.124770829526165,Online ABD-NB,5
3200,0.884,0.8147886058473954,0.23162895198797828,1.132572947037455,Online ABD-NB,5
3300,0.896,0.7591573530978458,0.23716385471212284,1.1363099197715696,Online ABD-NB,5
3400,0.878,0.6775507012303816,0.21260627519694056,1.0078019412646622,Online ABD-NB,5
3500,0.902,0.7942076624909574,0.24058790840539845,1.1270441478461084,Online ABD-NB,5
3600,0.912,0.6779073851590476,0.21767760065374997,1.002671168486409,Online ABD-NB,5
3700,0.916,0.8087536991650988,0.2478754670108407,1.1173322497949771,Online ABD-NB,5
3800,0.912,0.820416330884077,0.24177575880292793,1.1214881860497266,Online ABD-NB,5
3900,0.94,0.8015292579500594,0.2402373228786275,1.1261744674630298,Online ABD-NB,5
4000,0.924,0.905776320213569,0.23718963545294772,1.1118476445114573,Online ABD-NB,5
4100,0.888,0.9012431328370465,0.4964014977884334,0.6867246467387252,Online ABD-NB,5
4200,0.878,0.878418154879292,0.8586886111536466,0.4949083630331385,Online ABD-NB,5
4300,0.87,0.696053597991588,0.8905181585589549,0.32680624177577966,Online ABD-NB,5
4400,0.86,0.7809836987225588,0.933270930838881,0.2698984527073593,Online ABD-NB,5
4500,0.854,0.9115598293915905,1.0784543435571141,0.26961901821095413,Online ABD-NB,5
4600,0.888,0.8894615168206318,1.0981301846366718,0.2536262292265557,Online ABD-NB,5
4700,0.9,0.8646220690454774,1.112578309179604,0.24331801264614994,Online ABD-NB,5
4800,0.908,0.9028545653487257,1.113813157652637,0.23571108145590844,Online ABD-NB,5
4900,0.906,0.8761235531758497,1.119298549592148,0.23468085821187676,Online ABD-NB,5
5000,0.928,0.8380080164312669,1.1232603916829962,0.23707160557845927,Online ABD-NB,5
5100,0.916,0.8070529941722046,1.1273073114158128,0.2381838562221534,Online ABD-NB,5
5200,0.914,0.7859106636189233,1.1391406074368444,0.22987428196000237,Online ABD-NB,5
5300,0.916,0.7363664935334512,1.1403203840162155,0.23695186706154145,Online ABD-NB,5
5400,0.922,0.7824396013542445,1.130748450622988,0.23884494915130486,Online ABD-NB,5
5500,0.904,0.8052474264872838,1.1275800128966127,0.23821208268884042,Online ABD-NB,5
5600,0.914,0.8218223409113092,1.132361336219526,0.23066827362858933,Online ABD-NB,5
5700,0.904,0.813587023368602,1.1307994988693075,0.2336026639025924,Online ABD-NB,5
5800,0.898,0.7452318395549965,0.9970005976130206,0.21212742912781354,Online ABD-NB,5
5900,0.892,0.8642756966896598,1.1195134870991506,0.23644056345257272,Online ABD-NB,5
6000,0.896,0.6972654342380018,1.006252367212493,0.21087006041450682,Online ABD-NB,5
6100,0.902,0.8245807854928262,1.1325466087231242,0.23002326036140489,Online ABD-NB,5
6200,0.914,0.7487095829207769,1.1355531039558882,0.23966196555731503,Online ABD-NB,5
6300,0.912,0.76597856892148,1.1309800540677566,0.24135685111199678,Online ABD-NB,5
6400,0.918,0.6138221090967414,1.0155487935895746,0.21548085489430202,Online ABD-NB,5
6500,0.922,0.6400906169153342,1.016105002992126,0.21054656085531728,Online ABD-NB,5
6600,0.914,0.6873694561375815,1.0010960580698514,0.21767569924055133,Online ABD-NB,5
6700,0.914,0.6403030434197732,1.0127303304659394,0.21388582896409766,Online ABD-NB,5
6800,0.906,0.711482197247117,0.999533252499444,0.21521971462603592,Online ABD-NB,5
6900,0.892,0.6588511619788053,1.011646881234474,0.21187792510239187,Online ABD-NB,5
7000,0.89,0.8038026904895778,1.1320255644962225,0.23400732042218142,Online ABD-NB,5
7100,0.898,0.8454418255247813,1.1230951880722353,0.23599784100696805,Online ABD-NB,5
7200,0.898,0.7241232136880638,1.002762136351855,0.2098839947001335,Online ABD-NB,5
7300,0.916,0.6365519967513277,1.0127954016577132,0.21444593221706468,Online ABD-NB,5
7400,0.922,0.6469575955725713,1.0152299590390998,0.2102771083654712,Online ABD-NB,5
7500,0.934,0.7753798310425719,1.1321850306007362,0.2385849975588359,Online ABD-NB,5
7600,0.93,0.8321689444873841,1.125645229150985,0.23565994676778343,Online ABD-NB,5
7700,0.928,0.8081766756153208,1.1365640665002907,0.22873982089715605,Online ABD-NB,5
7800,0.906,0.8323798335963454,1.1308717552750567,0.2303982724588847,Online ABD-NB,5
7900,0.896,0.8102745168318598,1.1351720511014514,0.22978219609323913,Online ABD-NB,5
300,0.815,1.0,1.0,1.0,Online GNB,5
400,0.8133333333333334,1.0,1.0,1.0,Online GNB,5
500,0.83,1.0,1.0,1.0,Online GNB,5
600,0.828,1.0,1.0,1.0,Online GNB,5
700,0.844,1.0,1.0,1.0,Online GNB,5
800,0.838,1.0,1.0,1.0,Online GNB,5
900,0.836,1.0,1.0,1.0,Online GNB,5
1000,0.818,1.0,1.0,1.0,Online GNB,5
1100,0.81,1.0,1.0,1.0,Online GNB,5
1200,0.822,1.0,1.0,1.0,Online GNB,5
1300,0.81,1.0,1.0,1.0,Online GNB,5
1400,0.818,1.0,1.0,1.0,Online GNB,5
1500,0.828,1.0,1.0,1.0,Online GNB,5
1600,0.848,1.0,1.0,1.0,Online GNB,5
1700,0.836,1.0,1.0,1.0,Online GNB,5
1800,0.838,1.0,1.0,1.0,Online GNB,5
1900,0.838,1.0,1.0,1.0,Online GNB,5
2000,0.834,1.0,1.0,1.0,Online GNB,5
2100,0.828,1.0,1.0,1.0,Online GNB,5
2200,0.836,1.0,1.0,1.0,Online GNB,5
2300,0.838,1.0,1.0,1.0,Online GNB,5
2400,0.842,1.0,1.0,1.0,Online GNB,5
2500,0.84,1.0,1.0,1.0,Online GNB,5
2600,0.834,1.0,1.0,1.0,Online GNB,5
2700,0.834,1.0,1.0,1.0,Online GNB,5
2800,0.846,1.0,1.0,1.0,Online GNB,5
2900,0.846,1.0,1.0,1.0,Online GNB,5
3000,0.844,1.0,1.0,1.0,Online GNB,5
3100,0.84,1.0,1.0,1.0,Online GNB,5
3200,0.828,1.0,1.0,1.0,Online GNB,5
3300,0.834,1.0,1.0,1.0,Online GNB,5
3400,0.814,1.0,1.0,1.0,Online GNB,5
3500,0.836,1.0,1.0,1.0,Online GNB,5
3600,0.86,1.0,1.0,1.0,Online GNB,5
3700,0.868,1.0,1.0,1.0,Online GNB,5
3800,0.866,1.0,1.0,1.0,Online GNB,5
3900,0.89,1.0,1.0,1.0,Online GNB,5
4000,0.87,1.0,1.0,1.0,Online GNB,5
4100,0.848,1.0,1.0,1.0,Online GNB,5
4200,0.85,1.0,1.0,1.0,Online GNB,5
4300,0.84,1.0,1.0,1.0,Online GNB,5
4400,0.834,1.0,1.0,1.0,Online GNB,5
4500,0.832,1.0,1.0,1.0,Online GNB,5
4600,0.848,1.0,1.0,1.0,Online GNB,5
4700,0.838,1.0,1.0,1.0,Online GNB,5
4800,0.848,1.0,1.0,1.0,Online GNB,5
4900,0.84,1.0,1.0,1.0,Online GNB,5
5000,0.85,1.0,1.0,1.0,Online GNB,5
5100,0.834,1.0,1.0,1.0,Online GNB,5
5200,0.848,1.0,1.0,1.0,Online GNB,5
5300,0.844,1.0,1.0,1.0,Online GNB,5
5400,0.856,1.0,1.0,1.0,Online GNB,5
5500,0.85,1.0,1.0,1.0,Online GNB,5
5600,0.86,1.0,1.0,1.0,Online GNB,5
5700,0.846,1.0,1.0,1.0,Online GNB,5
5800,0.85,1.0,1.0,1.0,Online GNB,5
5900,0.844,1.0,1.0,1.0,Online GNB,5
6000,0.854,1.0,1.0,1.0,Online GNB,5
6100,0.852,1.0,1.0,1.0,Online GNB,5
6200,0.858,1.0,1.0,1.0,Online GNB,5
6300,0.85,1.0,1.0,1.0,Online GNB,5
6400,0.858,1.0,1.0,1.0,Online GNB,5
6500,0.854,1.0,1.0,1.0,Online GNB,5
6600,0.848,1.0,1.0,1.0,Online GNB,5
6700,0.846,1.0,1.0,1.0,Online GNB,5
6800,0.836,1.0,1.0,1.0,Online GNB,5
6900,0.814,1.0,1.0,1.0,Online GNB,5
7000,0.806,1.0,1.0,1.0,Online GNB,5
7100,0.814,1.0,1.0,1.0,Online GNB,5
7200,0.82,1.0,1.0,1.0,Online GNB,5
7300,0.828,1.0,1.0,1.0,Online GNB,5
7400,0.838,1.0,1.0,1.0,Online GNB,5
7500,0.85,1.0,1.0,1.0,Online GNB,5
7600,0.858,1.0,1.0,1.0,Online GNB,5
7700,0.852,1.0,1.0,1.0,Online GNB,5
7800,0.84,1.0,1.0,1.0,Online GNB,5
7900,0.84,1.0,1.0,1.0,Online GNB,5
300,0.91,0.744479059012805,0.21135446594999743,0.9978990242145357,Online ABD-NB,6
400,0.9166666666666666,0.81122077324646,0.2351283722384241,1.129668165553833,Online ABD-NB,6
500,0.92,0.7383729686048948,0.22502331834599296,0.9852478535531909,Online ABD-NB,6
600,0.912,0.7186461962627886,0.214085573779719,0.9994733935098165,Online ABD-NB,6
700,0.91,0.8529347091598096,0.2341065791447466,1.123737635995285,Online ABD-NB,6
800,0.918,0.7326252969054313,0.2155324573711549,0.9956966598112746,Online ABD-NB,6
900,0.912,0.8055336575095672,0.2407666779544347,1.1249777124606382,Online ABD-NB,6
1000,0.908,0.8147808423079862,0.24028225495185349,1.1239209379968158,Online ABD-NB,6
1100,0.912,0.828888441625524,0.2477244300995435,1.114127496296202,Online ABD-NB,6
1200,0.918,0.7294367378755319,0.22545989945781328,0.9863006442295982,Online ABD-NB,6
1300,0.902,0.7078996045932006,0.2221596942760167,0.9931903716251167,Online ABD-NB,6
1400,0.902,0.8146515159819214,0.2423553636944027,1.1218693836419433,Online ABD-NB,6
1500,0.902,0.8240198413853609,0.24111331126182942,1.121550048507277,Online ABD-NB,6
1600,0.892,0.8689109143557268,0.23852745856379418,1.1166540557102522,Online ABD-NB,6
1700,0.89,0.7848922382698876,0.2215569997345442,0.9809609605538087,Online ABD-NB,6
1800,0.902,0.7292723566780989,0.2214930137883644,0.9902949267652859,Online ABD-NB,6
1900,0.912,0.6899858815416974,0.22203493164138155,0.996300754768335,Online ABD-NB,6
2000,0.91,0.700232228795616,0.22702037845886058,0.9896075834085359,Online ABD-NB,6
2100,0.934,0.6609482553745917,0.2293580669105376,0.9938172238603632,Online ABD-NB,6
2200,0.934,0.6927840588827286,0.22895342848990816,0.9889158950296362,Online ABD-NB,6
2300,0.932,0.7680695490290167,0.23166418409151743,0.9736575577369799,Online ABD-NB,6
2400,0.916,0.6189299609391337,0.23361960907691617,0.9965587307665617,Online ABD-NB,6
2500,0.918,0.6350365791725484,0.2124789343356334,1.0150149691356087,Online ABD-NB,6
2600,0.898,0.8044113155994176,0.2280510088210094,1.137880438579088,Online ABD-NB,6
2700,0.894,0.9037208116995191,0.2286663127449621,1.120713551971785,Online ABD-NB,6
2800,0.882,0.7937664293677169,0.23684507461734985,1.1308605204880309,Online ABD-NB,6
2900,0.892,0.8019602611038155,0.2378347436315161,1.1285052128511814,Online ABD-NB,6
3000,0.896,0.7483060217680801,0.23437734605966934,1.1409049836456506,Online ABD-NB,6
3100,0.904,0.8438748777773436,0.2382729721308647,1.1210812149062455,Online ABD-NB,6
3200,0.898,0.8430080577098675,0.23657861747111683,1.1229200395772383,Online ABD-NB,6
3300,0.91,0.8086531002880143,0.23223642463651728,1.1329880586488141,Online ABD-NB,6
3400,0.906,0.6599937712691255,0.20537404748024224,1.0179603239749044,Online ABD-NB,6
3500,0.902,0.6771550437864079,0.21450585419784896,1.005968305171083,Online ABD-NB,6
3600,0.91,0.6851843124986908,0.2111826448601826,1.0079533030567023,Online ABD-NB,6
3700,0.912,0.7511662407931641,0.210475845618646,0.9976631142491605,Online ABD-NB,6
3800,0.904,0.7590110540357504,0.2148047201638236,0.992026770830218,Online ABD-NB,6
3900,0.902,0.849158593697163,0.23519897997138953,1.1232745877457513,Online ABD-NB,6
4000,0.892,0.8933628779383774,0.22392363797933643,1.1271825490309342,Online ABD-NB,6
4100,0.868,0.9193103220859339,0.4632522067307281,0.716862739588283,Online ABD-NB,6
4200,0.868,1.0983265771694624,0.7907091924625872,0.5262363780091696,Online ABD-NB,6
4300,0.868,0.9225462404612714,0.8532032787430448,0.3263723478467429,Online ABD-NB,6
4400,0.87,0.8025380091127081,0.928663058740154,0.2709139397410619,Online ABD-NB,6
4500,0.876,0.7186166059299096,0.968529855613566,0.24503404339811588,Online ABD-NB,6
4600,0.902,0.7604933403895572,1.1106123685135851,0.2626387414214881,Online ABD-NB,6
4700,0.914,0.7466650236317426,1.1204975307313638,0.25505829866334523,Online ABD-NB,6
4800,0.918,0.7323125311347515,1.1348250015039356,0.24312290997360586,Online ABD-NB,6
4900,0.924,0.7026208068933465,1.1375608191548607,0.24533571302958254,Online ABD-NB,6
5000,0.936,0.7616114647806914,1.1298097848425146,0.24325497102737004,Online ABD-NB,6
5100,0.93,0.7703535981046781,1.1302774716445703,0.24133026200464902,Online ABD-NB,6
5200,0.918,0.8322903142630642,1.1274299761706523,0.23385497145217027,Online ABD-NB,6
5300,0.92,0.871417535937979,1.1217506346480874,0.23301310936225036,Online ABD-NB,6
5400,0.904,0.8568080045125245,1.1170574904471051,0.24014117546747368,Online ABD-NB,6
5500,0.9,0.7846782072802513,1.1257602265936912,0.24346007219293309,Online ABD-NB,6
5600,0.894,0.8144826866623542,1.1207811930098135,0.24347169254646137,Online ABD-NB,6
5700,0.896,0.8136913969324815,1.1251162770907597,0.23926849008716053,Online ABD-NB,6
5800,0.906,0.815294097656194,1.1287199121750404,0.2353977382155936,Online ABD-NB,6
5900,0.906,0.8952531906067313,1.115951706135609,0.2348394287632681,Online ABD-NB,6
6000,0.9,0.8062700906696977,1.130293586756163,0.2353280647988868,Online ABD-NB,6
6100,0.9,0.8546354975404787,1.1211535703476287,0.23640718006229175,Online ABD-NB,6
6200,0.902,0.7341575567830272,0.9962796919803029,0.21469404855585958,Online ABD-NB,6
6300,0.886,0.82451515654904,1.1251709628110629,0.2374098444307633,Online ABD-NB,6
6400,0.9,0.7612086218626126,0.9932199396388565,0.21324529005070794,Online ABD-NB,6
6500,0.904,0.697222736221733,1.003095680487996,0.21403386347504774,Online ABD-NB,6
6600,0.908,0.7438645232230748,0.9959197461220524,0.21343616667410129,Online ABD-NB,6
6700,0.918,0.7157756691926564,0.9967392296657284,0.21729815880216205,Online ABD-NB,6
6800,0.922,0.7003365272168045,0.9961830249053419,0.22042755389185684,Online ABD-NB,6
6900,0.92,0.9409471284683659,1.1094251897731884,0.23375028881541596,Online ABD-NB,6
7000,0.92,0.8115642173338328,0.9786260217563122,0.21944660868804935,Online ABD-NB,6
7100,0.914,0.8901417171613256,1.1117760855629595,0.23986696157682005,Online ABD-NB,6
7200,0.902,0.8874736964485873,1.1194468666989363,0.23264085055963155,Online ABD-NB,6
7300,0.908,0.8843220249783225,1.1180703461844266,0.23454264965251925,Online ABD-NB,6
7400,0.914,0.9086392203861613,1.1038961021130371,0.244664027822602,Online ABD-NB,6
7500,0.896,0.9278759476581008,1.1034528109698651,0.24190119775378557,Online ABD-NB,6
7600,0.886,0.8579941609896415,1.1105078244772368,0.2464931486911567,Online ABD-NB,6
7700,0.89,0.8429662767611782,1.1237332550634436,0.23577236547635963,Online ABD-NB,6
7800,0.87,0.9247869870900767,1.1138808399171307,0.2319879955678563,Online ABD-NB,6
7900,0.866,0.8912305525373763,1.1180206627582523,0.23344091181885196,Online ABD-NB,6
300,0.8,1.0,1.0,1.0,Online GNB,6
400,0.8233333333333334,1.0,1.0,1.0,Online GNB,6
500,0.8375,1.0,1.0,1.0,Online GNB,6
600,0.836,1.0,1.0,1.0,Online GNB,6
700,0.84,1.0,1.0,1.0,Online GNB,6
800,0.846,1.0,1.0,1.0,Online GNB,6
900,0.832,1.0,1.0,1.0,Online GNB,6
1000,0.836,1.0,1.0,1.0,Online GNB,6
1100,0.85,1.0,1.0,1.0,Online GNB,6
1200,0.858,1.0,1.0,1.0,Online GNB,6
1300,0.852,1.0,1.0,1.0,Online GNB,6
1400,0.862,1.0,1.0,1.0,Online GNB,6
1500,0.852,1.0,1.0,1.0,Online GNB,6
1600,0.838,1.0,1.0,1.0,Online GNB,6
1700,0.844,1.0,1.0,1.0,Online GNB,6
1800,0.846,1.0,1.0,1.0,Online GNB,6
1900,0.852,1.0,1.0,1.0,Online GNB,6
2000,0.85,1.0,1.0,1.0,Online GNB,6
2100,0.868,1.0,1.0,1.0,Online GNB,6
2200,0.864,1.0,1.0,1.0,Online GNB,6
2300,0.876,1.0,1.0,1.0,Online GNB,6
2400,0.878,1.0,1.0,1.0,Online GNB,6
2500,0.88,1.0,1.0,1.0,Online GNB,6
2600,0.838,1.0,1.0,1.0,Online GNB,6
2700,0.834,1.0,1.0,1.0,Online GNB,6
2800,0.82,1.0,1.0,1.0,Online GNB,6
2900,0.822,1.0,1.0,1.0,Online GNB,6
3000,0.818,1.0,1.0,1.0,Online GNB,6
3100,0.842,1.0,1.0,1.0,Online GNB,6
3200,0.844,1.0,1.0,1.0,Online GNB,6
3300,0.856,1.0,1.0,1.0,Online GNB,6
3400,0.84,1.0,1.0,1.0,Online GNB,6
3500,0.848,1.0,1.0,1.0,Online GNB,6
3600,0.864,1.0,1.0,1.0,Online GNB,6
3700,0.848,1.0,1.0,1.0,Online GNB,6
3800,0.838,1.0,1.0,1.0,Online GNB,6
3900,0.838,1.0,1.0,1.0,Online GNB,6
4000,0.844,1.0,1.0,1.0,Online GNB,6
4100,0.838,1.0,1.0,1.0,Online GNB,6
4200,0.852,1.0,1.0,1.0,Online GNB,6
4300,0.854,1.0,1.0,1.0,Online GNB,6
4400,0.852,1.0,1.0,1.0,Online GNB,6
4500,0.842,1.0,1.0,1.0,Online GNB,6
4600,0.842,1.0,1.0,1.0,Online GNB,6
4700,0.854,1.0,1.0,1.0,Online GNB,6
4800,0.86,1.0,1.0,1.0,Online GNB,6
4900,0.866,1.0,1.0,1.0,Online GNB,6
5000,0.862,1.0,1.0,1.0,Online GNB,6
5100,0.87,1.0,1.0,1.0,Online GNB,6
5200,0.856,1.0,1.0,1.0,Online GNB,6
5300,0.854,1.0,1.0,1.0,Online GNB,6
5400,0.85,1.0,1.0,1.0,Online GNB,6
5500,0.862,1.0,1.0,1.0,Online GNB,6
5600,0.83,1.0,1.0,1.0,Online GNB,6
5700,0.836,1.0,1.0,1.0,Online GNB,6
5800,0.838,1.0,1.0,1.0,Online GNB,6
5900,0.84,1.0,1.0,1.0,Online GNB,6
6000,0.834,1.0,1.0,1.0,Online GNB,6
6100,0.846,1.0,1.0,1.0,Online GNB,6
6200,0.848,1.0,1.0,1.0,Online GNB,6
6300,0.834,1.0,1.0,1.0,Online GNB,6
6400,0.84,1.0,1.0,1.0,Online GNB,6
6500,0.836,1.0,1.0,1.0,Online GNB,6
6600,0.842,1.0,1.0,1.0,Online GNB,6
6700,0.828,1.0,1.0,1.0,Online GNB,6
6800,0.848,1.0,1.0,1.0,Online GNB,6
6900,0.834,1.0,1.0,1.0,Online GNB,6
7000,0.838,1.0,1.0,1.0,Online GNB,6
7100,0.832,1.0,1.0,1.0,Online GNB,6
7200,0.838,1.0,1.0,1.0,Online GNB,6
7300,0.834,1.0,1.0,1.0,Online GNB,6
7400,0.848,1.0,1.0,1.0,Online GNB,6
7500,0.848,1.0,1.0,1.0,Online GNB,6
7600,0.852,1.0,1.0,1.0,Online GNB,6
7700,0.862,1.0,1.0,1.0,Online GNB,6
7800,0.838,1.0,1.0,1.0,Online GNB,6
7900,0.836,1.0,1.0,1.0,Online GNB,6
300,0.915,0.8444672731428098,0.24503939690958587,1.114216057566612,Online ABD-NB,7
400,0.8966666666666666,0.7533466634503253,0.21008189184043422,0.9976936642511774,Online ABD-NB,7
500,0.9025,0.8603344491554049,0.2401243169034982,1.116486608237268,Online ABD-NB,7
600,0.908,0.782831524812333,0.2194978407640045,0.9833635717672746,Online ABD-NB,7
700,0.914,0.7560282297748657,0.22092616840620585,0.9864024599646498,Online ABD-NB,7
800,0.902,0.7693700841329099,0.21875476455038745,0.9863502214274608,Online ABD-NB,7
900,0.902,0.7227824129061164,0.21554178059011528,0.9973278172588652,Online ABD-NB,7
1000,0.9,0.7562493386911815,0.21835626733034322,0.988935509554461,Online ABD-NB,7
1100,0.898,0.7595458783455159,0.21377201045604077,0.9929703431530402,Online ABD-NB,7
1200,0.89,0.7001554269149652,0.21332892507469706,1.003311837106141,Online ABD-NB,7
1300,0.894,0.7185859625774274,0.21271838669969248,1.0008506195374034,Online ABD-NB,7
1400,0.916,0.8226012184666243,0.23755807806483084,1.1253417188573989,Online ABD-NB,7
1500,0.918,0.702952674888236,0.21479152714159877,1.0013830270436952,Online ABD-NB,7
1600,0.92,0.8653695312431186,0.24423085735193686,1.1115408874408765,Online ABD-NB,7
1700,0.928,0.736941519257797,0.22140462852049114,0.9891051182698763,Online ABD-NB,7
1800,0.934,0.8468101438794898,0.24686919867655124,1.111995777343533,Online ABD-NB,7
1900,0.926,0.9024963502625887,0.24316558623410034,1.1064183553888014,Online ABD-NB,7
2000,0.928,0.8433230658466038,0.2423059498446087,1.1171402058476239,Online ABD-NB,7
2100,0.928,0.764819557209567,0.24456106236494154,1.1279690114334635,Online ABD-NB,7
2200,0.92,0.7960815848431926,0.24206173880210002,1.1252579970573677,Online ABD-NB,7
2300,0.916,0.7827288982385159,0.24054591461872588,1.1289992690081883,Online ABD-NB,7
2400,0.912,0.8108429060356446,0.24365316679454307,1.1212063488661828,Online ABD-NB,7
2500,0.906,0.7036083126337584,0.21656411189750335,0.9995011693302033,Online ABD-NB,7
2600,0.89,0.7962636445843122,0.2381970872900158,1.1290923052792656,Online ABD-NB,7
2700,0.882,0.8205198571725463,0.24093612850370183,1.12231056196754,Online ABD-NB,7
2800,0.892,0.8858070490181783,0.23940978664787663,1.1129557051824268,Online ABD-NB,7
2900,0.894,0.8876205378524329,0.2465376641621155,1.105525579529146,Online ABD-NB,7
3000,0.886,0.8548996344705893,0.23644877824985833,1.1210679493383766,Online ABD-NB,7
3100,0.902,0.8270085791108464,0.23716398777061654,1.1250012490442416,Online ABD-NB,7
3200,0.908,0.8015706318159734,0.23992412861092038,1.1264807660864173,Online ABD-NB,7
3300,0.9,0.8088202135141458,0.23867785959876,1.1265187714822158,Online ABD-NB,7
3400,0.89,0.8777925979464117,0.23181299988685455,1.121888233788743,Online ABD-NB,7
3500,0.898,0.7952356263590836,0.22981716126294968,1.1376435676772023,Online ABD-NB,7
3600,0.9,0.77333585566795,0.24573522842087123,1.1253754623011376,Online ABD-NB,7
3700,0.898,0.7607757922759721,0.2387579186663968,1.1344461159542754,Online ABD-NB,7
3800,0.892,0.8263610025933238,0.23795962568047688,1.1243135405539686,Online ABD-NB,7
3900,0.898,0.8504070919662289,0.23812628394608856,1.1201392007262077,Online ABD-NB,7
4000,0.902,0.8652527834300627,0.23680348215302707,1.1189877206086298,Online ABD-NB,7
4100,0.86,1.0861062821853062,0.5277373347388782,0.7912449515635699,Online ABD-NB,7
4200,0.86,1.0579334457464205,0.8159849154161027,0.5076928436261594,Online ABD-NB,7
4300,0.87,1.0115501817384664,0.9615563417669075,0.3698519612766807,Online ABD-NB,7
4400,0.864,0.8320929895141215,0.9167469773516426,0.27790419106266956,Online ABD-NB,7
4500,0.86,0.9149362721493255,1.0797692024282604,0.2677414188801853,Online ABD-NB,7
4600,0.892,0.8554959271433483,1.0960459285998452,0.2613714168762637,Online ABD-NB,7
4700,0.904,0.9588668780233734,1.0953803185692554,0.24480853509351583,Online ABD-NB,7
4800,0.9,0.8010457603652972,1.1244385746417882,0.24205379863066204,Online ABD-NB,7
4900,0.906,0.7679420529891335,1.1348854618954938,0.2371241959396505,Online ABD-NB,7
5000,0.916,0.8195355816568968,1.1251822672853364,0.23822846910518122,Online ABD-NB,7
5100,0.918,0.8362433987937817,1.1254900099259237,0.23513609027511326,Online ABD-NB,7
5200,0.908,0.8200663014459731,1.1273220641084374,0.23600021898390058,Online ABD-NB,7
5300,0.904,0.9420447726982304,1.112205515804318,0.2307870220793098,Online ABD-NB,7
5400,0.908,0.909367933038003,1.1193816497569586,0.22905702807003983,Online ABD-NB,7
5500,0.896,0.917477459894358,1.1080610544181915,0.23902603559941507,Online ABD-NB,7
5600,0.894,0.925345628442398,1.1103427002363377,0.23543302835659607,Online ABD-NB,7
5700,0.89,0.9068086427581243,1.1175414031079083,0.23132382309907074,Online ABD-NB,7
5800,0.904,0.9038900130715496,1.1078631887225947,0.24148847576547885,Online ABD-NB,7
5900,0.91,0.8628372910415467,1.1149954931253723,0.24119829170103613,Online ABD-NB,7
6000,0.914,0.8638391567706097,1.113205684507405,0.2428211226974942,Online ABD-NB,7
6100,0.918,0.7149150638207266,0.9944802852510621,0.21970053744548376,Online ABD-NB,7
6200,0.924,0.8906416373531232,1.108399882600555,0.2431598445072586,Online ABD-NB,7
6300,0.906,0.7500578931684728,0.9914332024712734,0.21689048200064817,Online ABD-NB,7
6400,0.888,0.8377021622069711,1.1272358387093047,0.2331471342561997,Online ABD-NB,7
6500,0.892,0.7637752086611445,1.1395313283919941,0.23317280349781522,Online ABD-NB,7
6600,0.894,0.8400786829519413,1.1316114080244928,0.22837547815018377,Online ABD-NB,7
6700,0.89,0.8461853842048261,1.1216167363144425,0.2373523663180864,Online ABD-NB,7
6800,0.904,0.7657560326753857,0.987820878463384,0.21788644942405166,Online ABD-NB,7
6900,0.918,0.7394952635854526,0.9927903222998032,0.21729380043595467,Online ABD-NB,7
7000,0.916,0.7858145940239502,1.1196762299733798,0.24935467102262995,Online ABD-NB,7
7100,0.92,0.6648948432157056,1.0045578180775858,0.2179597080531305,Online ABD-NB,7
7200,0.934,0.8051987207813353,1.124590585425016,0.24120962777809465,Online ABD-NB,7
7300,0.924,0.6631401443098804,1.0120154263325993,0.21079454961575375,Online ABD-NB,7
7400,0.922,0.7846313316266944,1.1362857756797446,0.23294233571580625,Online ABD-NB,7
7500,0.914,0.8209985239872017,1.126852383176183,0.2363145294926168,Online ABD-NB,7
7600,0.912,0.8678077948544909,1.1242676308130937,0.23109773671115788,Online ABD-NB,7
7700,0.896,0.7218147689747965,1.0084543016257814,0.20457657021175232,Online ABD-NB,7
7800,0.906,0.7248323791413229,0.9972448332703983,0.21528310353938152,Online ABD-NB,7
7900,0.906,0.8675763059689658,1.1163801557919384,0.23902379321323375,Online ABD-NB,7
300,0.84,1.0,1.0,1.0,Online GNB,7
400,0.8233333333333334,1.0,1.0,1.0,Online GNB,7
500,0.8275,1.0,1.0,1.0,Online GNB,7
600,0.836,1.0,1.0,1.0,Online GNB,7
700,0.852,1.0,1.0,1.0,Online GNB,7
800,0.84,1.0,1.0,1.0,Online GNB,7
900,0.846,1.0,1.0,1.0,Online GNB,7
1000,0.856,1.0,1.0,1.0,Online GNB,7
1100,0.858,1.0,1.0,1.0,Online GNB,7
1200,0.84,1.0,1.0,1.0,Online GNB,7
1300,0.836,1.0,1.0,1.0,Online GNB,7
1400,0.84,1.0,1.0,1.0,Online GNB,7
1500,0.82,1.0,1.0,1.0,Online GNB,7
1600,0.824,1.0,1.0,1.0,Online GNB,7
1700,0.844,1.0,1.0,1.0,Online GNB,7
1800,0.86,1.0,1.0,1.0,Online GNB,7
1900,0.856,1.0,1.0,1.0,Online GNB,7
2000,0.874,1.0,1.0,1.0,Online GNB,7
2100,0.87,1.0,1.0,1.0,Online GNB,7
2200,0.848,1.0,1.0,1.0,Online GNB,7
2300,0.846,1.0,1.0,1.0,Online GNB,7
2400,0.85,1.0,1.0,1.0,Online GNB,7
2500,0.848,1.0,1.0,1.0,Online GNB,7
2600,0.836,1.0,1.0,1.0,Online GNB,7
2700,0.84,1.0,1.0,1.0,Online GNB,7
2800,0.842,1.0,1.0,1.0,Online GNB,7
2900,0.854,1.0,1.0,1.0,Online GNB,7
3000,0.832,1.0,1.0,1.0,Online GNB,7
3100,0.84,1.0,1.0,1.0,Online GNB,7
3200,0.834,1.0,1.0,1.0,Online GNB,7
3300,0.844,1.0,1.0,1.0,Online GNB,7
3400,0.818,1.0,1.0,1.0,Online GNB,7
3500,0.84,1.0,1.0,1.0,Online GNB,7
3600,0.848,1.0,1.0,1.0,Online GNB,7
3700,0.858,1.0,1.0,1.0,Online GNB,7
3800,0.834,1.0,1.0,1.0,Online GNB,7
3900,0.85,1.0,1.0,1.0,Online GNB,7
4000,0.858,1.0,1.0,1.0,Online GNB,7
4100,0.836,1.0,1.0,1.0,Online GNB,7
4200,0.842,1.0,1.0,1.0,Online GNB,7
4300,0.85,1.0,1.0,1.0,Online GNB,7
4400,0.836,1.0,1.0,1.0,Online GNB,7
4500,0.818,1.0,1.0,1.0,Online GNB,7
4600,0.836,1.0,1.0,1.0,Online GNB,7
4700,0.824,1.0,1.0,1.0,Online GNB,7
4800,0.832,1.0,1.0,1.0,Online GNB,7
4900,0.848,1.0,1.0,1.0,Online GNB,7
5000,0.862,1.0,1.0,1.0,Online GNB,7
5100,0.862,1.0,1.0,1.0,Online GNB,7
5200,0.862,1.0,1.0,1.0,Online GNB,7
5300,0.854,1.0,1.0,1.0,Online GNB,7
5400,0.846,1.0,1.0,1.0,Online GNB,7
5500,0.84,1.0,1.0,1.0,Online GNB,7
5600,0.836,1.0,1.0,1.0,Online GNB,7
5700,0.826,1.0,1.0,1.0,Online GNB,7
5800,0.836,1.0,1.0,1.0,Online GNB,7
5900,0.834,1.0,1.0,1.0,Online GNB,7
6000,0.832,1.0,1.0,1.0,Online GNB,7
6100,0.84,1.0,1.0,1.0,Online GNB,7
6200,0.854,1.0,1.0,1.0,Online GNB,7
6300,0.838,1.0,1.0,1.0,Online GNB,7
6400,0.822,1.0,1.0,1.0,Online GNB,7
6500,0.83,1.0,1.0,1.0,Online GNB,7
6600,0.806,1.0,1.0,1.0,Online GNB,7
6700,0.8,1.0,1.0,1.0,Online GNB,7
6800,0.814,1.0,1.0,1.0,Online GNB,7
6900,0.848,1.0,1.0,1.0,Online GNB,7
7000,0.844,1.0,1.0,1.0,Online GNB,7
7100,0.864,1.0,1.0,1.0,Online GNB,7
7200,0.872,1.0,1.0,1.0,Online GNB,7
7300,0.86,1.0,1.0,1.0,Online GNB,7
7400,0.85,1.0,1.0,1.0,Online GNB,7
7500,0.844,1.0,1.0,1.0,Online GNB,7
7600,0.838,1.0,1.0,1.0,Online GNB,7
7700,0.838,1.0,1.0,1.0,Online GNB,7
7800,0.856,1.0,1.0,1.0,Online GNB,7
7900,0.852,1.0,1.0,1.0,Online GNB,7
300,0.89,0.8858206321644734,0.2414690860574746,1.1108941419151135,Online ABD-NB,8
400,0.9133333333333333,0.8943397352891642,0.23904701548047158,1.111896361971335,Online ABD-NB,8
500,0.9175,0.8689982827782708,0.24431436783672042,1.1108525850335675,Online ABD-NB,8
600,0.918,0.808638604601285,0.24544626862605615,1.1197806306070632,Online ABD-NB,8
700,0.916,0.7880540206715564,0.24633614475475454,1.1223215184666526,Online ABD-NB,8
800,0.92,0.6933288569802429,0.21739578458928102,1.000382739247345,Online ABD-NB,8
900,0.91,0.7636133033290712,0.23966549830569614,1.1330656178061258,Online ABD-NB,8
1000,0.902,0.7675471112550841,0.2397619520643828,1.132313529393104,Online ABD-NB,8
1100,0.91,0.6986548691068418,0.2218225705303557,0.9950682846185037,Online ABD-NB,8
1200,0.91,0.8456868915982306,0.2366849144100638,1.1223672703235654,Online ABD-NB,8
1300,0.92,0.6400053567723928,0.21164086869583773,1.01502490517543,Online ABD-NB,8
1400,0.924,0.630398044418922,0.21311939935633725,1.01514759324051,Online ABD-NB,8
1500,0.934,0.7268258949178171,0.24000329266083997,1.1388590581861897,Online ABD-NB,8
1600,0.902,0.7363415997185877,0.2398061621409825,1.1374702379059196,Online ABD-NB,8
1700,0.906,0.6725720734407556,0.2188649195051066,1.0023730682547676,Online ABD-NB,8
1800,0.898,0.8612755787965052,0.23139307742470103,1.1250609927758823,Online ABD-NB,8
1900,0.892,0.8676336012094912,0.23922559633302276,1.1161688034653954,Online ABD-NB,8
2000,0.882,0.8843362138972896,0.22892116415306293,1.1236894668640547,Online ABD-NB,8
2100,0.886,0.9596409657013063,0.22731960692899067,1.1127402321207913,Online ABD-NB,8
2200,0.886,0.9001182387374153,0.2304429918648843,1.1195373016788805,Online ABD-NB,8
2300,0.9,0.7670628074782633,0.23088185288188035,1.1412743458717425,Online ABD-NB,8
2400,0.904,0.7029770308753522,0.21476735626529397,1.0014031385888138,Online ABD-NB,8
2500,0.902,0.6660483538864792,0.21449062886708692,1.0078346454851659,Online ABD-NB,8
2600,0.922,0.6723935445295515,0.2190418722066504,1.0022258703717581,Online ABD-NB,8
2700,0.916,0.6873057022435908,0.21140777168344305,1.0073746112759592,Online ABD-NB,8
2800,0.908,0.6602475554354909,0.2185811195324082,1.0047109545616772,Online ABD-NB,8
2900,0.896,0.6846243725034866,0.20885822415020236,1.0103710470992158,Online ABD-NB,8
3000,0.9,0.8591279588828,0.23009198012927667,1.12672002672359,Online ABD-NB,8
3100,0.888,0.8021669596745429,0.2432960693318055,1.1230094373891044,Online ABD-NB,8
3200,0.892,0.7626446385074424,0.24151944339053755,1.1313731168582233,Online ABD-NB,8
3300,0.884,0.7947945152762081,0.24463977079743018,1.1228944766565345,Online ABD-NB,8
3400,0.892,0.7474233447626374,0.2218892708762481,0.9868735049966464,Online ABD-NB,8
3500,0.888,0.6967876638002648,0.21545208562918136,1.0017499704041075,Online ABD-NB,8
3600,0.9,0.8565278787836239,0.24081324443470828,1.116432109101354,Online ABD-NB,8
3700,0.904,0.846956256958526,0.2454590855322307,1.113381538308015,Online ABD-NB,8
3800,0.898,0.7393535358962479,0.21924876401372576,0.990858980003566,Online ABD-NB,8
3900,0.898,0.8331904335404005,0.2412856890165707,1.119849238726696,Online ABD-NB,8
4000,0.896,0.7611761316238842,0.22448507357276626,0.9819855711565868,Online ABD-NB,8
4100,0.872,0.8619043280490292,0.5882421263796896,0.7681071522788055,Online ABD-NB,8
4200,0.858,0.8723411434798067,0.8490391100885178,0.5055706993315154,Online ABD-NB,8
4300,0.862,0.7652471385696661,0.88012153691608,0.3256706066556428,Online ABD-NB,8
4400,0.85,0.7504241602192714,0.9342013793052892,0.2740612606581662,Online ABD-NB,8
4500,0.86,0.8980976500467681,1.071250772463056,0.2790662858624825,Online ABD-NB,8
4600,0.886,0.8729323580476954,1.088417788090122,0.2660934855685954,Online ABD-NB,8
4700,0.888,0.7680483469141053,1.1167085899233307,0.25528335225765125,Online ABD-NB,8
4800,0.896,0.6305507256823961,1.005844171001326,0.22239737471827434,Online ABD-NB,8
4900,0.908,0.7847677899758092,1.1227192262458834,0.24648614209148192,Online ABD-NB,8
5000,0.906,0.9026626447730385,1.1142358168555864,0.23532040901557527,Online ABD-NB,8
5100,0.9,0.8754261300222468,1.114426911081434,0.2396687339148583,Online ABD-NB,8
5200,0.906,0.8682147515023734,1.1149427309825752,0.24035481043369641,Online ABD-NB,8
5300,0.898,0.8732633537878838,1.114776707362846,0.2396794003391742,Online ABD-NB,8
5400,0.886,0.8718215669432539,1.1223093323253743,0.23238707318408303,Online ABD-NB,8
5500,0.89,0.8149302208020514,1.1266571789993087,0.2375211175336829,Online ABD-NB,8
5600,0.884,0.8085564202999886,1.1315920369572323,0.23364855965943587,Online ABD-NB,8
5700,0.894,0.7674414633565619,1.1353517410562912,0.23674134838428082,Online ABD-NB,8
5800,0.9,0.6936945398459542,1.0015607892102418,0.21615678748209985,Online ABD-NB,8
5900,0.91,0.7009477453797955,0.9936773149154936,0.22283139418787468,Online ABD-NB,8
6000,0.904,0.665459870025137,1.003030358096603,0.21939299689920744,Online ABD-NB,8
6100,0.902,0.6634293638215447,1.0106163975664169,0.2121453751299923,Online ABD-NB,8
6200,0.888,0.7149976052230721,1.0007578092501734,0.2134092565459819,Online ABD-NB,8
6300,0.902,0.7363037936583136,1.000327064471276,0.21028896991900484,Online ABD-NB,8
6400,0.912,0.7132288548818289,1.005905209373142,0.2085566481465531,Online ABD-NB,8
6500,0.914,0.8053460672658286,1.1305625293192574,0.23521312613643697,Online ABD-NB,8
6600,0.916,0.8060444059127442,1.1285786755136007,0.2370805901676087,Online ABD-NB,8
6700,0.922,0.8451030093272183,1.1245963942084243,0.23455310423703904,Online ABD-NB,8
6800,0.91,0.8121825267927781,1.127650426609436,0.23698581892510037,Online ABD-NB,8
6900,0.9,0.8119010541786797,1.1263198825181016,0.23836327511878566,Online ABD-NB,8
7000,0.896,0.8499391763497787,1.122276903024603,0.23606656758376765,Online ABD-NB,8
7100,0.914,0.8123569577892691,1.1313943932678991,0.23321278043388963,Online ABD-NB,8
7200,0.914,0.8660635513133198,1.1279738694501458,0.22768220533096775,Online ABD-NB,8
7300,0.91,0.8203369882776569,1.1343743941129538,0.22890277450743693,Online ABD-NB,8
7400,0.914,0.8527198625005219,1.1304765790426095,0.22740344387397018,Online ABD-NB,8
7500,0.914,0.8895861421056842,1.122737534052978,0.2289981089294073,Online ABD-NB,8
7600,0.902,0.8461001694399284,1.1278303219447148,0.23115298314863067,Online ABD-NB,8
7700,0.906,0.8195516802146168,1.1284345012504882,0.23497355204707557,Online ABD-NB,8
7800,0.906,0.7874593561183372,1.1276378630201929,0.24111891096008434,Online ABD-NB,8
7900,0.9,0.8107163071488843,1.1304408875147332,0.23443972796045212,Online ABD-NB,8
300,0.86,1.0,1.0,1.0,Online GNB,8
400,0.8666666666666667,1.0,1.0,1.0,Online GNB,8
500,0.87,1.0,1.0,1.0,Online GNB,8
600,0.87,1.0,1.0,1.0,Online GNB,8
700,0.87,1.0,1.0,1.0,Online GNB,8
800,0.866,1.0,1.0,1.0,Online GNB,8
900,0.872,1.0,1.0,1.0,Online GNB,8
1000,0.864,1.0,1.0,1.0,Online GNB,8
1100,0.86,1.0,1.0,1.0,Online GNB,8
1200,0.844,1.0,1.0,1.0,Online GNB,8
1300,0.842,1.0,1.0,1.0,Online GNB,8
1400,0.84,1.0,1.0,1.0,Online GNB,8
1500,0.844,1.0,1.0,1.0,Online GNB,8
1600,0.828,1.0,1.0,1.0,Online GNB,8
1700,0.84,1.0,1.0,1.0,Online GNB,8
1800,0.844,1.0,1.0,1.0,Online GNB,8
1900,0.826,1.0,1.0,1.0,Online GNB,8
2000,0.816,1.0,1.0,1.0,Online GNB,8
2100,0.8,1.0,1.0,1.0,Online GNB,8
2200,0.798,1.0,1.0,1.0,Online GNB,8
2300,0.812,1.0,1.0,1.0,Online GNB,8
2400,0.808,1.0,1.0,1.0,Online GNB,8
2500,0.798,1.0,1.0,1.0,Online GNB,8
2600,0.832,1.0,1.0,1.0,Online GNB,8
2700,0.828,1.0,1.0,1.0,Online GNB,8
2800,0.828,1.0,1.0,1.0,Online GNB,8
2900,0.84,1.0,1.0,1.0,Online GNB,8
3000,0.852,1.0,1.0,1.0,Online GNB,8
3100,0.836,1.0,1.0,1.0,Online GNB,8
3200,0.842,1.0,1.0,1.0,Online GNB,8
3300,0.826,1.0,1.0,1.0,Online GNB,8
3400,0.822,1.0,1.0,1.0,Online GNB,8
3500,0.826,1.0,1.0,1.0,Online GNB,8
3600,0.844,1.0,1.0,1.0,Online GNB,8
3700,0.848,1.0,1.0,1.0,Online GNB,8
3800,0.85,1.0,1.0,1.0,Online GNB,8
3900,0.84,1.0,1.0,1.0,Online GNB,8
4000,0.832,1.0,1.0,1.0,Online GNB,8
4100,0.824,1.0,1.0,1.0,Online GNB,8
4200,0.814,1.0,1.0,1.0,Online GNB,8
4300,0.818,1.0,1.0,1.0,Online GNB,8
4400,0.816,1.0,1.0,1.0,Online GNB,8
4500,0.836,1.0,1.0,1.0,Online GNB,8
4600,0.84,1.0,1.0,1.0,Online GNB,8
4700,0.84,1.0,1.0,1.0,Online GNB,8
4800,0.842,1.0,1.0,1.0,Online GNB,8
4900,0.854,1.0,1.0,1.0,Online GNB,8
5000,0.828,1.0,1.0,1.0,Online GNB,8
5100,0.826,1.0,1.0,1.0,Online GNB,8
5200,0.836,1.0,1.0,1.0,Online GNB,8
5300,0.838,1.0,1.0,1.0,Online GNB,8
5400,0.82,1.0,1.0,1.0,Online GNB,8
5500,0.832,1.0,1.0,1.0,Online GNB,8
5600,0.834,1.0,1.0,1.0,Online GNB,8
5700,0.842,1.0,1.0,1.0,Online GNB,8
5800,0.826,1.0,1.0,1.0,Online GNB,8
5900,0.858,1.0,1.0,1.0,Online GNB,8
6000,0.872,1.0,1.0,1.0,Online GNB,8
6100,0.87,1.0,1.0,1.0,Online GNB,8
6200,0.848,1.0,1.0,1.0,Online GNB,8
6300,0.866,1.0,1.0,1.0,Online GNB,8
6400,0.852,1.0,1.0,1.0,Online GNB,8
6500,0.838,1.0,1.0,1.0,Online GNB,8
6600,0.846,1.0,1.0,1.0,Online GNB,8
6700,0.856,1.0,1.0,1.0,Online GNB,8
6800,0.856,1.0,1.0,1.0,Online GNB,8
6900,0.866,1.0,1.0,1.0,Online GNB,8
7000,0.854,1.0,1.0,1.0,Online GNB,8
7100,0.856,1.0,1.0,1.0,Online GNB,8
7200,0.856,1.0,1.0,1.0,Online GNB,8
7300,0.846,1.0,1.0,1.0,Online GNB,8
7400,0.838,1.0,1.0,1.0,Online GNB,8
7500,0.846,1.0,1.0,1.0,Online GNB,8
7600,0.834,1.0,1.0,1.0,Online GNB,8
7700,0.84,1.0,1.0,1.0,Online GNB,8
7800,0.848,1.0,1.0,1.0,Online GNB,8
7900,0.838,1.0,1.0,1.0,Online GNB,8
300,0.855,0.8075760428670441,0.20902632800296753,0.9897109981858581,Online ABD-NB,9
400,0.8533333333333334,0.9464573778722316,0.23700953849792092,1.1052475651900404,Online ABD-NB,9
500,0.87,0.9496463852338352,0.2262758425996141,1.1154497598614144,Online ABD-NB,9
600,0.876,0.86648946449138,0.23589739959793563,1.1196876896535004,Online ABD-NB,9
700,0.9,0.7227567439515756,0.21568131190591236,0.997192564102158,Online ABD-NB,9
800,0.906,0.7200181564293658,0.20712501596269453,1.0062052912990789,Online ABD-NB,9
900,0.918,0.8036870465404634,0.23191058986602842,1.1341415690438943,Online ABD-NB,9
1000,0.912,0.782255980756101,0.23209126191840965,1.1375327412889062,Online ABD-NB,9
1100,0.916,0.800578974825276,0.23491505882617145,1.131655112036283,Online ABD-NB,9
1200,0.91,0.7858087288819179,0.23288817762450634,1.136143700895173,Online ABD-NB,9
1300,0.924,0.6771906348637255,0.2085058567848382,1.011962370737874,Online ABD-NB,9
1400,0.926,0.6895693543992224,0.2190115506385639,0.9993935569615663,Online ABD-NB,9
1500,0.922,0.6402614573674635,0.21538659559523943,1.0112364948435177,Online ABD-NB,9
1600,0.916,0.7658859491037137,0.23284953980119813,1.1395028020148492,Online ABD-NB,9
1700,0.918,0.6828600362492581,0.2163755509359644,1.0031477763558254,Online ABD-NB,9
1800,0.894,0.805658546453164,0.2350809634447304,1.1306426121464088,Online ABD-NB,9
1900,0.89,0.8197679914686665,0.23903355566246876,1.1243384457594199,Online ABD-NB,9
2000,0.906,0.8473413343806144,0.2334941790286872,1.1252822652412104,Online ABD-NB,9
2100,0.906,0.8409710367629295,0.23707495416335997,1.1227632063761515,Online ABD-NB,9
2200,0.898,0.8543180125815217,0.2394095901560659,1.1182040744136799,Online ABD-NB,9
2300,0.914,0.775972143552569,0.21787008717375786,0.9861345555674815,Online ABD-NB,9
2400,0.914,0.8164714541493037,0.21477351785866827,0.9824812397831136,Online ABD-NB,9
2500,0.9,0.8654081714568291,0.2387134362536838,1.1170518685035111,Online ABD-NB,9
2600,0.908,0.8986912823735337,0.22814506630180065,1.12207305330261,Online ABD-NB,9
2700,0.912,0.8065362808525413,0.23465734205990074,1.130919944464676,Online ABD-NB,9
2800,0.908,0.78062456797067,0.23510103143561434,1.1347948739026064,Online ABD-NB,9
2900,0.914,0.8288754297961138,0.23308665707875384,1.1287674379552275,Online ABD-NB,9
3000,0.912,0.8755026982536473,0.23349648593843977,1.1205863976859527,Online ABD-NB,9
3100,0.908,0.8475414346081376,0.24036982222607803,1.1183732720058983,Online ABD-NB,9
3200,0.904,0.7004035797318152,0.21612721406744861,1.000472189310582,Online ABD-NB,9
3300,0.902,0.784766631397071,0.23592014081604082,1.133285420617782,Online ABD-NB,9
3400,0.902,0.8669039385660553,0.24146312348365742,1.1140528867553323,Online ABD-NB,9
3500,0.9,0.8229688023983585,0.23868018703332902,1.124158345900278,Online ABD-NB,9
3600,0.9,0.674216199250339,0.21846375762575407,1.0025002091658564,Online ABD-NB,9
3700,0.91,0.6880993102741526,0.22318822345032632,0.995461891503981,Online ABD-NB,9
3800,0.902,0.6363265592898623,0.2244166110569914,1.0028622957280315,Online ABD-NB,9
3900,0.894,0.6635587588640913,0.21580368976969733,1.0069365170862867,Online ABD-NB,9
4000,0.896,0.6278096352952725,0.21142486887224984,1.0172735252452048,Online ABD-NB,9
4100,0.87,0.9557944637693849,0.5312778568149042,0.8094230658901975,Online ABD-NB,9
4200,0.858,0.9924212229953362,0.800265060580081,0.5343314022540303,Online ABD-NB,9
4300,0.862,0.7592639585211831,0.8547949901137956,0.3519943501326737,Online ABD-NB,9
4400,0.862,0.7193278645013281,0.9375685454731332,0.2758768104433116,Online ABD-NB,9
4500,0.87,0.8747288536281204,1.077226097762116,0.27698575996653124,Online ABD-NB,9
4600,0.898,0.865191320974057,1.0883016965807288,0.26749974992359443,Online ABD-NB,9
4700,0.902,0.7832569273433809,1.1035771884215633,0.26587999035453935,Online ABD-NB,9
4800,0.91,0.8008053135226615,1.1162429724473013,0.2502894752989213,Online ABD-NB,9
4900,0.902,0.8035423709476953,1.1234036593377725,0.24267261217094496,Online ABD-NB,9
5000,0.902,0.8228177517279933,1.1257972596747687,0.23706644837056623,Online ABD-NB,9
5100,0.894,0.8386280642489844,1.1243703098189768,0.23585834613952636,Online ABD-NB,9
5200,0.9,0.6616490746403294,1.0165451083382189,0.20651337922172663,Online ABD-NB,9
5300,0.89,0.760370798999745,1.1395305252084469,0.23374100829159516,Online ABD-NB,9
5400,0.906,0.7551171688460848,1.1427979790478093,0.23134915947784315,Online ABD-NB,9
5500,0.912,0.8225309527948347,1.1291330375208042,0.23377847034672328,Online ABD-NB,9
5600,0.918,0.7011887116506064,0.9996426932262533,0.2168258548319797,Online ABD-NB,9
5700,0.918,0.8474973624535281,1.1209192336747595,0.23783120591631857,Online ABD-NB,9
5800,0.924,0.8758446701092829,1.1156115103329973,0.23841437798212362,Online ABD-NB,9
5900,0.93,0.8911516594795169,1.113788253216087,0.2376864702039924,Online ABD-NB,9
6000,0.92,0.8866689618217347,1.1211176042625508,0.23110423543382672,Online ABD-NB,9
6100,0.92,0.8717593463024006,1.1236819574617078,0.23102481815455808,Online ABD-NB,9
6200,0.926,0.9117962215453145,1.1208305937635865,0.22720336931219387,Online ABD-NB,9
6300,0.92,0.8717421823061519,1.1263046081511496,0.22840502813115868,Online ABD-NB,9
6400,0.912,0.8526931038075595,1.1236582792661172,0.2342262034326227,Online ABD-NB,9
6500,0.91,0.8367455911169474,1.131539454255641,0.22900294722486716,Online ABD-NB,9
6600,0.914,0.8130222300095433,1.1267158463545819,0.23778044864382744,Online ABD-NB,9
6700,0.904,0.772333204860503,1.1368112490840063,0.2344665501059101,Online ABD-NB,9
6800,0.908,0.6882324328682422,1.008545234775435,0.21008269307985847,Online ABD-NB,9
6900,0.904,0.7640180543797686,0.9946946726183885,0.21130231831831672,Online ABD-NB,9
7000,0.912,0.7854126097076185,0.9886258107719388,0.2138054209434569,Online ABD-NB,9
7100,0.912,0.8235824312970271,1.127044334682987,0.23569192676750983,Online ABD-NB,9
7200,0.918,0.7328375912916429,0.9962283668293693,0.2149653679553568,Online ABD-NB,9
7300,0.906,0.7374326469755582,0.9966693273296475,0.21375856484109415,Online ABD-NB,9
7400,0.902,0.8547142079780453,1.1246504532851522,0.23289717871850635,Online ABD-NB,9
7500,0.902,0.7222581413188134,1.0012806591521637,0.21167631729470107,Online ABD-NB,9
7600,0.902,0.6653646042137351,1.0070927374420586,0.2153464951889854,Online ABD-NB,9
7700,0.896,0.8477876171733351,1.1155735688178425,0.24312849498660147,Online ABD-NB,9
7800,0.908,0.7491080188709326,0.9918929314235778,0.21658906543126702,Online ABD-NB,9
7900,0.916,0.7939702252668188,0.9790522566472996,0.22195270580823104,Online ABD-NB,9
300,0.79,1.0,1.0,1.0,Online GNB,9
400,0.8033333333333333,1.0,1.0,1.0,Online GNB,9
500,0.8125,1.0,1.0,1.0,Online GNB,9
600,0.83,1.0,1.0,1.0,Online GNB,9
700,0.85,1.0,1.0,1.0,Online GNB,9
800,0.848,1.0,1.0,1.0,Online GNB,9
900,0.846,1.0,1.0,1.0,Online GNB,9
1000,0.838,1.0,1.0,1.0,Online GNB,9
1100,0.836,1.0,1.0,1.0,Online GNB,9
1200,0.832,1.0,1.0,1.0,Online GNB,9
1300,0.846,1.0,1.0,1.0,Online GNB,9
1400,0.856,1.0,1.0,1.0,Online GNB,9
1500,0.868,1.0,1.0,1.0,Online GNB,9
1600,0.858,1.0,1.0,1.0,Online GNB,9
1700,0.858,1.0,1.0,1.0,Online GNB,9
1800,0.852,1.0,1.0,1.0,Online GNB,9
1900,0.844,1.0,1.0,1.0,Online GNB,9
2000,0.842,1.0,1.0,1.0,Online GNB,9
2100,0.84,1.0,1.0,1.0,Online GNB,9
2200,0.826,1.0,1.0,1.0,Online GNB,9
2300,0.826,1.0,1.0,1.0,Online GNB,9
2400,0.83,1.0,1.0,1.0,Online GNB,9
2500,0.83,1.0,1.0,1.0,Online GNB,9
2600,0.82,1.0,1.0,1.0,Online GNB,9
2700,0.842,1.0,1.0,1.0,Online GNB,9
2800,0.846,1.0,1.0,1.0,Online GNB,9
2900,0.846,1.0,1.0,1.0,Online GNB,9
3000,0.834,1.0,1.0,1.0,Online GNB,9
3100,0.85,1.0,1.0,1.0,Online GNB,9
3200,0.832,1.0,1.0,1.0,Online GNB,9
3300,0.832,1.0,1.0,1.0,Online GNB,9
3400,0.834,1.0,1.0,1.0,Online GNB,9
3500,0.826,1.0,1.0,1.0,Online GNB,9
3600,0.826,1.0,1.0,1.0,Online GNB,9
3700,0.842,1.0,1.0,1.0,Online GNB,9
3800,0.832,1.0,1.0,1.0,Online GNB,9
3900,0.816,1.0,1.0,1.0,Online GNB,9
4000,0.83,1.0,1.0,1.0,Online GNB,9
4100,0.82,1.0,1.0,1.0,Online GNB,9
4200,0.824,1.0,1.0,1.0,Online GNB,9
4300,0.836,1.0,1.0,1.0,Online GNB,9
4400,0.834,1.0,1.0,1.0,Online GNB,9
4500,0.848,1.0,1.0,1.0,Online GNB,9
4600,0.862,1.0,1.0,1.0,Online GNB,9
4700,0.852,1.0,1.0,1.0,Online GNB,9
4800,0.848,1.0,1.0,1.0,Online GNB,9
4900,0.856,1.0,1.0,1.0,Online GNB,9
5000,0.852,1.0,1.0,1.0,Online GNB,9
5100,0.838,1.0,1.0,1.0,Online GNB,9
5200,0.83,1.0,1.0,1.0,Online GNB,9
5300,0.83,1.0,1.0,1.0,Online GNB,9
5400,0.836,1.0,1.0,1.0,Online GNB,9
5500,0.826,1.0,1.0,1.0,Online GNB,9
5600,0.834,1.0,1.0,1.0,Online GNB,9
5700,0.836,1.0,1.0,1.0,Online GNB,9
5800,0.832,1.0,1.0,1.0,Online GNB,9
5900,0.832,1.0,1.0,1.0,Online GNB,9
6000,0.828,1.0,1.0,1.0,Online GNB,9
6100,0.824,1.0,1.0,1.0,Online GNB,9
6200,0.836,1.0,1.0,1.0,Online GNB,9
6300,0.838,1.0,1.0,1.0,Online GNB,9
6400,0.848,1.0,1.0,1.0,Online GNB,9
6500,0.858,1.0,1.0,1.0,Online GNB,9
6600,0.86,1.0,1.0,1.0,Online GNB,9
6700,0.856,1.0,1.0,1.0,Online GNB,9
6800,0.852,1.0,1.0,1.0,Online GNB,9
6900,0.842,1.0,1.0,1.0,Online GNB,9
7000,0.822,1.0,1.0,1.0,Online GNB,9
7100,0.822,1.0,1.0,1.0,Online GNB,9
7200,0.826,1.0,1.0,1.0,Online GNB,9
7300,0.82,1.0,1.0,1.0,Online GNB,9
7400,0.822,1.0,1.0,1.0,Online GNB,9
7500,0.846,1.0,1.0,1.0,Online GNB,9
7600,0.852,1.0,1.0,1.0,Online GNB,9
7700,0.832,1.0,1.0,1.0,Online GNB,9
7800,0.84,1.0,1.0,1.0,Online GNB,9
7900,0.846,1.0,1.0,1.0,Online GNB,9
