n,rep,oracle,selected,regret,nb,bound,gamma
60,0,0.8605,0.77175,0.08875,0.66425,0.40008892341722246,0.5
60,1,0.85075,0.849,0.0017500000000000293,0.707,0.40008892341722246,4.0
60,2,0.847,0.839,0.008000000000000007,0.6865,0.40008892341722246,1.0
60,3,0.85275,0.8325,0.02024999999999999,0.6825,0.40008892341722246,1.0
60,4,0.8465,0.83725,0.00924999999999998,0.75325,0.40008892341722246,4.0
60,5,0.8685,0.8685,0.0,0.7125,0.40008892341722246,1.0
60,6,0.8415,0.83975,0.0017500000000000293,0.803,0.40008892341722246,0.5
60,7,0.85,0.85,0.0,0.67925,0.40008892341722246,4.0
60,8,0.848,0.838,0.010000000000000009,0.688,0.40008892341722246,0.5
60,9,0.85225,0.84275,0.009499999999999953,0.68775,0.40008892341722246,1.0
60,10,0.84925,0.847,0.0022499999999999742,0.7655,0.40008892341722246,2.0
60,11,0.8465,0.837,0.009500000000000064,0.71525,0.40008892341722246,0.5
60,12,0.856,0.85125,0.004750000000000032,0.7365,0.40008892341722246,4.0
60,13,0.84225,0.81525,0.027000000000000024,0.65575,0.40008892341722246,1.0
60,14,0.85725,0.855,0.0022499999999999742,0.6805,0.40008892341722246,1.0
60,15,0.841,0.839,0.0020000000000000018,0.67725,0.40008892341722246,2.0
60,16,0.85375,0.85275,0.0010000000000000009,0.72675,0.40008892341722246,0.5
60,17,0.84425,0.8395,0.004749999999999921,0.6925,0.40008892341722246,1.0
60,18,0.844,0.83225,0.011749999999999927,0.72475,0.40008892341722246,4.0
60,19,0.856,0.84625,0.009750000000000036,0.70325,0.40008892341722246,0.5
60,20,0.858,0.85275,0.005249999999999977,0.728,0.40008892341722246,4.0
60,21,0.85325,0.84475,0.008499999999999952,0.75875,0.40008892341722246,4.0
60,22,0.857,0.812,0.04499999999999993,0.69425,0.40008892341722246,0.5
60,23,0.839,0.83075,0.00824999999999998,0.75725,0.40008892341722246,4.0
60,24,0.85025,0.85,0.00024999999999997247,0.6915,0.40008892341722246,2.0
60,25,0.8515,0.8515,0.0,0.70225,0.40008892341722246,1.0
60,26,0.8545,0.8505,0.0040000000000000036,0.7235,0.40008892341722246,2.0
60,27,0.84675,0.84625,0.000500000000000056,0.644,0.40008892341722246,2.0
60,28,0.85975,0.85275,0.007000000000000006,0.71,0.40008892341722246,4.0
60,29,0.84875,0.84625,0.0025000000000000577,0.8135,0.40008892341722246,0.25
120,0,0.8525,0.8525,0.0,0.70925,0.28583452301407786,2.0
120,1,0.8515,0.84575,0.005750000000000033,0.7425,0.28583452301407786,0.5
120,2,0.8485,0.8155,0.03300000000000003,0.68525,0.28583452301407786,0.5
120,3,0.8525,0.8525,0.0,0.70525,0.28583452301407786,2.0
120,4,0.84675,0.845,0.0017500000000000293,0.71725,0.28583452301407786,2.0
120,5,0.86475,0.86325,0.0015000000000000568,0.708,0.28583452301407786,1.0
120,6,0.8505,0.8505,0.0,0.69925,0.28583452301407786,1.0
120,7,0.84775,0.8275,0.02024999999999999,0.6955,0.28583452301407786,0.5
120,8,0.8495,0.8495,0.0,0.704,0.28583452301407786,1.0
120,9,0.854,0.84925,0.004750000000000032,0.69575,0.28583452301407786,2.0
120,10,0.8485,0.8485,0.0,0.69325,0.28583452301407786,2.0
120,11,0.85025,0.8475,0.002749999999999919,0.738,0.28583452301407786,2.0
120,12,0.85825,0.856,0.0022499999999999742,0.70625,0.28583452301407786,1.0
120,13,0.86125,0.8575,0.00374999999999992,0.70275,0.28583452301407786,1.0
120,14,0.8515,0.823,0.02850000000000008,0.66325,0.28583452301407786,0.5
120,15,0.852,0.842,0.010000000000000009,0.71625,0.28583452301407786,0.5
120,16,0.862,0.848,0.014000000000000012,0.708,0.28583452301407786,0.5
120,17,0.84475,0.84325,0.0014999999999999458,0.7065,0.28583452301407786,1.0
120,18,0.84575,0.8455,0.00024999999999997247,0.719,0.28583452301407786,2.0
120,19,0.855,0.85375,0.0012499999999999734,0.68825,0.28583452301407786,2.0
120,20,0.85725,0.85725,0.0,0.72925,0.28583452301407786,1.0
120,21,0.85325,0.84925,0.0040000000000000036,0.7365,0.28583452301407786,1.0
120,22,0.857,0.835,0.02200000000000002,0.71725,0.28583452301407786,0.5
120,23,0.84975,0.847,0.00275000000000003,0.7095,0.28583452301407786,1.0
120,24,0.8545,0.8545,0.0,0.70375,0.28583452301407786,2.0
120,25,0.855,0.85125,0.003750000000000031,0.72575,0.28583452301407786,0.5
120,26,0.8535,0.8525,0.0010000000000000009,0.72,0.28583452301407786,1.0
120,27,0.849,0.84875,0.00024999999999997247,0.696,0.28583452301407786,1.0
120,28,0.85225,0.85225,0.0,0.71,0.28583452301407786,2.0
120,29,0.8545,0.85275,0.0017500000000000293,0.687,0.28583452301407786,1.0
250,0,0.8555,0.85375,0.0017500000000000293,0.70275,0.20148712132151825,1.0
250,1,0.85275,0.84975,0.0030000000000000027,0.687,0.20148712132151825,1.0
250,2,0.85025,0.84475,0.005499999999999949,0.719,0.20148712132151825,0.5
250,3,0.85075,0.85075,0.0,0.7665,0.20148712132151825,0.5
250,4,0.8455,0.84525,0.0002500000000000835,0.7035,0.20148712132151825,1.0
250,5,0.86775,0.86775,0.0,0.73375,0.20148712132151825,1.0
250,6,0.855,0.855,0.0,0.69425,0.20148712132151825,1.0
250,7,0.85175,0.85175,0.0,0.7025,0.20148712132151825,2.0
250,8,0.853,0.853,0.0,0.73375,0.20148712132151825,1.0
250,9,0.847,0.8455,0.0014999999999999458,0.7005,0.20148712132151825,2.0
250,10,0.85075,0.84,0.010750000000000037,0.71675,0.20148712132151825,0.5
250,11,0.84925,0.848,0.0012499999999999734,0.694,0.20148712132151825,1.0
250,12,0.85375,0.85325,0.000500000000000056,0.75275,0.20148712132151825,1.0
250,13,0.86,0.84425,0.015750000000000042,0.70875,0.20148712132151825,0.5
250,14,0.8615,0.85,0.011500000000000066,0.6855,0.20148712132151825,1.0
250,15,0.85175,0.8475,0.004249999999999976,0.72175,0.20148712132151825,0.5
250,16,0.86025,0.8595,0.0007499999999999174,0.72975,0.20148712132151825,0.5
250,17,0.84525,0.84525,0.0,0.75575,0.20148712132151825,1.0
250,18,0.84725,0.84575,0.0014999999999999458,0.71225,0.20148712132151825,1.0
250,19,0.85525,0.8515,0.00374999999999992,0.73375,0.20148712132151825,2.0
250,20,0.8555,0.854,0.0015000000000000568,0.72275,0.20148712132151825,2.0
250,21,0.855,0.855,0.0,0.71275,0.20148712132151825,1.0
250,22,0.861,0.86025,0.0007500000000000284,0.712,0.20148712132151825,1.0
250,23,0.85225,0.85075,0.0014999999999999458,0.714,0.20148712132151825,1.0
250,24,0.8565,0.85575,0.0007500000000000284,0.72025,0.20148712132151825,1.0
250,25,0.856,0.848,0.008000000000000007,0.70725,0.20148712132151825,4.0
250,26,0.856,0.84925,0.006750000000000034,0.739,0.20148712132151825,2.0
250,27,0.85475,0.852,0.00275000000000003,0.72025,0.20148712132151825,2.0
250,28,0.85825,0.85675,0.0014999999999999458,0.71375,0.20148712132151825,1.0
250,29,0.855,0.85325,0.0017500000000000293,0.6905,0.20148712132151825,1.0
500,0,0.85825,0.8575,0.0007499999999999174,0.7085,0.14540184199633668,1.0
500,1,0.85375,0.85375,0.0,0.7265,0.14540184199633668,1.0
500,2,0.84925,0.84875,0.0004999999999999449,0.705,0.14540184199633668,1.0
500,3,0.85,0.84975,0.00024999999999997247,0.72775,0.14540184199633668,1.0
500,4,0.848,0.844,0.0040000000000000036,0.72375,0.14540184199633668,2.0
500,5,0.8675,0.86675,0.0007500000000000284,0.7455,0.14540184199633668,1.0
500,6,0.856,0.8505,0.005499999999999949,0.72325,0.14540184199633668,0.5
500,7,0.8515,0.8355,0.016000000000000014,0.7005,0.14540184199633668,0.5
500,8,0.85325,0.85325,0.0,0.72575,0.14540184199633668,1.0
500,9,0.8495,0.8485,0.0010000000000000009,0.68975,0.14540184199633668,1.0
500,10,0.8515,0.8515,0.0,0.70925,0.14540184199633668,1.0
500,11,0.85425,0.854,0.00024999999999997247,0.712,0.14540184199633668,1.0
500,12,0.85575,0.8495,0.006249999999999978,0.7285,0.14540184199633668,0.5
500,13,0.857,0.857,0.0,0.72775,0.14540184199633668,1.0
500,14,0.86025,0.86025,0.0,0.71875,0.14540184199633668,2.0
500,15,0.85225,0.8515,0.0007499999999999174,0.703,0.14540184199633668,1.0
500,16,0.862,0.862,0.0,0.74675,0.14540184199633668,0.5
500,17,0.84625,0.841,0.005249999999999977,0.72425,0.14540184199633668,0.5
500,18,0.84725,0.84425,0.0030000000000000027,0.7075,0.14540184199633668,1.0
500,19,0.85575,0.85575,0.0,0.733,0.14540184199633668,1.0
500,20,0.85675,0.85425,0.0025000000000000577,0.714,0.14540184199633668,1.0
500,21,0.85425,0.85425,0.0,0.72275,0.14540184199633668,1.0
500,22,0.86025,0.86025,0.0,0.72975,0.14540184199633668,1.0
500,23,0.85325,0.8525,0.0007499999999999174,0.71525,0.14540184199633668,1.0
500,24,0.85675,0.8445,0.012249999999999983,0.726,0.14540184199633668,0.5
500,25,0.85575,0.8555,0.00024999999999997247,0.74375,0.14540184199633668,0.5
500,26,0.8545,0.85425,0.0002500000000000835,0.7375,0.14540184199633668,1.0
500,27,0.85375,0.8535,0.00024999999999997247,0.71075,0.14540184199633668,1.0
500,28,0.8575,0.84825,0.009250000000000091,0.697,0.14540184199633668,1.0
500,29,0.85475,0.8515,0.003249999999999975,0.696,0.14540184199633668,1.0
1000,0,0.86125,0.8505,0.010749999999999926,0.719,0.10559969347105784,0.5
1000,1,0.85125,0.85125,0.0,0.72625,0.10559969347105784,1.0
1000,2,0.8505,0.8425,0.008000000000000007,0.711,0.10559969347105784,0.5
1000,3,0.852,0.852,0.0,0.72225,0.10559969347105784,1.0
1000,4,0.8515,0.8515,0.0,0.71175,0.10559969347105784,1.0
1000,5,0.87025,0.86025,0.010000000000000009,0.7375,0.10559969347105784,0.5
1000,6,0.85675,0.8455,0.011249999999999982,0.70225,0.10559969347105784,0.5
1000,7,0.85075,0.85,0.0007500000000000284,0.719,0.10559969347105784,1.0
1000,8,0.85225,0.85225,0.0,0.719,0.10559969347105784,1.0
1000,9,0.85125,0.85125,0.0,0.70575,0.10559969347105784,1.0
1000,10,0.85025,0.848,0.0022499999999999742,0.70575,0.10559969347105784,1.0
1000,11,0.85075,0.8465,0.004249999999999976,0.722,0.10559969347105784,0.5
1000,12,0.8565,0.855,0.0015000000000000568,0.726,0.10559969347105784,1.0
1000,13,0.8625,0.86225,0.0002500000000000835,0.73075,0.10559969347105784,1.0
1000,14,0.861,0.8455,0.015499999999999958,0.7125,0.10559969347105784,0.5
1000,15,0.85325,0.85325,0.0,0.72125,0.10559969347105784,1.0
1000,16,0.861,0.8595,0.0014999999999999458,0.7145,0.10559969347105784,1.0
1000,17,0.84775,0.84775,0.0,0.71625,0.10559969347105784,1.0
1000,18,0.8455,0.8415,0.0040000000000000036,0.7225,0.10559969347105784,0.5
1000,19,0.85825,0.84975,0.008499999999999952,0.7225,0.10559969347105784,0.5
1000,20,0.8565,0.8565,0.0,0.73575,0.10559969347105784,1.0
1000,21,0.85275,0.84775,0.0050000000000000044,0.72375,0.10559969347105784,0.5
1000,22,0.86225,0.86225,0.0,0.734,0.10559969347105784,1.0
1000,23,0.85275,0.851,0.0017500000000000293,0.714,0.10559969347105784,1.0
1000,24,0.859,0.847,0.01200000000000001,0.73075,0.10559969347105784,0.5
1000,25,0.85625,0.8555,0.0007499999999999174,0.741,0.10559969347105784,0.5
1000,26,0.8535,0.8535,0.0,0.71875,0.10559969347105784,1.0
1000,27,0.85525,0.85525,0.0,0.71825,0.10559969347105784,1.0
1000,28,0.859,0.8455,0.013499999999999956,0.72175,0.10559969347105784,0.5
1000,29,0.855,0.855,0.0,0.7065,0.10559969347105784,1.0
2000,0,0.85925,0.859,0.00024999999999997247,0.7225,0.07759919153274031,1.0
2000,1,0.85075,0.85075,0.0,0.72275,0.07759919153274031,1.0
2000,2,0.8495,0.8455,0.0040000000000000036,0.71825,0.07759919153274031,0.5
2000,3,0.85175,0.85125,0.000500000000000056,0.723,0.07759919153274031,1.0
2000,4,0.85275,0.85275,0.0,0.70875,0.07759919153274031,1.0
2000,5,0.86825,0.86825,0.0,0.72825,0.07759919153274031,1.0
2000,6,0.85075,0.85075,0.0,0.70125,0.07759919153274031,1.0
2000,7,0.851,0.84975,0.0012499999999999734,0.71575,0.07759919153274031,1.0
2000,8,0.8545,0.8545,0.0,0.7225,0.07759919153274031,1.0
2000,9,0.852,0.85175,0.00024999999999997247,0.70925,0.07759919153274031,1.0
2000,10,0.85175,0.8435,0.00824999999999998,0.7095,0.07759919153274031,0.5
2000,11,0.85075,0.85,0.0007500000000000284,0.71825,0.07759919153274031,1.0
2000,12,0.856,0.85325,0.00275000000000003,0.741,0.07759919153274031,1.0
2000,13,0.863,0.863,0.0,0.72425,0.07759919153274031,1.0
2000,14,0.86225,0.86225,0.0,0.72325,0.07759919153274031,1.0
2000,15,0.852,0.84925,0.00275000000000003,0.691,0.07759919153274031,1.0
2000,16,0.8595,0.8555,0.0040000000000000036,0.719,0.07759919153274031,0.5
2000,17,0.84675,0.83475,0.01200000000000001,0.72,0.07759919153274031,0.5
2000,18,0.8485,0.84225,0.006249999999999978,0.72775,0.07759919153274031,0.5
2000,19,0.85925,0.8515,0.007749999999999924,0.728,0.07759919153274031,0.5
2000,20,0.85375,0.8535,0.00024999999999997247,0.73425,0.07759919153274031,1.0
2000,21,0.85225,0.85,0.0022499999999999742,0.7245,0.07759919153274031,1.0
2000,22,0.862,0.862,0.0,0.7315,0.07759919153274031,1.0
2000,23,0.854,0.854,0.0,0.71975,0.07759919153274031,1.0
2000,24,0.85725,0.85725,0.0,0.72375,0.07759919153274031,1.0
2000,25,0.85975,0.85975,0.0,0.71975,0.07759919153274031,1.0
2000,26,0.8545,0.8545,0.0,0.72575,0.07759919153274031,1.0
2000,27,0.8545,0.8415,0.013000000000000012,0.71825,0.07759919153274031,0.5
2000,28,0.85825,0.8535,0.004749999999999921,0.71075,0.07759919153274031,1.0
2000,29,0.85475,0.844,0.010750000000000037,0.711,0.07759919153274031,0.5
