n,eps,empirical,bound,mean_dev,q95_dev,L_theory,L_implied
50,0.02,1.0,1.0,0.08379119627361253,0.17577768901630086,22.0,0.1463232069427952
50,0.05,0.71,1.0,0.08379119627361253,0.17577768901630086,22.0,0.1463232069427952
50,0.1,0.2833333333333333,1.0,0.08379119627361253,0.17577768901630086,22.0,0.1463232069427952
100,0.02,0.99,1.0,0.050393397927636745,0.095425084655674,22.0,0.11350224027073007
100,0.05,0.4,1.0,0.050393397927636745,0.095425084655674,22.0,0.11350224027073007
100,0.1,0.043333333333333335,1.0,0.050393397927636745,0.095425084655674,22.0,0.11350224027073007
200,0.02,0.8733333333333333,1.0,0.03420736756050742,0.06500076358669786,22.0,0.10989549649325325
200,0.05,0.13333333333333333,1.0,0.03420736756050742,0.06500076358669786,22.0,0.10989549649325325
200,0.1,0.0033333333333333335,1.0,0.03420736756050742,0.06500076358669786,22.0,0.10989549649325325
400,0.02,0.6,1.0,0.023513412856287042,0.0384736394435044,22.0,0.09222181145432558
400,0.05,0.013333333333333334,1.0,0.023513412856287042,0.0384736394435044,22.0,0.09222181145432558
400,0.1,0.0,1.0,0.023513412856287042,0.0384736394435044,22.0,0.09222181145432558
800,0.02,0.17333333333333334,1.0,0.01579553491131286,0.026557909387134374,22.0,0.09014137372818937
800,0.05,0.0,1.0,0.01579553491131286,0.026557909387134374,22.0,0.09014137372818937
800,0.1,0.0,1.0,0.01579553491131286,0.026557909387134374,22.0,0.09014137372818937
1600,0.02,0.03,1.0,0.011467704117661065,0.018424930143119793,22.0,0.08849588550800545
1600,0.05,0.0,1.0,0.011467704117661065,0.018424930143119793,22.0,0.08849588550800545
1600,0.1,0.0,1.0,0.011467704117661065,0.018424930143119793,22.0,0.08849588550800545
3200,0.02,0.0,1.0,0.007937443126786027,0.012776962578197538,22.0,0.0868151848596905
3200,0.05,0.0,1.0,0.007937443126786027,0.012776962578197538,22.0,0.0868151848596905
3200,0.1,0.0,1.0,0.007937443126786027,0.012776962578197538,22.0,0.0868151848596905
