dataset,stratum,fold,gamma,class_specific,rescale,d,d_eff
iris,real,0,4.0,0,none,4,1.8379175470424467
iris,real,1,4.0,0,none,4,2.0701986469625204
iris,real,2,4.0,0,none,4,1.8031312241795927
iris,real,3,0.5,0,none,4,3.497564922429728
iris,real,4,4.0,0,none,4,1.9776309043860538
iris,real,5,4.0,0,none,4,1.955249501151747
iris,real,6,2.0,0,none,4,2.652909388207469
iris,real,7,4.0,0,none,4,2.0795182875846194
iris,real,8,4.0,0,none,4,1.9054385986764748
iris,real,9,4.0,0,none,4,1.8233399379178163
iris,real,10,4.0,0,none,4,1.9536996555457797
iris,real,11,0.5,1,none,4,3.314655668934327
iris,real,12,4.0,0,none,4,1.9532118023441767
iris,real,13,4.0,0,none,4,2.0355115974760527
iris,real,14,4.0,0,none,4,1.851926594877309
iris,real,15,4.0,0,none,4,2.0190611455721186
iris,real,16,4.0,0,none,4,1.9158311126768968
iris,real,17,4.0,0,none,4,1.700615855543025
iris,real,18,0.0,0,meff,4,4.0
iris,real,19,4.0,0,none,4,1.8786177780076543
iris,real,20,2.0,0,none,4,2.573156432304256
iris,real,21,4.0,0,none,4,2.082874371530009
iris,real,22,4.0,0,none,4,1.9774256221783102
iris,real,23,4.0,0,none,4,1.7732877606272541
iris,real,24,4.0,0,none,4,1.800092652299698
iris,real,25,1.0,0,none,4,3.2257738242224803
iris,real,26,4.0,0,none,4,1.9193625260441631
iris,real,27,1.0,0,none,4,3.257158297633391
iris,real,28,4.0,0,none,4,1.9098044555312876
iris,real,29,1.0,0,none,4,3.0498753719236014
wine,real,0,4.0,0,none,13,8.913526966411197
wine,real,1,4.0,0,none,13,9.229409952011522
wine,real,2,0.0,0,meff,13,13.0
wine,real,3,4.0,0,none,13,9.01982235157998
wine,real,4,4.0,0,none,13,9.282984609356598
wine,real,5,4.0,0,none,13,8.968958469134131
wine,real,6,2.0,1,none,13,9.635227716304769
wine,real,7,4.0,0,none,13,9.008254893437158
wine,real,8,0.5,0,none,13,12.111969646239665
wine,real,9,4.0,0,none,13,8.770143002322886
wine,real,10,4.0,0,none,13,9.078055697060298
wine,real,11,4.0,0,none,13,8.985410940140776
wine,real,12,4.0,0,none,13,8.841469286975979
wine,real,13,4.0,0,none,13,9.087881949702409
wine,real,14,2.0,1,none,13,9.7923121579831
wine,real,15,4.0,0,none,13,8.812892764953672
wine,real,16,4.0,0,none,13,9.212753149739548
wine,real,17,4.0,0,none,13,9.05363669817358
wine,real,18,0.0,0,meff,13,13.0
wine,real,19,4.0,0,none,13,9.181522070988757
wine,real,20,4.0,0,none,13,8.897209955480825
wine,real,21,4.0,0,none,13,8.844557157336478
wine,real,22,4.0,0,none,13,8.999048032132105
wine,real,23,0.0,0,meff,13,13.0
wine,real,24,4.0,0,none,13,9.018943863235132
wine,real,25,0.0,0,meff,13,13.0
wine,real,26,4.0,0,none,13,8.825484306493783
wine,real,27,4.0,0,none,13,8.878087582385017
wine,real,28,0.0,0,meff,13,13.0
wine,real,29,4.0,0,none,13,8.94267219792736
breast-cancer,real,0,2.0,0,none,30,4.576186588745719
breast-cancer,real,1,2.0,0,none,30,4.581589575301177
breast-cancer,real,2,2.0,0,none,30,4.557930959114651
breast-cancer,real,3,2.0,0,none,30,4.609378687626493
breast-cancer,real,4,2.0,0,none,30,4.499592370158144
breast-cancer,real,5,1.0,1,none,30,7.50255275648215
breast-cancer,real,6,2.0,1,none,30,4.43388495132757
breast-cancer,real,7,2.0,0,none,30,4.621071703757806
breast-cancer,real,8,2.0,0,none,30,4.542732558946706
breast-cancer,real,9,2.0,0,none,30,4.517937881703812
breast-cancer,real,10,2.0,0,none,30,4.546830828158511
breast-cancer,real,11,2.0,0,none,30,4.558457832238151
breast-cancer,real,12,2.0,0,none,30,4.556265432800918
breast-cancer,real,13,2.0,0,none,30,4.5854822813637774
breast-cancer,real,14,2.0,0,none,30,4.631481060552748
breast-cancer,real,15,2.0,0,none,30,4.5646870588910735
breast-cancer,real,16,2.0,1,none,30,4.367785597657159
breast-cancer,real,17,2.0,0,none,30,4.622943929462416
breast-cancer,real,18,2.0,0,none,30,4.634783415840078
breast-cancer,real,19,2.0,0,none,30,4.491072103265995
breast-cancer,real,20,2.0,1,none,30,4.4073320740509185
breast-cancer,real,21,2.0,0,none,30,4.648717478450442
breast-cancer,real,22,2.0,0,none,30,4.546214132242747
breast-cancer,real,23,2.0,0,none,30,4.548348377732112
breast-cancer,real,24,2.0,0,none,30,4.533909305436246
breast-cancer,real,25,2.0,0,none,30,4.620640661592467
breast-cancer,real,26,2.0,0,none,30,4.539281492808493
breast-cancer,real,27,2.0,0,none,30,4.580031152186796
breast-cancer,real,28,2.0,0,none,30,4.605377270163406
breast-cancer,real,29,2.0,1,none,30,4.415451033001488
digits,real,0,0.0,0,meff,64,64.0
digits,real,1,0.0,0,meff,64,64.0
digits,real,2,0.0,0,meff,64,64.0
digits,real,3,0.0,0,meff,64,64.0
digits,real,4,0.0,0,meff,64,64.0
digits,real,5,0.25,0,none,64,54.22510496851098
digits,real,6,0.0,0,meff,64,64.0
digits,real,7,0.0,0,meff,64,64.0
digits,real,8,0.0,0,meff,64,64.0
digits,real,9,0.0,0,meff,64,64.0
digits,real,10,0.0,0,meff,64,64.0
digits,real,11,0.0,0,meff,64,64.0
digits,real,12,0.0,0,meff,64,64.0
digits,real,13,0.0,0,meff,64,64.0
digits,real,14,0.0,0,meff,64,64.0
digits,real,15,0.0,0,meff,64,64.0
digits,real,16,0.0,0,meff,64,64.0
digits,real,17,0.0,0,meff,64,64.0
digits,real,18,0.0,0,meff,64,64.0
digits,real,19,0.0,0,meff,64,64.0
digits,real,20,0.0,0,meff,64,64.0
digits,real,21,0.0,0,meff,64,64.0
digits,real,22,0.0,0,meff,64,64.0
digits,real,23,0.0,0,meff,64,64.0
digits,real,24,0.0,0,meff,64,64.0
digits,real,25,0.0,0,meff,64,64.0
digits,real,26,0.0,0,meff,64,64.0
digits,real,27,0.0,0,meff,64,64.0
digits,real,28,0.0,0,meff,64,64.0
digits,real,29,0.0,0,meff,64,64.0
heart-cleveland,real,0,1.0,0,none,13,12.293402974721456
heart-cleveland,real,1,1.0,0,none,13,12.35611623874523
heart-cleveland,real,2,4.0,0,none,13,10.977522772838348
heart-cleveland,real,3,0.5,1,none,13,12.569166579019516
heart-cleveland,real,4,4.0,0,none,13,10.869505656674994
heart-cleveland,real,5,0.5,1,none,13,12.582337293615478
heart-cleveland,real,6,2.0,0,none,13,11.64526410947702
heart-cleveland,real,7,4.0,0,none,13,11.065878625403304
heart-cleveland,real,8,4.0,0,none,13,10.9837428901789
heart-cleveland,real,9,4.0,1,none,13,10.64407621080644
heart-cleveland,real,10,4.0,0,none,13,11.065631335030835
heart-cleveland,real,11,2.0,1,none,13,11.500691984392809
heart-cleveland,real,12,4.0,0,none,13,10.968774159055977
heart-cleveland,real,13,4.0,0,none,13,11.007430804600839
heart-cleveland,real,14,4.0,0,none,13,10.8682485817825
heart-cleveland,real,15,4.0,0,none,13,11.01776831433828
heart-cleveland,real,16,2.0,0,none,13,11.74772357829825
heart-cleveland,real,17,4.0,0,none,13,10.922475545716752
heart-cleveland,real,18,1.0,1,none,13,12.151190310001542
heart-cleveland,real,19,2.0,0,none,13,11.815889759530087
heart-cleveland,real,20,4.0,0,none,13,11.093084640770597
heart-cleveland,real,21,4.0,0,none,13,10.882384759545552
heart-cleveland,real,22,1.0,1,none,13,12.152931110606172
heart-cleveland,real,23,4.0,0,none,13,10.848115982982499
heart-cleveland,real,24,1.0,0,none,13,12.339319109759492
heart-cleveland,real,25,4.0,0,none,13,10.890103833045139
heart-cleveland,real,26,4.0,0,none,13,11.303416423983485
heart-cleveland,real,27,4.0,0,none,13,11.1342925300477
heart-cleveland,real,28,1.0,0,none,13,12.296471709450246
heart-cleveland,real,29,4.0,0,none,13,10.86386550202424
hepatitis,real,0,0.25,0,meff,19,18.0
hepatitis,real,1,1.0,0,none,19,16.96984513271421
hepatitis,real,2,0.5,0,none,19,17.56138979565622
hepatitis,real,3,0.25,0,none,19,18.21082855646668
hepatitis,real,4,0.5,0,none,19,17.63962460992794
hepatitis,real,5,0.5,0,none,19,17.579799796978154
hepatitis,real,6,0.0,0,meff,19,19.0
hepatitis,real,7,1.0,0,none,19,16.64781456527693
hepatitis,real,8,0.0,0,meff,19,19.0
hepatitis,real,9,0.0,0,meff,19,19.0
hepatitis,real,10,2.0,0,none,19,15.726173760608779
hepatitis,real,11,0.25,0,meff,19,17.999999999999996
hepatitis,real,12,0.25,0,none,19,18.30684236911617
hepatitis,real,13,1.0,0,none,19,16.731479785010695
hepatitis,real,14,0.5,0,none,19,17.635812914025156
hepatitis,real,15,0.25,0,none,19,18.276089140117833
hepatitis,real,16,1.0,0,none,19,16.5935008132059
hepatitis,real,17,0.25,1,meff,19,18.207142857142863
hepatitis,real,18,0.25,0,none,19,18.253252793758296
hepatitis,real,19,0.5,0,none,19,17.679440453698298
hepatitis,real,20,0.5,0,none,19,17.87824576371914
hepatitis,real,21,0.5,0,none,19,17.700826660839144
hepatitis,real,22,0.5,0,none,19,17.670970802327588
hepatitis,real,23,0.5,0,none,19,17.59617529546486
hepatitis,real,24,1.0,0,none,19,16.486020135869268
hepatitis,real,25,0.25,0,meff,19,18.0
hepatitis,real,26,0.25,0,none,19,18.21784280300003
hepatitis,real,27,0.0,0,meff,19,19.0
hepatitis,real,28,0.0,0,meff,19,19.0
hepatitis,real,29,0.0,0,meff,19,19.0
dermatology,real,0,4.0,0,none,34,31.997311325408784
dermatology,real,1,4.0,0,none,34,31.839308724152797
dermatology,real,2,4.0,0,none,34,32.13542793106176
dermatology,real,3,4.0,0,none,34,31.966189203903358
dermatology,real,4,4.0,0,none,34,31.75829130640526
dermatology,real,5,4.0,0,none,34,32.01417410406375
dermatology,real,6,4.0,0,none,34,32.020125424270795
dermatology,real,7,4.0,0,none,34,31.850291709165507
dermatology,real,8,4.0,0,none,34,31.653055309935144
dermatology,real,9,4.0,0,none,34,32.16785123199194
dermatology,real,10,4.0,1,none,34,29.822099626004405
dermatology,real,11,4.0,0,none,34,31.87677701094695
dermatology,real,12,4.0,0,none,34,32.11074897683134
dermatology,real,13,1.0,0,none,34,33.4121348074783
dermatology,real,14,4.0,0,none,34,32.040283980721654
dermatology,real,15,0.0,0,meff,34,34.0
dermatology,real,16,0.0,0,meff,34,34.0
dermatology,real,17,4.0,0,none,34,31.885593454386925
dermatology,real,18,4.0,0,none,34,31.9800818668518
dermatology,real,19,4.0,0,none,34,31.845533784368858
dermatology,real,20,4.0,0,none,34,32.07707265156089
dermatology,real,21,4.0,0,none,34,31.952398228334022
dermatology,real,22,4.0,1,none,34,29.447332819717246
dermatology,real,23,0.0,0,meff,34,34.0
dermatology,real,24,4.0,0,none,34,31.880037107246952
dermatology,real,25,4.0,0,none,34,32.01176626956747
dermatology,real,26,4.0,1,none,34,29.632900400181175
dermatology,real,27,4.0,0,none,34,31.913045354192963
dermatology,real,28,4.0,0,none,34,31.981928220177775
dermatology,real,29,4.0,0,none,34,31.97998293642422
hypothyroid,real,0,4.0,1,none,25,12.968268911173244
hypothyroid,real,1,4.0,1,none,25,12.884612215628621
hypothyroid,real,2,4.0,1,none,25,12.928342156169514
hypothyroid,real,3,4.0,1,none,25,12.928138372635251
hypothyroid,real,4,4.0,1,none,25,12.904125089112751
hypothyroid,real,5,4.0,1,none,25,12.914306265237197
hypothyroid,real,6,4.0,1,none,25,12.96637527873073
hypothyroid,real,7,4.0,1,none,25,12.91329228201883
hypothyroid,real,8,4.0,0,none,25,12.712115285598031
hypothyroid,real,9,0.5,0,none,25,17.8648270991552
hypothyroid,real,10,4.0,1,none,25,12.934124211410882
hypothyroid,real,11,4.0,1,none,25,12.953597655241042
hypothyroid,real,12,4.0,1,none,25,12.845652391896753
hypothyroid,real,13,4.0,1,none,25,12.908654931427762
hypothyroid,real,14,4.0,1,none,25,12.91708157697809
hypothyroid,real,15,4.0,1,none,25,13.000100017480166
hypothyroid,real,16,4.0,1,none,25,12.952645276138828
hypothyroid,real,17,4.0,1,none,25,12.86536064328775
hypothyroid,real,18,4.0,1,none,25,12.933271626074028
hypothyroid,real,19,4.0,1,none,25,12.948777257460616
hypothyroid,real,20,4.0,1,none,25,12.890724988715778
hypothyroid,real,21,4.0,1,none,25,12.904368194585158
hypothyroid,real,22,4.0,1,none,25,12.849776107857007
hypothyroid,real,23,4.0,1,none,25,13.05824439628827
hypothyroid,real,24,4.0,1,none,25,12.928722268360843
hypothyroid,real,25,4.0,1,none,25,12.95935867994388
hypothyroid,real,26,4.0,1,none,25,12.973892307113456
hypothyroid,real,27,4.0,1,none,25,12.962588506191878
hypothyroid,real,28,4.0,1,none,25,12.925657313835801
hypothyroid,real,29,4.0,1,none,25,12.820597529902795
saheart,real,0,4.0,0,none,9,5.230613242005539
saheart,real,1,4.0,0,none,9,5.405370839606174
saheart,real,2,4.0,0,none,9,5.349940614577693
saheart,real,3,2.0,0,none,9,6.304234833492414
saheart,real,4,2.0,0,none,9,6.451714808541525
saheart,real,5,4.0,0,none,9,5.3324615077000965
saheart,real,6,4.0,0,none,9,5.391101617259031
saheart,real,7,4.0,0,none,9,5.352361810204318
saheart,real,8,4.0,0,none,9,5.2582965923712734
saheart,real,9,4.0,0,none,9,5.254361058375893
saheart,real,10,2.0,1,none,9,6.260575978280244
saheart,real,11,4.0,0,none,9,5.2640651426599305
saheart,real,12,4.0,0,none,9,5.324968549630968
saheart,real,13,2.0,0,none,9,6.416383460715927
saheart,real,14,2.0,0,none,9,6.2361764874833945
saheart,real,15,4.0,0,none,9,5.414029727277568
saheart,real,16,4.0,0,none,9,5.316309963654098
saheart,real,17,4.0,0,none,9,5.386763758682147
saheart,real,18,2.0,1,none,9,6.21651829493296
saheart,real,19,4.0,0,none,9,5.39395118080687
saheart,real,20,4.0,0,none,9,5.383395859982739
saheart,real,21,4.0,0,none,9,5.237780834669914
saheart,real,22,4.0,0,none,9,5.430944283589049
saheart,real,23,4.0,0,none,9,5.334371564363266
saheart,real,24,1.0,1,none,9,7.162421695314606
saheart,real,25,2.0,0,none,9,6.258321813088551
saheart,real,26,2.0,1,none,9,6.285528823520641
saheart,real,27,2.0,0,none,9,6.338922249618734
saheart,real,28,4.0,0,none,9,5.425352792229496
saheart,real,29,2.0,0,none,9,6.227891118245443
spectf,real,0,4.0,0,none,44,8.758473561092332
spectf,real,1,4.0,1,none,44,9.07196434380702
spectf,real,2,4.0,0,none,44,8.957945345267296
spectf,real,3,4.0,1,none,44,9.024267211923053
spectf,real,4,4.0,0,none,44,9.683031598918468
spectf,real,5,4.0,0,none,44,9.108719423877755
spectf,real,6,4.0,0,none,44,8.901114446693084
spectf,real,7,4.0,1,none,44,9.035518002988724
spectf,real,8,4.0,0,none,44,8.85477966237033
spectf,real,9,4.0,1,none,44,9.210029957548931
spectf,real,10,2.0,0,none,44,14.757748396888433
spectf,real,11,4.0,0,none,44,8.933505163301643
spectf,real,12,4.0,0,none,44,9.169501336707386
spectf,real,13,4.0,1,none,44,9.136795630598154
spectf,real,14,4.0,1,none,44,9.325317352805767
spectf,real,15,4.0,0,none,44,8.700875081828453
spectf,real,16,4.0,1,none,44,9.37184051287765
spectf,real,17,4.0,0,none,44,8.815528340090912
spectf,real,18,4.0,0,none,44,8.710703347098876
spectf,real,19,4.0,0,none,44,8.95613787897523
spectf,real,20,4.0,1,none,44,9.057436841644353
spectf,real,21,4.0,0,none,44,9.02884801654602
spectf,real,22,4.0,1,none,44,9.384214006944063
spectf,real,23,4.0,0,none,44,9.203177224495604
spectf,real,24,4.0,0,none,44,8.940667114694362
spectf,real,25,4.0,1,none,44,9.023332821389097
spectf,real,26,4.0,0,none,44,9.115383341877594
spectf,real,27,4.0,0,none,44,8.708386557560143
spectf,real,28,4.0,0,none,44,9.190128889619103
spectf,real,29,4.0,0,none,44,8.740419667734923
new-thyroid,real,0,0.0,0,meff,5,5.0
new-thyroid,real,1,0.5,1,meff,5,5.0
new-thyroid,real,2,4.0,1,none,5,4.38961305988997
new-thyroid,real,3,0.0,0,meff,5,5.0
new-thyroid,real,4,0.0,0,meff,5,5.0
new-thyroid,real,5,0.0,0,meff,5,5.0
new-thyroid,real,6,0.0,0,meff,5,5.0
new-thyroid,real,7,0.0,0,meff,5,5.0
new-thyroid,real,8,0.0,0,meff,5,5.0
new-thyroid,real,9,0.0,0,meff,5,5.0
new-thyroid,real,10,0.0,0,meff,5,5.0
new-thyroid,real,11,2.0,1,none,5,4.540856852533884
new-thyroid,real,12,0.5,1,none,5,4.886513543147105
new-thyroid,real,13,4.0,0,none,5,4.462648630460714
new-thyroid,real,14,0.0,0,meff,5,5.0
new-thyroid,real,15,4.0,0,none,5,4.445293349602986
new-thyroid,real,16,0.0,0,meff,5,5.0
new-thyroid,real,17,0.0,0,meff,5,5.0
new-thyroid,real,18,0.0,0,meff,5,5.0
new-thyroid,real,19,0.0,0,meff,5,5.0
new-thyroid,real,20,0.0,0,meff,5,5.0
new-thyroid,real,21,0.0,0,meff,5,5.0
new-thyroid,real,22,0.0,0,meff,5,5.0
new-thyroid,real,23,0.0,0,meff,5,5.0
new-thyroid,real,24,0.0,0,meff,5,5.0
new-thyroid,real,25,0.0,0,meff,5,5.0
new-thyroid,real,26,0.0,0,meff,5,5.0
new-thyroid,real,27,0.0,0,meff,5,5.0
new-thyroid,real,28,4.0,0,none,5,4.495538298597386
new-thyroid,real,29,4.0,1,none,5,4.277831696617319
breast-w,real,0,4.0,1,none,9,5.194530490752339
breast-w,real,1,4.0,1,none,9,5.2581262153580255
breast-w,real,2,4.0,1,none,9,5.149707861410699
breast-w,real,3,4.0,1,none,9,5.399997995933015
breast-w,real,4,4.0,1,none,9,5.312777704545521
breast-w,real,5,4.0,1,none,9,5.468789177222913
breast-w,real,6,4.0,1,none,9,5.239464724554367
breast-w,real,7,4.0,1,none,9,5.749451762193876
breast-w,real,8,4.0,1,none,9,5.4847791704816755
breast-w,real,9,4.0,1,none,9,5.417513908593313
breast-w,real,10,4.0,1,none,9,5.215781472250315
breast-w,real,11,4.0,1,none,9,5.587704702038263
breast-w,real,12,4.0,1,none,9,5.231618408575388
breast-w,real,13,4.0,1,none,9,5.39639551559034
breast-w,real,14,4.0,1,none,9,5.312671861754038
breast-w,real,15,4.0,1,none,9,5.441074188814342
breast-w,real,16,4.0,1,none,9,5.404302166285398
breast-w,real,17,4.0,1,none,9,5.328134019889804
breast-w,real,18,4.0,1,none,9,5.285847509098575
breast-w,real,19,4.0,1,none,9,5.425446197407869
breast-w,real,20,4.0,1,none,9,5.345223046850336
breast-w,real,21,4.0,1,none,9,5.273174885143339
breast-w,real,22,4.0,1,none,9,5.3396766530364905
breast-w,real,23,4.0,1,none,9,5.182541952582945
breast-w,real,24,4.0,1,none,9,5.414501640840323
breast-w,real,25,4.0,1,none,9,5.021692744285656
breast-w,real,26,4.0,1,none,9,5.680940218244187
breast-w,real,27,4.0,1,none,9,5.25078620396567
breast-w,real,28,4.0,1,none,9,5.442617112085827
breast-w,real,29,4.0,1,none,9,5.730623191413859
horse-colic,real,0,4.0,0,none,19,12.022197611387758
horse-colic,real,1,4.0,0,none,19,11.911318381582785
horse-colic,real,2,4.0,1,meff,19,18.0
horse-colic,real,3,4.0,1,none,19,11.470626799849395
horse-colic,real,4,4.0,1,none,19,11.468386290067908
horse-colic,real,5,4.0,0,none,19,11.920680707339892
horse-colic,real,6,1.0,1,none,19,15.684515257507957
horse-colic,real,7,4.0,0,none,19,11.999966815732304
horse-colic,real,8,4.0,1,none,19,11.578946821212728
horse-colic,real,9,4.0,1,none,19,11.86534820899815
horse-colic,real,10,2.0,1,none,19,13.945178649818992
horse-colic,real,11,4.0,0,none,19,11.808816256247262
horse-colic,real,12,4.0,0,none,19,12.234239309085227
horse-colic,real,13,4.0,1,none,19,11.434563777057386
horse-colic,real,14,4.0,0,none,19,12.041528757673653
horse-colic,real,15,4.0,1,none,19,11.67352648571935
horse-colic,real,16,4.0,1,none,19,11.70008305017269
horse-colic,real,17,2.0,1,none,19,13.787264448475854
horse-colic,real,18,4.0,1,none,19,11.520352570284237
horse-colic,real,19,4.0,1,none,19,11.433639224402855
horse-colic,real,20,4.0,1,none,19,11.63305449213624
horse-colic,real,21,4.0,0,none,19,11.991916664075905
horse-colic,real,22,4.0,1,none,19,11.993231933963202
horse-colic,real,23,4.0,1,none,19,11.317337953010426
horse-colic,real,24,4.0,0,none,19,11.835071991042291
horse-colic,real,25,4.0,1,none,19,11.67861366938893
horse-colic,real,26,4.0,1,none,19,11.49062396216258
horse-colic,real,27,4.0,1,none,19,11.749521385599815
horse-colic,real,28,4.0,1,none,19,11.397518094309572
horse-colic,real,29,4.0,0,none,19,12.034455158100858
ecoli,real,0,0.5,1,none,6,5.591334941261604
ecoli,real,1,0.0,0,meff,6,6.0
ecoli,real,2,0.25,1,none,6,5.770641044279755
ecoli,real,3,0.25,1,none,6,5.76052700930052
ecoli,real,4,0.5,1,none,6,5.591434456975941
ecoli,real,5,0.5,1,none,6,5.578069864284058
ecoli,real,6,0.25,1,none,6,5.760133792872555
ecoli,real,7,1.0,1,none,6,5.344008286844215
ecoli,real,8,1.0,1,none,6,5.3315294871873675
ecoli,real,9,0.5,1,none,6,5.5935965406288055
ecoli,real,10,0.5,1,none,6,5.606709185688856
ecoli,real,11,0.5,0,none,6,5.673811168844053
ecoli,real,12,0.5,1,none,6,5.577906520950797
ecoli,real,13,2.0,1,none,6,5.005237270687289
ecoli,real,14,0.5,1,none,6,5.574000460718625
ecoli,real,15,0.25,1,none,6,5.776921238198739
ecoli,real,16,0.5,0,none,6,5.670707655908207
ecoli,real,17,0.25,1,none,6,5.7436477182417285
ecoli,real,18,0.25,1,none,6,5.7794868654728795
ecoli,real,19,0.5,1,none,6,5.582975057055855
ecoli,real,20,0.25,1,none,6,5.771490550770244
ecoli,real,21,0.0,0,meff,6,6.0
ecoli,real,22,0.25,1,none,6,5.763084650114328
ecoli,real,23,0.5,1,none,6,5.5727379055984985
ecoli,real,24,1.0,1,none,6,5.35958816845975
ecoli,real,25,0.25,1,none,6,5.773702417601748
ecoli,real,26,0.5,0,none,6,5.654620750921662
ecoli,real,27,0.5,0,none,6,5.665918310918579
ecoli,real,28,0.5,1,none,6,5.57314200205094
ecoli,real,29,0.5,0,none,6,5.673486367298258
yeast,real,0,4.0,0,none,8,7.383584570455811
yeast,real,1,0.5,1,none,8,7.892508482215337
yeast,real,2,2.0,1,none,8,7.5842274886085175
yeast,real,3,4.0,1,none,8,7.281633617887469
yeast,real,4,4.0,0,none,8,7.442481063290908
yeast,real,5,0.0,0,meff,8,8.0
yeast,real,6,4.0,1,none,8,7.248803033539456
yeast,real,7,1.0,1,none,8,7.776158868146265
yeast,real,8,4.0,0,none,8,7.322311084175654
yeast,real,9,4.0,0,none,8,7.378668423905058
yeast,real,10,0.25,1,none,8,7.933673685098482
yeast,real,11,4.0,1,none,8,7.272684718532752
yeast,real,12,1.0,1,none,8,7.787211529870002
yeast,real,13,1.0,1,none,8,7.763845695718759
yeast,real,14,0.5,1,none,8,7.863149193958459
yeast,real,15,4.0,1,none,8,7.305577804102733
yeast,real,16,0.0,0,meff,8,8.0
yeast,real,17,1.0,1,none,8,7.743982200599119
yeast,real,18,4.0,0,none,8,7.450542228582203
yeast,real,19,1.0,1,none,8,7.761427569785208
yeast,real,20,2.0,1,none,8,7.55590214383874
yeast,real,21,4.0,0,none,8,7.426904463101284
yeast,real,22,4.0,0,none,8,7.415647610584434
yeast,real,23,0.0,0,meff,8,8.0
yeast,real,24,0.5,1,none,8,7.880672640357506
yeast,real,25,1.0,1,none,8,7.774555572325322
yeast,real,26,2.0,1,none,8,7.571670355554338
yeast,real,27,4.0,0,none,8,7.434741527429752
yeast,real,28,2.0,1,none,8,7.534088133512141
yeast,real,29,4.0,0,none,8,7.401610670935374
penguins,real,0,0.25,1,meff,7,5.440129449838186
penguins,real,1,0.25,1,meff,7,5.637540453074433
penguins,real,2,0.25,1,meff,7,5.640776699029125
penguins,real,3,0.25,1,meff,7,5.640776699029128
penguins,real,4,0.25,1,meff,7,5.641935483870969
penguins,real,5,0.25,1,meff,7,5.641935483870967
penguins,real,6,0.0,0,meff,7,7.0
penguins,real,7,0.25,1,meff,7,5.638709677419356
penguins,real,8,0.25,1,none,7,5.976608443151931
penguins,real,9,0.25,1,meff,7,5.638709677419353
penguins,real,10,0.25,1,meff,7,5.6375404530744335
penguins,real,11,0.25,1,meff,7,5.637540453074435
penguins,real,12,0.25,1,meff,7,5.640776699029126
penguins,real,13,0.25,1,meff,7,5.640776699029125
penguins,real,14,0.25,1,meff,7,5.441935483870967
penguins,real,15,0.25,1,meff,7,5.641935483870969
penguins,real,16,0.25,1,meff,7,5.638709677419354
penguins,real,17,0.25,1,meff,7,5.441935483870968
penguins,real,18,0.25,1,meff,7,5.638709677419354
penguins,real,19,0.25,1,meff,7,5.44193548387097
penguins,real,20,0.25,1,meff,7,5.440129449838189
penguins,real,21,0.25,1,meff,7,5.637540453074433
penguins,real,22,0.25,1,meff,7,5.640776699029126
penguins,real,23,0.25,1,meff,7,5.640776699029126
penguins,real,24,0.25,1,meff,7,5.6419354838709666
penguins,real,25,0.25,1,meff,7,5.441935483870967
penguins,real,26,0.25,0,meff,7,5.999999999999997
penguins,real,27,0.25,1,meff,7,5.638709677419354
penguins,real,28,0.0,0,meff,7,7.0
penguins,real,29,0.25,1,meff,7,5.441935483870966
mushroom,real,0,0.0,0,meff,21,21.0
mushroom,real,1,0.0,0,meff,21,21.0
mushroom,real,2,0.0,0,meff,21,21.0
mushroom,real,3,0.0,0,meff,21,21.0
mushroom,real,4,0.0,0,meff,21,21.0
mushroom,real,5,0.0,0,meff,21,21.0
mushroom,real,6,0.0,0,meff,21,21.0
mushroom,real,7,0.0,0,meff,21,21.0
mushroom,real,8,0.0,0,meff,21,21.0
mushroom,real,9,0.0,0,meff,21,21.0
mushroom,real,10,0.0,0,meff,21,21.0
mushroom,real,11,0.0,0,meff,21,21.0
mushroom,real,12,0.0,0,meff,21,21.0
mushroom,real,13,0.0,0,meff,21,21.0
mushroom,real,14,0.0,0,meff,21,21.0
mushroom,real,15,0.0,0,meff,21,21.0
mushroom,real,16,0.0,0,meff,21,21.0
mushroom,real,17,0.0,0,meff,21,21.0
mushroom,real,18,0.0,0,meff,21,21.0
mushroom,real,19,0.0,0,meff,21,21.0
mushroom,real,20,0.0,0,meff,21,21.0
mushroom,real,21,0.0,0,meff,21,21.0
mushroom,real,22,0.0,0,meff,21,21.0
mushroom,real,23,0.0,0,meff,21,21.0
mushroom,real,24,0.0,0,meff,21,21.0
mushroom,real,25,0.0,0,meff,21,21.0
mushroom,real,26,0.0,0,meff,21,21.0
mushroom,real,27,0.0,0,meff,21,21.0
mushroom,real,28,0.0,0,meff,21,21.0
mushroom,real,29,0.0,0,meff,21,21.0
soybean,real,0,4.0,0,none,35,21.027556775498123
soybean,real,1,0.25,1,meff,35,30.24317770826835
soybean,real,2,0.25,1,meff,35,30.077084960650243
soybean,real,3,4.0,0,none,35,21.10479379983438
soybean,real,4,4.0,0,none,35,20.872904198580958
soybean,real,5,4.0,0,none,35,21.49495858604105
soybean,real,6,0.25,1,meff,35,30.224463954898145
soybean,real,7,4.0,0,none,35,21.07477532981684
soybean,real,8,0.25,1,meff,35,30.150195420259607
soybean,real,9,4.0,0,none,35,21.038280726553484
soybean,real,10,4.0,0,none,35,21.02526820331116
soybean,real,11,4.0,0,none,35,21.1129476706786
soybean,real,12,0.25,0,meff,35,33.0
soybean,real,13,4.0,0,none,35,21.55136895070087
soybean,real,14,0.5,0,none,35,31.483948539558533
soybean,real,15,0.25,1,meff,35,30.08617935365241
soybean,real,16,0.25,0,meff,35,33.000000000000014
soybean,real,17,4.0,0,none,35,21.001965086527594
soybean,real,18,0.25,1,meff,35,29.956973975428312
soybean,real,19,4.0,0,none,35,21.014973178177016
soybean,real,20,0.0,0,meff,35,35.0
soybean,real,21,0.5,0,none,35,31.592622285830025
soybean,real,22,0.25,1,meff,35,30.111106375002933
soybean,real,23,1.0,0,none,35,28.91558967157616
soybean,real,24,4.0,0,none,35,20.902586796987155
soybean,real,25,0.5,1,none,35,29.517909250401924
soybean,real,26,0.25,1,meff,35,30.28743721646923
soybean,real,27,4.0,0,none,35,21.059208089622736
soybean,real,28,0.25,1,meff,35,30.154222805435964
soybean,real,29,4.0,0,none,35,21.250175021974602
splice-dna,real,0,4.0,1,none,60,57.679999029187975
splice-dna,real,1,4.0,0,none,60,58.91867122512307
splice-dna,real,2,4.0,0,none,60,59.06839029357095
splice-dna,real,3,4.0,0,none,60,59.0779829072921
splice-dna,real,4,4.0,0,none,60,59.07134319631936
splice-dna,real,5,4.0,0,none,60,59.103981006417484
splice-dna,real,6,4.0,0,none,60,58.87528693610861
splice-dna,real,7,4.0,1,none,60,57.70177468880902
splice-dna,real,8,2.0,1,none,60,58.76004844542236
splice-dna,real,9,4.0,0,none,60,59.03968517723343
splice-dna,real,10,4.0,0,none,60,58.994830615740064
splice-dna,real,11,4.0,0,none,60,58.99537757478867
splice-dna,real,12,4.0,0,none,60,59.04177013478656
splice-dna,real,13,4.0,0,none,60,59.00909566726748
splice-dna,real,14,4.0,0,none,60,59.09773521297742
splice-dna,real,15,4.0,0,none,60,59.15200436884509
splice-dna,real,16,4.0,1,none,60,57.65350752841573
splice-dna,real,17,4.0,0,none,60,59.03640118862299
splice-dna,real,18,4.0,0,none,60,58.881087714549516
splice-dna,real,19,2.0,1,none,60,58.68367381447545
splice-dna,real,20,4.0,0,none,60,59.02175606485929
splice-dna,real,21,4.0,0,none,60,58.85541559397695
splice-dna,real,22,4.0,1,none,60,57.57466139612142
splice-dna,real,23,4.0,0,none,60,59.0496794241512
splice-dna,real,24,2.0,1,none,60,58.80025439563397
splice-dna,real,25,4.0,0,none,60,59.10565627747285
splice-dna,real,26,4.0,0,none,60,58.93590535650414
splice-dna,real,27,4.0,0,none,60,59.1626388712013
splice-dna,real,28,4.0,0,none,60,58.947379405801094
splice-dna,real,29,4.0,1,none,60,57.733684148518506
credit-aus,real,0,2.0,0,meff,15,14.000000000000002
credit-aus,real,1,2.0,0,meff,15,13.999999999999995
credit-aus,real,2,2.0,0,none,15,11.417406704018846
credit-aus,real,3,4.0,0,none,15,10.220482239732112
credit-aus,real,4,4.0,0,none,15,10.162764596576382
credit-aus,real,5,4.0,0,none,15,10.23427115484817
credit-aus,real,6,4.0,0,none,15,10.12600455811888
credit-aus,real,7,4.0,0,meff,15,13.999999999999998
credit-aus,real,8,4.0,0,none,15,10.037530254066638
credit-aus,real,9,0.25,0,meff,15,14.000000000000002
credit-aus,real,10,2.0,0,none,15,11.402039912606337
credit-aus,real,11,4.0,0,none,15,10.18111033252663
credit-aus,real,12,4.0,0,none,15,10.124237522056466
credit-aus,real,13,4.0,0,none,15,10.036209122080106
credit-aus,real,14,2.0,1,none,15,11.189300449716665
credit-aus,real,15,4.0,0,none,15,9.994499027254998
credit-aus,real,16,1.0,0,none,15,12.55355406647638
credit-aus,real,17,1.0,0,none,15,12.520089939621988
credit-aus,real,18,4.0,0,none,15,10.147942341329811
credit-aus,real,19,4.0,0,none,15,10.142403338441499
credit-aus,real,20,4.0,0,none,15,10.113213846163022
credit-aus,real,21,4.0,0,none,15,10.201675654840352
credit-aus,real,22,4.0,0,none,15,10.083933497157464
credit-aus,real,23,2.0,0,none,15,11.441395700139289
credit-aus,real,24,4.0,0,none,15,10.193005399035888
credit-aus,real,25,4.0,0,none,15,10.087897674695592
credit-aus,real,26,4.0,0,none,15,10.056851897964682
credit-aus,real,27,0.5,0,none,15,13.439531471989497
credit-aus,real,28,4.0,0,none,15,10.099014147388079
credit-aus,real,29,2.0,0,none,15,11.438691227262687
credit-ger,real,0,4.0,0,none,20,14.235834781079838
credit-ger,real,1,4.0,0,none,20,14.393890082998412
credit-ger,real,2,4.0,0,none,20,14.269505703442743
credit-ger,real,3,4.0,0,none,20,14.332288204241038
credit-ger,real,4,4.0,0,none,20,14.494378172151695
credit-ger,real,5,4.0,0,none,20,14.359643626530053
credit-ger,real,6,4.0,0,none,20,14.259067033996216
credit-ger,real,7,4.0,0,none,20,14.302667302079023
credit-ger,real,8,4.0,0,none,20,14.259671233804413
credit-ger,real,9,4.0,0,none,20,14.284176062836863
credit-ger,real,10,2.0,0,none,20,16.278990608719774
credit-ger,real,11,4.0,0,none,20,14.295423903647384
credit-ger,real,12,4.0,0,none,20,14.281841573398298
credit-ger,real,13,1.0,0,none,20,17.815225556209676
credit-ger,real,14,2.0,0,none,20,16.25805632385957
credit-ger,real,15,4.0,0,none,20,14.32403855546061
credit-ger,real,16,4.0,0,none,20,14.406741411338038
credit-ger,real,17,2.0,0,none,20,16.296749026205745
credit-ger,real,18,4.0,0,none,20,14.362774368329273
credit-ger,real,19,4.0,0,none,20,14.266128754134286
credit-ger,real,20,4.0,0,none,20,14.288725888801476
credit-ger,real,21,4.0,0,none,20,14.260689368254312
credit-ger,real,22,4.0,0,none,20,14.422663148034731
credit-ger,real,23,4.0,0,none,20,14.310257834825501
credit-ger,real,24,2.0,0,none,20,16.271586707995652
credit-ger,real,25,4.0,0,none,20,14.368762609106298
credit-ger,real,26,4.0,0,none,20,14.32038019582635
credit-ger,real,27,2.0,0,none,20,16.250078437914
credit-ger,real,28,4.0,0,none,20,14.304294603296146
credit-ger,real,29,4.0,0,none,20,14.370144713186136
churn,real,0,0.25,0,meff,20,16.999999999999996
churn,real,1,0.25,0,meff,20,17.0
churn,real,2,0.25,1,meff,20,17.858333333333334
churn,real,3,0.25,1,meff,20,17.0000000141043
churn,real,4,0.25,0,meff,20,17.00000000000001
churn,real,5,0.0,0,meff,20,20.0
churn,real,6,0.0,0,meff,20,20.0
churn,real,7,0.25,1,meff,20,17.858611111111117
churn,real,8,0.25,0,meff,20,16.999999999999996
churn,real,9,0.0,0,meff,20,20.0
churn,real,10,0.25,1,meff,20,17.858333333333334
churn,real,11,0.25,0,meff,20,17.000000000000004
churn,real,12,0.25,0,meff,20,17.0
churn,real,13,0.25,0,meff,20,17.000000000000004
churn,real,14,0.25,0,meff,20,17.0
churn,real,15,0.25,0,meff,20,16.999999999999996
churn,real,16,0.25,0,meff,20,16.999999999999996
churn,real,17,0.25,0,meff,20,17.0
churn,real,18,0.25,1,meff,20,17.000000000000007
churn,real,19,0.25,1,meff,20,17.0
churn,real,20,0.25,0,meff,20,17.0
churn,real,21,0.25,0,meff,20,16.999999999999996
churn,real,22,0.25,0,meff,20,16.999999999999996
churn,real,23,0.25,0,meff,20,17.0
churn,real,24,0.25,0,meff,20,17.0
churn,real,25,0.25,0,none,20,17.999400762971526
churn,real,26,0.25,0,meff,20,17.0
churn,real,27,0.25,1,meff,20,17.0
churn,real,28,0.25,0,meff,20,17.0
churn,real,29,0.25,1,meff,20,17.858611111111117
profb,real,0,4.0,0,none,9,8.839259775356993
profb,real,1,4.0,0,none,9,8.830747086531241
profb,real,2,4.0,0,none,9,8.863683173562325
profb,real,3,4.0,0,none,9,8.841688913149348
profb,real,4,4.0,0,none,9,8.845858213662499
profb,real,5,4.0,0,none,9,8.847722492903122
profb,real,6,4.0,0,none,9,8.86859690779154
profb,real,7,4.0,0,none,9,8.827879918023651
profb,real,8,4.0,0,none,9,8.873088230587138
profb,real,9,2.0,1,none,9,8.88468507189869
profb,real,10,4.0,0,none,9,8.829795720249239
profb,real,11,4.0,0,none,9,8.839191896318855
profb,real,12,4.0,0,none,9,8.824004886239859
profb,real,13,4.0,0,none,9,8.88219344706471
profb,real,14,4.0,0,none,9,8.866347831633671
profb,real,15,4.0,1,none,9,8.765336616069366
profb,real,16,4.0,0,none,9,8.886455170675315
profb,real,17,4.0,0,none,9,8.831690546037365
profb,real,18,4.0,0,none,9,8.808507242931622
profb,real,19,4.0,0,none,9,8.840829034673721
profb,real,20,4.0,0,none,9,8.819564881666198
profb,real,21,4.0,0,none,9,8.826724680504105
profb,real,22,4.0,0,none,9,8.853495770901606
profb,real,23,4.0,0,none,9,8.864281305424281
profb,real,24,4.0,0,none,9,8.840668196544671
profb,real,25,4.0,0,none,9,8.862731577075074
profb,real,26,4.0,0,none,9,8.831589306396555
profb,real,27,4.0,0,none,9,8.862913710334427
profb,real,28,4.0,0,none,9,8.820224694659876
profb,real,29,4.0,0,none,9,8.834478784899941
contraceptive,real,0,4.0,0,none,9,5.176457145500874
contraceptive,real,1,4.0,0,none,9,5.152003863315178
contraceptive,real,2,4.0,0,none,9,5.180435841971408
contraceptive,real,3,4.0,0,none,9,5.189831496523228
contraceptive,real,4,4.0,0,none,9,5.097544892513277
contraceptive,real,5,4.0,0,none,9,5.235419463799695
contraceptive,real,6,4.0,0,none,9,5.142521355861685
contraceptive,real,7,4.0,0,none,9,5.1481846026746
contraceptive,real,8,4.0,0,none,9,5.204113554548778
contraceptive,real,9,4.0,0,none,9,5.182918923817552
contraceptive,real,10,4.0,0,none,9,5.237143109567568
contraceptive,real,11,4.0,0,none,9,5.166156079472551
contraceptive,real,12,4.0,0,none,9,5.19889218060096
contraceptive,real,13,4.0,0,none,9,5.118093629348342
contraceptive,real,14,4.0,0,none,9,5.1395252965178555
contraceptive,real,15,4.0,0,none,9,5.228398462160743
contraceptive,real,16,4.0,0,none,9,5.15961036624615
contraceptive,real,17,4.0,0,none,9,5.20840560823682
contraceptive,real,18,4.0,0,none,9,5.154568844421064
contraceptive,real,19,4.0,0,none,9,5.103936953552051
contraceptive,real,20,4.0,0,none,9,5.135850290979992
contraceptive,real,21,4.0,0,none,9,5.159861285074079
contraceptive,real,22,4.0,0,none,9,5.231847130995548
contraceptive,real,23,4.0,0,none,9,5.111770919867633
contraceptive,real,24,4.0,0,none,9,5.173163038889559
contraceptive,real,25,4.0,0,none,9,5.173593757141079
contraceptive,real,26,4.0,0,none,9,5.23182276764541
contraceptive,real,27,4.0,0,none,9,5.216230024840227
contraceptive,real,28,4.0,0,none,9,5.137508506421107
contraceptive,real,29,4.0,0,none,9,5.14731994654293
titanic,real,0,4.0,0,none,8,3.604660492873514
titanic,real,1,4.0,0,none,8,3.570615653419691
titanic,real,2,4.0,0,none,8,3.555644031971103
titanic,real,3,4.0,1,none,8,3.5982957924014576
titanic,real,4,4.0,0,none,8,3.6407235444198403
titanic,real,5,4.0,0,none,8,3.6064994373497177
titanic,real,6,4.0,1,none,8,3.5143219439317837
titanic,real,7,4.0,0,none,8,3.6023809120640378
titanic,real,8,4.0,1,none,8,3.5883171474794806
titanic,real,9,4.0,1,none,8,3.5648903427611187
titanic,real,10,4.0,0,none,8,3.5991327268259905
titanic,real,11,4.0,1,none,8,3.5363573889410915
titanic,real,12,4.0,1,none,8,3.551979264078105
titanic,real,13,4.0,0,none,8,3.6257676758262445
titanic,real,14,4.0,1,none,8,3.583665457337648
titanic,real,15,4.0,0,none,8,3.6045325381436095
titanic,real,16,4.0,1,none,8,3.561795125503739
titanic,real,17,4.0,0,none,8,3.6188182915185956
titanic,real,18,4.0,1,none,8,3.542249108574213
titanic,real,19,4.0,1,none,8,3.565507418294314
titanic,real,20,4.0,0,none,8,3.6447199442430245
titanic,real,21,4.0,1,none,8,3.557049423574033
titanic,real,22,4.0,0,none,8,3.6180115089669256
titanic,real,23,4.0,1,none,8,3.5212388034198527
titanic,real,24,4.0,0,none,8,3.615840203785461
titanic,real,25,4.0,0,none,8,3.5766481857453187
titanic,real,26,4.0,0,none,8,3.5893715535492574
titanic,real,27,4.0,1,none,8,3.5661380391747244
titanic,real,28,4.0,1,none,8,3.5979968696245987
titanic,real,29,4.0,1,none,8,3.526140094339552
nursery,real,0,4.0,0,none,8,7.912463178479653
nursery,real,1,4.0,0,none,8,7.933686093237997
nursery,real,2,4.0,0,none,8,7.917957140736183
nursery,real,3,4.0,0,none,8,7.917780186445135
nursery,real,4,4.0,0,none,8,7.926325211323112
nursery,real,5,4.0,0,none,8,7.914575962416248
nursery,real,6,4.0,0,none,8,7.920946759537824
nursery,real,7,4.0,0,none,8,7.926915457397602
nursery,real,8,4.0,0,none,8,7.9136108598187
nursery,real,9,4.0,0,none,8,7.9377512952122675
nursery,real,10,4.0,0,none,8,7.922588219253104
nursery,real,11,4.0,0,none,8,7.914500613602666
nursery,real,12,4.0,0,none,8,7.928071254025564
nursery,real,13,4.0,0,none,8,7.927541769589126
nursery,real,14,4.0,0,none,8,7.916383613165207
nursery,real,15,4.0,0,none,8,7.926212104484723
nursery,real,16,4.0,0,none,8,7.927337635145155
nursery,real,17,4.0,0,none,8,7.915881395639139
nursery,real,18,4.0,0,none,8,7.915672544864839
nursery,real,19,4.0,0,none,8,7.927104047098003
nursery,real,20,4.0,0,none,8,7.930023023622171
nursery,real,21,4.0,0,none,8,7.907560049216766
nursery,real,22,4.0,0,none,8,7.921513935102847
nursery,real,23,4.0,0,none,8,7.929146413458845
nursery,real,24,4.0,0,none,8,7.925540505003352
nursery,real,25,4.0,0,none,8,7.926344889046462
nursery,real,26,4.0,0,none,8,7.922709634849267
nursery,real,27,4.0,0,none,8,7.911118082129162
nursery,real,28,4.0,0,none,8,7.923366319687345
nursery,real,29,4.0,0,none,8,7.922133653700099
segmentation,real,0,1.0,0,none,18,6.464762427585861
segmentation,real,1,0.5,0,none,18,8.497503955595969
segmentation,real,2,1.0,0,none,18,6.454524071100151
segmentation,real,3,0.25,1,meff,18,10.073958900449895
segmentation,real,4,1.0,0,none,18,6.456920929622568
segmentation,real,5,0.5,0,none,18,8.577194882673785
segmentation,real,6,0.5,0,none,18,8.521771341487044
segmentation,real,7,0.5,0,none,18,8.494963442423204
segmentation,real,8,0.5,0,none,18,8.551721489351273
segmentation,real,9,0.25,1,meff,18,9.923970375092283
segmentation,real,10,1.0,0,none,18,6.491224067058844
segmentation,real,11,1.0,0,none,18,6.428706436906432
segmentation,real,12,0.25,0,meff,18,11.0019854259191
segmentation,real,13,0.5,0,none,18,8.509264432720792
segmentation,real,14,0.5,0,none,18,8.509864895443057
segmentation,real,15,0.5,0,none,18,8.522329663845253
segmentation,real,16,1.0,0,none,18,6.474256802077482
segmentation,real,17,0.5,0,none,18,8.550153946455723
segmentation,real,18,1.0,0,none,18,6.451446705334604
segmentation,real,19,0.5,0,none,18,8.521503208911897
segmentation,real,20,0.5,0,none,18,8.527054549205202
segmentation,real,21,1.0,0,none,18,6.457105385347368
segmentation,real,22,0.5,0,none,18,8.484343777348444
segmentation,real,23,0.5,0,none,18,8.52063625610212
segmentation,real,24,0.5,0,none,18,8.554570659723185
segmentation,real,25,1.0,0,none,18,6.47834437424786
segmentation,real,26,1.0,0,none,18,6.460318602783234
segmentation,real,27,1.0,0,none,18,6.445152411681002
segmentation,real,28,1.0,0,none,18,6.4880812125564375
segmentation,real,29,1.0,0,none,18,6.440954004655075
vehicle,real,0,2.0,1,none,18,3.750893013136264
vehicle,real,1,1.0,0,none,18,5.174608138687399
vehicle,real,2,1.0,1,none,18,5.109817767901879
vehicle,real,3,1.0,0,none,18,5.166758384518485
vehicle,real,4,2.0,1,none,18,3.724218344694446
vehicle,real,5,1.0,0,none,18,5.173617624548841
vehicle,real,6,1.0,0,none,18,5.153559794314699
vehicle,real,7,2.0,1,none,18,3.733317963393712
vehicle,real,8,1.0,1,none,18,5.209800666212283
vehicle,real,9,1.0,1,none,18,5.127686536362238
vehicle,real,10,1.0,0,none,18,5.162518708187374
vehicle,real,11,2.0,1,none,18,3.7287350833401205
vehicle,real,12,0.5,0,none,18,7.1147204242775395
vehicle,real,13,1.0,0,none,18,5.203130359374174
vehicle,real,14,1.0,0,none,18,5.179722936927876
vehicle,real,15,1.0,0,none,18,5.150365583955189
vehicle,real,16,1.0,1,none,18,5.125639381033696
vehicle,real,17,2.0,1,none,18,3.7909082903912457
vehicle,real,18,1.0,1,none,18,5.144096521100984
vehicle,real,19,1.0,1,none,18,5.149523822543802
vehicle,real,20,2.0,1,none,18,3.7371270502072003
vehicle,real,21,1.0,0,none,18,5.22615887669535
vehicle,real,22,1.0,0,none,18,5.148424024594486
vehicle,real,23,1.0,1,none,18,5.131509792401698
vehicle,real,24,2.0,1,none,18,3.745080032400404
vehicle,real,25,1.0,1,none,18,5.134126840599673
vehicle,real,26,1.0,1,none,18,5.091954181918559
vehicle,real,27,1.0,1,none,18,5.143488872107058
vehicle,real,28,1.0,1,none,18,5.164962283753997
vehicle,real,29,2.0,1,none,18,3.7514918266279684
satimage,real,0,1.0,0,none,36,2.8364392352612047
satimage,real,1,1.0,0,none,36,2.8739231056241277
satimage,real,2,1.0,0,none,36,2.8748883963854097
satimage,real,3,1.0,0,none,36,2.8608302280630498
satimage,real,4,1.0,0,none,36,2.858382124321153
satimage,real,5,1.0,0,none,36,2.8640948759587186
satimage,real,6,1.0,0,none,36,2.8629223844968013
satimage,real,7,1.0,0,none,36,2.897631522559891
satimage,real,8,1.0,0,none,36,2.870373902727841
satimage,real,9,1.0,0,none,36,2.863440890746242
satimage,real,10,1.0,0,none,36,2.847023057752917
satimage,real,11,1.0,0,none,36,2.867140760776056
satimage,real,12,1.0,0,none,36,2.873450280057222
satimage,real,13,1.0,0,none,36,2.8784540437502812
satimage,real,14,1.0,0,none,36,2.845189922276943
satimage,real,15,1.0,0,none,36,2.86604855588859
satimage,real,16,1.0,0,none,36,2.892348896827968
satimage,real,17,1.0,0,none,36,2.880098633002443
satimage,real,18,1.0,0,none,36,2.8297144358761765
satimage,real,19,1.0,0,none,36,2.884206919710024
satimage,real,20,1.0,0,none,36,2.875985122489419
satimage,real,21,1.0,0,none,36,2.85360429020699
satimage,real,22,1.0,0,none,36,2.8897983629497497
satimage,real,23,1.0,0,none,36,2.8735820744207854
satimage,real,24,1.0,0,none,36,2.860426723245983
satimage,real,25,1.0,0,none,36,2.850627786977878
satimage,real,26,1.0,0,none,36,2.859456697267543
satimage,real,27,1.0,0,none,36,2.8220286025354135
satimage,real,28,1.0,0,none,36,2.89680672985293
satimage,real,29,1.0,0,none,36,2.883382498608476
phoneme,real,0,2.0,1,none,5,4.074550545800621
phoneme,real,1,4.0,1,none,5,3.5930839073623373
phoneme,real,2,4.0,1,none,5,3.5680653521025847
phoneme,real,3,4.0,1,none,5,3.552540350559468
phoneme,real,4,4.0,1,none,5,3.542373715630453
phoneme,real,5,4.0,1,none,5,3.559993560186779
phoneme,real,6,4.0,1,none,5,3.5768719481464775
phoneme,real,7,2.0,1,none,5,4.05845017002332
phoneme,real,8,4.0,1,none,5,3.5897840610553526
phoneme,real,9,4.0,1,none,5,3.5808553518349164
phoneme,real,10,2.0,1,none,5,4.084632283797395
phoneme,real,11,2.0,1,none,5,4.1026235349490126
phoneme,real,12,2.0,1,none,5,4.077554725164689
phoneme,real,13,4.0,1,none,5,3.5414259997426965
phoneme,real,14,2.0,1,none,5,4.099211900025466
phoneme,real,15,2.0,1,none,5,4.054890244987714
phoneme,real,16,2.0,1,none,5,4.0707269929853975
phoneme,real,17,2.0,1,none,5,4.068658582696982
phoneme,real,18,2.0,1,none,5,4.069362263798168
phoneme,real,19,4.0,1,none,5,3.5838811037759175
phoneme,real,20,2.0,1,none,5,4.0828544825311015
phoneme,real,21,2.0,1,none,5,4.080994581237356
phoneme,real,22,2.0,1,none,5,4.080430736213977
phoneme,real,23,4.0,1,none,5,3.591777537975979
phoneme,real,24,4.0,1,none,5,3.5611354836846445
phoneme,real,25,2.0,1,none,5,4.070787114131523
phoneme,real,26,2.0,1,none,5,4.085397320275861
phoneme,real,27,2.0,1,none,5,4.0723635106370315
phoneme,real,28,2.0,1,none,5,4.0705616579917825
phoneme,real,29,4.0,1,none,5,3.5551292812841586
page-blocks,real,0,4.0,0,none,10,1.1511163989321838
page-blocks,real,1,4.0,0,none,10,1.1470690361321574
page-blocks,real,2,2.0,0,none,10,1.9618145666146964
page-blocks,real,3,2.0,0,none,10,1.9476481180405192
page-blocks,real,4,4.0,1,none,10,1.1158280280822017
page-blocks,real,5,4.0,0,none,10,1.1483363081315914
page-blocks,real,6,4.0,1,none,10,1.1121218811216766
page-blocks,real,7,4.0,1,none,10,1.1238520502971205
page-blocks,real,8,4.0,0,none,10,1.1357881109775114
page-blocks,real,9,4.0,0,none,10,1.1433707343497763
page-blocks,real,10,4.0,1,none,10,1.1080725836140808
page-blocks,real,11,2.0,1,none,10,1.922800565214671
page-blocks,real,12,4.0,0,none,10,1.148080617653346
page-blocks,real,13,4.0,0,none,10,1.1405403202148265
page-blocks,real,14,2.0,1,none,10,1.903015807509289
page-blocks,real,15,4.0,0,none,10,1.1573814524399078
page-blocks,real,16,2.0,0,none,10,1.9491064094201804
page-blocks,real,17,4.0,0,none,10,1.151566363060608
page-blocks,real,18,4.0,0,none,10,1.1479096473428054
page-blocks,real,19,2.0,0,none,10,1.9484589448951382
page-blocks,real,20,4.0,0,none,10,1.1333310533927266
page-blocks,real,21,4.0,0,none,10,1.1459944149579355
page-blocks,real,22,4.0,1,none,10,1.1325448509143528
page-blocks,real,23,2.0,0,none,10,1.9640037736976736
page-blocks,real,24,4.0,0,none,10,1.137647054007831
page-blocks,real,25,4.0,1,none,10,1.1235920757587738
page-blocks,real,26,4.0,1,none,10,1.1217680282583893
page-blocks,real,27,2.0,0,none,10,1.946972056610727
page-blocks,real,28,4.0,1,none,10,1.1205294162316544
page-blocks,real,29,4.0,0,none,10,1.1451134139336347
ionosphere,real,0,0.0,0,meff,33,33.0
ionosphere,real,1,0.25,0,none,33,20.64071891424925
ionosphere,real,2,0.0,0,meff,33,33.0
ionosphere,real,3,0.0,0,meff,33,33.0
ionosphere,real,4,0.0,0,meff,33,33.0
ionosphere,real,5,0.0,0,meff,33,33.0
ionosphere,real,6,0.0,0,meff,33,33.0
ionosphere,real,7,0.0,0,meff,33,33.0
ionosphere,real,8,0.0,0,meff,33,33.0
ionosphere,real,9,0.0,0,meff,33,33.0
ionosphere,real,10,0.0,0,meff,33,33.0
ionosphere,real,11,0.0,0,meff,33,33.0
ionosphere,real,12,0.25,0,none,33,20.639278398623144
ionosphere,real,13,0.0,0,meff,33,33.0
ionosphere,real,14,0.0,0,meff,33,33.0
ionosphere,real,15,0.0,0,meff,33,33.0
ionosphere,real,16,0.0,0,meff,33,33.0
ionosphere,real,17,0.0,0,meff,33,33.0
ionosphere,real,18,0.0,0,meff,33,33.0
ionosphere,real,19,0.0,0,meff,33,33.0
ionosphere,real,20,0.0,0,meff,33,33.0
ionosphere,real,21,0.0,0,meff,33,33.0
ionosphere,real,22,0.0,0,meff,33,33.0
ionosphere,real,23,0.25,0,none,33,20.55122014420492
ionosphere,real,24,0.0,0,meff,33,33.0
ionosphere,real,25,0.0,0,meff,33,33.0
ionosphere,real,26,0.0,0,meff,33,33.0
ionosphere,real,27,0.0,0,meff,33,33.0
ionosphere,real,28,0.0,0,meff,33,33.0
ionosphere,real,29,0.25,0,meff,33,20.000000000000004
sonar,real,0,2.0,0,none,60,16.324582241280602
sonar,real,1,0.5,0,none,60,33.30520622899158
sonar,real,2,0.0,0,meff,60,60.0
sonar,real,3,0.25,0,meff,60,40.034413257039525
sonar,real,4,0.25,0,meff,60,42.05845789229119
sonar,real,5,0.25,1,meff,60,39.03201674895173
sonar,real,6,0.0,0,meff,60,60.0
sonar,real,7,0.0,0,meff,60,60.0
sonar,real,8,0.0,0,meff,60,60.0
sonar,real,9,0.0,0,meff,60,60.0
sonar,real,10,0.0,0,meff,60,60.0
sonar,real,11,0.5,0,none,60,33.85815802915476
sonar,real,12,1.0,0,none,60,23.853598867622225
sonar,real,13,4.0,0,none,60,9.687800526236568
sonar,real,14,0.0,0,meff,60,60.0
sonar,real,15,0.25,0,meff,60,41.04853806081196
sonar,real,16,0.25,0,meff,60,41.05043647309126
sonar,real,17,1.0,0,none,60,24.191483410479083
sonar,real,18,0.25,0,meff,60,40.04372752174193
sonar,real,19,0.5,0,none,60,33.77522840804683
sonar,real,20,0.0,0,meff,60,60.0
sonar,real,21,0.5,0,none,60,33.625303284576475
sonar,real,22,0.25,0,meff,60,40.01757397918004
sonar,real,23,2.0,0,none,60,16.268936990240583
sonar,real,24,4.0,0,none,60,9.927254890731351
sonar,real,25,0.0,0,meff,60,60.0
sonar,real,26,0.5,0,none,60,33.39774223783285
sonar,real,27,0.0,0,meff,60,60.0
sonar,real,28,0.25,1,meff,60,41.049198216288076
sonar,real,29,0.0,0,meff,60,60.0
texture,real,0,1.0,1,none,40,2.921420743564278
texture,real,1,1.0,1,none,40,2.9056013495374216
texture,real,2,1.0,1,none,40,2.91550258806044
texture,real,3,1.0,1,none,40,2.915892274311649
texture,real,4,1.0,1,none,40,2.9196059977515842
texture,real,5,1.0,1,none,40,2.9078140408688458
texture,real,6,1.0,1,none,40,2.9300628217935354
texture,real,7,1.0,1,none,40,2.9270579743534997
texture,real,8,1.0,1,none,40,2.8994720291387064
texture,real,9,1.0,1,none,40,2.9318834145000134
texture,real,10,1.0,1,none,40,2.9425379336124604
texture,real,11,1.0,1,none,40,2.9333641820558896
texture,real,12,1.0,1,none,40,2.8958240743047057
texture,real,13,1.0,1,none,40,2.892677298345001
texture,real,14,1.0,1,none,40,2.9194938462643165
texture,real,15,1.0,1,none,40,2.9263650771898724
texture,real,16,1.0,1,none,40,2.90316274811665
texture,real,17,1.0,1,none,40,2.9162145699118294
texture,real,18,1.0,1,none,40,2.9249288236676336
texture,real,19,1.0,1,none,40,2.918907552475818
texture,real,20,1.0,1,none,40,2.91441986864433
texture,real,21,1.0,1,none,40,2.926363530494052
texture,real,22,1.0,1,none,40,2.9084474319678435
texture,real,23,1.0,1,none,40,2.9333957547005824
texture,real,24,1.0,1,none,40,2.9085811882772044
texture,real,25,1.0,1,none,40,2.892075570369571
texture,real,26,1.0,1,none,40,2.9023281613604426
texture,real,27,1.0,1,none,40,2.929253534962247
texture,real,28,1.0,1,none,40,2.9158544490316247
texture,real,29,1.0,1,none,40,2.941542529206284
mfeat-karhunen,real,0,0.5,1,none,64,45.14147322912265
mfeat-karhunen,real,1,1.0,0,none,64,46.01464873297623
mfeat-karhunen,real,2,1.0,0,none,64,45.96396253253177
mfeat-karhunen,real,3,1.0,0,none,64,45.819894709599325
mfeat-karhunen,real,4,2.0,0,none,64,36.77127348016531
mfeat-karhunen,real,5,1.0,0,none,64,46.077259810638864
mfeat-karhunen,real,6,2.0,0,none,64,37.0214084517073
mfeat-karhunen,real,7,2.0,0,none,64,36.610592191322326
mfeat-karhunen,real,8,0.5,1,none,64,45.14037524843246
mfeat-karhunen,real,9,1.0,0,none,64,46.13248635367572
mfeat-karhunen,real,10,2.0,0,none,64,36.65845583417621
mfeat-karhunen,real,11,1.0,0,none,64,45.83309545608865
mfeat-karhunen,real,12,2.0,0,none,64,36.43694808000466
mfeat-karhunen,real,13,2.0,0,none,64,36.82750599117668
mfeat-karhunen,real,14,1.0,0,none,64,45.859418037569235
mfeat-karhunen,real,15,1.0,0,none,64,46.04662863818574
mfeat-karhunen,real,16,1.0,1,none,64,36.7598957516837
mfeat-karhunen,real,17,1.0,0,none,64,46.07707064740201
mfeat-karhunen,real,18,0.5,1,none,64,45.174196401383014
mfeat-karhunen,real,19,1.0,0,none,64,46.257292278599095
mfeat-karhunen,real,20,1.0,0,none,64,45.98413400541261
mfeat-karhunen,real,21,2.0,0,none,64,36.992379037389455
mfeat-karhunen,real,22,1.0,0,none,64,45.99972328514854
mfeat-karhunen,real,23,1.0,0,none,64,45.90197343037198
mfeat-karhunen,real,24,2.0,0,none,64,36.80180748772723
mfeat-karhunen,real,25,0.5,0,none,64,53.13012102317549
mfeat-karhunen,real,26,1.0,0,none,64,45.65137916418679
mfeat-karhunen,real,27,1.0,0,none,64,46.053027287463706
mfeat-karhunen,real,28,1.0,0,none,64,45.73681012299291
mfeat-karhunen,real,29,1.0,0,none,64,46.19614925958795
spambase,real,0,4.0,0,none,57,21.520405441590817
spambase,real,1,4.0,0,none,57,21.397328219890852
spambase,real,2,4.0,0,none,57,21.34606374921781
spambase,real,3,4.0,0,none,57,21.204112093654018
spambase,real,4,4.0,0,none,57,21.342938937117122
spambase,real,5,4.0,0,none,57,21.624740294305983
spambase,real,6,4.0,0,none,57,21.347237130234777
spambase,real,7,4.0,0,none,57,21.37340089355962
spambase,real,8,4.0,0,none,57,21.373176846270272
spambase,real,9,4.0,0,none,57,21.37282061421714
spambase,real,10,4.0,0,none,57,21.270029272821787
spambase,real,11,4.0,0,none,57,21.72234239042244
spambase,real,12,4.0,0,none,57,21.286727354588958
spambase,real,13,4.0,0,none,57,21.491014265087177
spambase,real,14,4.0,0,none,57,21.278804324658992
spambase,real,15,4.0,0,none,57,21.032427439780438
spambase,real,16,4.0,0,none,57,21.50081511646345
spambase,real,17,4.0,0,none,57,21.348060274956257
spambase,real,18,4.0,0,none,57,21.379629955860864
spambase,real,19,4.0,0,none,57,21.54579392239899
spambase,real,20,4.0,0,none,57,21.515692515871333
spambase,real,21,4.0,0,none,57,21.75543165833226
spambase,real,22,4.0,0,none,57,21.254679812141376
spambase,real,23,4.0,0,none,57,21.306868526799118
spambase,real,24,4.0,0,none,57,21.420275102827603
spambase,real,25,4.0,0,none,57,21.30676970989075
spambase,real,26,4.0,0,none,57,21.724977700018485
spambase,real,27,4.0,0,none,57,21.142649524369492
spambase,real,28,4.0,0,none,57,21.302657722255116
spambase,real,29,4.0,0,none,57,21.131242640289177
magic,real,0,2.0,0,none,10,3.5749856247545115
magic,real,1,2.0,0,none,10,3.563286522218891
magic,real,2,2.0,0,none,10,3.5589474901668794
magic,real,3,2.0,0,none,10,3.5552012753925726
magic,real,4,2.0,0,none,10,3.531090411287255
magic,real,5,2.0,0,none,10,3.5619382150103296
magic,real,6,2.0,0,none,10,3.5624997462264476
magic,real,7,2.0,0,none,10,3.545857520047187
magic,real,8,2.0,0,none,10,3.585750928373337
magic,real,9,2.0,0,none,10,3.5692126271052724
magic,real,10,2.0,0,none,10,3.555022532379843
magic,real,11,1.0,0,none,10,4.6988780131746815
magic,real,12,2.0,0,none,10,3.588256204084703
magic,real,13,2.0,0,none,10,3.5614373668194412
magic,real,14,2.0,0,none,10,3.5649388875581467
magic,real,15,2.0,0,none,10,3.5738886633479243
magic,real,16,2.0,0,none,10,3.540324757862561
magic,real,17,2.0,0,none,10,3.5540776621844574
magic,real,18,2.0,0,none,10,3.555030791142329
magic,real,19,2.0,0,none,10,3.556157051088273
magic,real,20,2.0,0,none,10,3.5723482261141895
magic,real,21,2.0,0,none,10,3.548748458117278
magic,real,22,2.0,0,none,10,3.56161767393408
magic,real,23,2.0,0,none,10,3.5492920442137494
magic,real,24,1.0,0,none,10,4.706139620068551
magic,real,25,2.0,0,none,10,3.539154888706879
magic,real,26,2.0,0,none,10,3.5685082311602274
magic,real,27,2.0,0,none,10,3.5687418272140166
magic,real,28,2.0,0,none,10,3.550832592252847
magic,real,29,2.0,0,none,10,3.573088566887959
iris-red,augmented,0,2.0,0,none,12,2.3312408736957195
iris-red,augmented,1,2.0,0,none,12,2.444819756676124
iris-red,augmented,2,2.0,0,none,12,2.2964215310604184
iris-red,augmented,3,2.0,0,none,12,2.3519248530286356
iris-red,augmented,4,2.0,0,none,12,2.3178342833673864
iris-red,augmented,5,2.0,0,none,12,2.351863965651114
iris-red,augmented,6,2.0,0,none,12,2.3980611928642555
iris-red,augmented,7,2.0,0,none,12,2.4865092828703026
iris-red,augmented,8,2.0,0,none,12,2.3198319294445358
iris-red,augmented,9,2.0,0,none,12,2.2809262859741697
iris-red,augmented,10,2.0,0,none,12,2.3717521982548466
iris-red,augmented,11,2.0,0,none,12,2.3506385976172868
iris-red,augmented,12,2.0,0,none,12,2.35656223473284
iris-red,augmented,13,2.0,0,none,12,2.4382493843678597
iris-red,augmented,14,2.0,0,none,12,2.260080331710099
iris-red,augmented,15,2.0,0,none,12,2.472729768590522
iris-red,augmented,16,2.0,0,none,12,2.330655603030563
iris-red,augmented,17,2.0,0,none,12,2.205829134158478
iris-red,augmented,18,2.0,0,none,12,2.478414852409677
iris-red,augmented,19,2.0,0,none,12,2.3084008844916735
iris-red,augmented,20,2.0,0,none,12,2.3512310545552633
iris-red,augmented,21,2.0,0,none,12,2.484206788463929
iris-red,augmented,22,2.0,0,none,12,2.354395497157708
iris-red,augmented,23,2.0,0,none,12,2.277314180779227
iris-red,augmented,24,2.0,0,none,12,2.2897292838328505
iris-red,augmented,25,2.0,0,none,12,2.4196217236303954
iris-red,augmented,26,2.0,0,none,12,2.3150112890339227
iris-red,augmented,27,2.0,0,none,12,2.407908412155179
iris-red,augmented,28,2.0,0,none,12,2.3681286743154977
iris-red,augmented,29,2.0,0,none,12,2.273628929111417
wine-red,augmented,0,2.0,0,none,39,7.0889549216346905
wine-red,augmented,1,4.0,0,none,39,3.973332923620775
wine-red,augmented,2,4.0,0,none,39,3.9325486143884714
wine-red,augmented,3,4.0,0,none,39,3.9065800691374015
wine-red,augmented,4,2.0,0,none,39,7.233494082899875
wine-red,augmented,5,2.0,0,none,39,7.107272680111518
wine-red,augmented,6,2.0,0,none,39,7.111843165438484
wine-red,augmented,7,2.0,0,none,39,7.122882225137032
wine-red,augmented,8,2.0,0,none,39,7.15813391189121
wine-red,augmented,9,4.0,0,none,39,3.8870595700487875
wine-red,augmented,10,4.0,0,none,39,3.9430778011289145
wine-red,augmented,11,2.0,0,none,39,7.13956420280488
wine-red,augmented,12,4.0,0,none,39,3.9018048041684685
wine-red,augmented,13,2.0,0,none,39,7.125283961066674
wine-red,augmented,14,4.0,0,none,39,3.953335863313685
wine-red,augmented,15,4.0,0,none,39,3.895040026559736
wine-red,augmented,16,2.0,0,none,39,7.1920452117938884
wine-red,augmented,17,4.0,0,none,39,3.9263744322424277
wine-red,augmented,18,1.0,0,none,39,11.957566497297526
wine-red,augmented,19,4.0,0,none,39,3.961081558831068
wine-red,augmented,20,2.0,0,none,39,7.070326336426614
wine-red,augmented,21,2.0,0,none,39,7.053697413166081
wine-red,augmented,22,2.0,0,none,39,7.126219345561246
wine-red,augmented,23,2.0,0,none,39,7.192464490368271
wine-red,augmented,24,4.0,0,none,39,3.9428131951349012
wine-red,augmented,25,2.0,0,none,39,7.24474512839274
wine-red,augmented,26,4.0,0,none,39,3.8934201440523695
wine-red,augmented,27,2.0,0,none,39,7.03056826477346
wine-red,augmented,28,2.0,0,none,39,7.205487151381706
wine-red,augmented,29,2.0,0,none,39,7.122657962970938
synth-rho0.0,synthetic,0,4.0,0,none,12,11.99737314669553
synth-rho0.0,synthetic,1,4.0,1,none,12,11.984227202106183
synth-rho0.0,synthetic,2,4.0,1,none,12,11.988338663759105
synth-rho0.0,synthetic,3,4.0,0,none,12,11.993291797608846
synth-rho0.0,synthetic,4,4.0,1,none,12,11.977885988393103
synth-rho0.0,synthetic,5,4.0,1,none,12,11.970757038716982
synth-rho0.0,synthetic,6,0.0,0,meff,12,12.0
synth-rho0.0,synthetic,7,4.0,0,none,12,11.983426094228687
synth-rho0.0,synthetic,8,4.0,0,none,12,11.97498423178627
synth-rho0.0,synthetic,9,4.0,0,none,12,11.987673780942457
synth-rho0.0,synthetic,10,4.0,1,none,12,11.98019053425487
synth-rho0.0,synthetic,11,4.0,1,none,12,11.986962248148942
synth-rho0.0,synthetic,12,4.0,0,none,12,11.99481336552997
synth-rho0.0,synthetic,13,4.0,1,none,12,11.975220140006808
synth-rho0.0,synthetic,14,4.0,0,none,12,11.985943301809582
synth-rho0.0,synthetic,15,4.0,1,none,12,11.979792892785767
synth-rho0.0,synthetic,16,4.0,1,none,12,11.970088171010667
synth-rho0.0,synthetic,17,4.0,1,none,12,11.959268771183387
synth-rho0.0,synthetic,18,0.0,0,meff,12,12.0
synth-rho0.0,synthetic,19,4.0,0,none,12,11.987062276454262
synth-rho0.0,synthetic,20,4.0,0,none,12,11.989284051878236
synth-rho0.0,synthetic,21,4.0,1,none,12,11.985119569253754
synth-rho0.0,synthetic,22,4.0,1,none,12,11.989553413146645
synth-rho0.0,synthetic,23,4.0,0,none,12,11.990772451898467
synth-rho0.0,synthetic,24,4.0,1,none,12,11.951979188872315
synth-rho0.0,synthetic,25,4.0,1,none,12,11.957401569610003
synth-rho0.0,synthetic,26,0.0,0,meff,12,12.0
synth-rho0.0,synthetic,27,4.0,0,none,12,11.989419810226781
synth-rho0.0,synthetic,28,4.0,0,none,12,11.976865002560498
synth-rho0.0,synthetic,29,4.0,0,none,12,11.990080245322664
synth-rho0.3,synthetic,0,4.0,0,none,12,4.593332805600514
synth-rho0.3,synthetic,1,4.0,0,none,12,4.335329367111651
synth-rho0.3,synthetic,2,4.0,0,none,12,4.8074121136428465
synth-rho0.3,synthetic,3,4.0,0,none,12,4.829409220394908
synth-rho0.3,synthetic,4,4.0,0,none,12,4.6673910215941845
synth-rho0.3,synthetic,5,4.0,0,none,12,4.519635201308186
synth-rho0.3,synthetic,6,4.0,0,none,12,4.5113733981406545
synth-rho0.3,synthetic,7,4.0,0,none,12,4.90170316895138
synth-rho0.3,synthetic,8,2.0,0,none,12,6.456593624386225
synth-rho0.3,synthetic,9,4.0,1,none,12,4.495245068470628
synth-rho0.3,synthetic,10,4.0,1,none,12,4.777867318775376
synth-rho0.3,synthetic,11,4.0,0,none,12,4.303547613674396
synth-rho0.3,synthetic,12,4.0,1,none,12,4.660427030937715
synth-rho0.3,synthetic,13,4.0,0,none,12,4.597660710851981
synth-rho0.3,synthetic,14,4.0,0,none,12,4.520391716059508
synth-rho0.3,synthetic,15,4.0,0,none,12,4.391978998745131
synth-rho0.3,synthetic,16,4.0,0,none,12,4.8943242676452945
synth-rho0.3,synthetic,17,4.0,1,none,12,4.775224482321617
synth-rho0.3,synthetic,18,4.0,0,none,12,4.518779231231998
synth-rho0.3,synthetic,19,4.0,1,none,12,4.6213326485761925
synth-rho0.3,synthetic,20,4.0,0,none,12,4.70795436905721
synth-rho0.3,synthetic,21,4.0,1,none,12,4.401938167369693
synth-rho0.3,synthetic,22,4.0,0,none,12,4.579840081025386
synth-rho0.3,synthetic,23,4.0,0,none,12,4.395877660342311
synth-rho0.3,synthetic,24,4.0,0,none,12,4.629706346048856
synth-rho0.3,synthetic,25,4.0,0,none,12,4.4329373408520425
synth-rho0.3,synthetic,26,4.0,0,none,12,4.780513936038619
synth-rho0.3,synthetic,27,4.0,0,none,12,4.636733345897097
synth-rho0.3,synthetic,28,4.0,0,none,12,4.561210715929042
synth-rho0.3,synthetic,29,4.0,0,none,12,5.0068865468366575
synth-rho0.6,synthetic,0,2.0,0,none,12,1.7113668963957223
synth-rho0.6,synthetic,1,4.0,0,none,12,0.9010406959814377
synth-rho0.6,synthetic,2,2.0,1,none,12,1.7842762798414085
synth-rho0.6,synthetic,3,4.0,0,none,12,0.9490188270752548
synth-rho0.6,synthetic,4,2.0,1,none,12,1.7458106562969327
synth-rho0.6,synthetic,5,4.0,1,none,12,0.9175709650041468
synth-rho0.6,synthetic,6,4.0,0,none,12,0.9246773503594752
synth-rho0.6,synthetic,7,2.0,0,none,12,1.7801374558448677
synth-rho0.6,synthetic,8,2.0,0,none,12,1.6867593177956468
synth-rho0.6,synthetic,9,2.0,1,none,12,1.7419628612816616
synth-rho0.6,synthetic,10,2.0,0,none,12,1.7426803982787578
synth-rho0.6,synthetic,11,2.0,0,none,12,1.6751749272475949
synth-rho0.6,synthetic,12,2.0,0,none,12,1.725079804758414
synth-rho0.6,synthetic,13,2.0,1,none,12,1.7290015679558048
synth-rho0.6,synthetic,14,2.0,1,none,12,1.7193513140498387
synth-rho0.6,synthetic,15,2.0,0,none,12,1.696717093905972
synth-rho0.6,synthetic,16,2.0,0,none,12,1.7773155537271683
synth-rho0.6,synthetic,17,2.0,1,none,12,1.7863705485042254
synth-rho0.6,synthetic,18,2.0,1,none,12,1.6927562507607834
synth-rho0.6,synthetic,19,2.0,0,none,12,1.7599244308370283
synth-rho0.6,synthetic,20,2.0,0,none,12,1.748090322730301
synth-rho0.6,synthetic,21,4.0,1,none,12,0.9105232630412265
synth-rho0.6,synthetic,22,2.0,0,none,12,1.7059252084878038
synth-rho0.6,synthetic,23,2.0,1,none,12,1.6871763863443352
synth-rho0.6,synthetic,24,4.0,1,none,12,0.9423029212920271
synth-rho0.6,synthetic,25,2.0,0,none,12,1.7077610463907809
synth-rho0.6,synthetic,26,2.0,1,none,12,1.7405234068592421
synth-rho0.6,synthetic,27,4.0,0,none,12,0.9375155013248175
synth-rho0.6,synthetic,28,2.0,0,none,12,1.7294141696070744
synth-rho0.6,synthetic,29,2.0,0,none,12,1.8132390261087823
synth-rho0.9,synthetic,0,1.0,0,none,12,1.28101474218824
synth-rho0.9,synthetic,1,1.0,1,none,12,1.2725574149787362
synth-rho0.9,synthetic,2,1.0,1,none,12,1.288194140691795
synth-rho0.9,synthetic,3,1.0,0,none,12,1.2825003908158306
synth-rho0.9,synthetic,4,1.0,1,none,12,1.2882077953000959
synth-rho0.9,synthetic,5,1.0,0,none,12,1.2734432323693616
synth-rho0.9,synthetic,6,1.0,1,none,12,1.2902608476714004
synth-rho0.9,synthetic,7,2.0,1,none,12,0.6814188294508541
synth-rho0.9,synthetic,8,1.0,0,none,12,1.2769704522503353
synth-rho0.9,synthetic,9,2.0,1,none,12,0.6812059246142795
synth-rho0.9,synthetic,10,1.0,0,none,12,1.2787076253501626
synth-rho0.9,synthetic,11,1.0,0,none,12,1.2809646343709378
synth-rho0.9,synthetic,12,1.0,1,none,12,1.2834059909599562
synth-rho0.9,synthetic,13,2.0,0,none,12,0.6770461613748175
synth-rho0.9,synthetic,14,1.0,1,none,12,1.2868951505873443
synth-rho0.9,synthetic,15,1.0,1,none,12,1.2859880892899238
synth-rho0.9,synthetic,16,1.0,0,none,12,1.2861760958390054
synth-rho0.9,synthetic,17,1.0,0,none,12,1.2905695770165126
synth-rho0.9,synthetic,18,1.0,1,none,12,1.2676933988943135
synth-rho0.9,synthetic,19,2.0,1,none,12,0.6816975247210607
synth-rho0.9,synthetic,20,1.0,0,none,12,1.2929028406240644
synth-rho0.9,synthetic,21,1.0,0,none,12,1.2703772750804816
synth-rho0.9,synthetic,22,1.0,0,none,12,1.2776893026818619
synth-rho0.9,synthetic,23,2.0,1,none,12,0.6728808931084256
synth-rho0.9,synthetic,24,2.0,1,none,12,0.6781462997530923
synth-rho0.9,synthetic,25,1.0,0,none,12,1.2855598667466914
synth-rho0.9,synthetic,26,1.0,1,none,12,1.2796001063745113
synth-rho0.9,synthetic,27,1.0,1,none,12,1.2833484527545473
synth-rho0.9,synthetic,28,2.0,1,none,12,0.6802816638968561
synth-rho0.9,synthetic,29,2.0,0,none,12,0.686389198731507
synth-blocks,synthetic,0,1.0,1,none,20,9.331936655162629
synth-blocks,synthetic,1,1.0,0,none,20,9.32718734413515
synth-blocks,synthetic,2,1.0,0,none,20,9.28287959404334
synth-blocks,synthetic,3,1.0,0,none,20,9.318750172577328
synth-blocks,synthetic,4,1.0,1,meff,20,11.999999999999996
synth-blocks,synthetic,5,1.0,1,none,20,9.314020375512346
synth-blocks,synthetic,6,1.0,0,meff,20,12.0
synth-blocks,synthetic,7,1.0,0,meff,20,12.000000000000004
synth-blocks,synthetic,8,1.0,1,meff,20,11.999999999999993
synth-blocks,synthetic,9,1.0,1,none,20,9.33273254795316
synth-blocks,synthetic,10,1.0,1,none,20,9.31896283990644
synth-blocks,synthetic,11,1.0,0,meff,20,12.0
synth-blocks,synthetic,12,1.0,1,none,20,9.297641656709049
synth-blocks,synthetic,13,1.0,0,none,20,9.31370145998137
synth-blocks,synthetic,14,1.0,1,none,20,9.333910250965125
synth-blocks,synthetic,15,1.0,1,none,20,9.297738788070806
synth-blocks,synthetic,16,1.0,1,meff,20,12.0
synth-blocks,synthetic,17,1.0,1,none,20,9.313920722703818
synth-blocks,synthetic,18,1.0,0,none,20,9.330780272961924
synth-blocks,synthetic,19,1.0,0,meff,20,11.999999999999996
synth-blocks,synthetic,20,1.0,0,none,20,9.302852937222106
synth-blocks,synthetic,21,1.0,1,meff,20,11.999999999999993
synth-blocks,synthetic,22,1.0,0,none,20,9.288561782306394
synth-blocks,synthetic,23,1.0,0,none,20,9.350922881375523
synth-blocks,synthetic,24,1.0,1,none,20,9.286768133990225
synth-blocks,synthetic,25,1.0,1,none,20,9.284676807026779
synth-blocks,synthetic,26,1.0,1,meff,20,11.999999999999996
synth-blocks,synthetic,27,1.0,1,none,20,9.288064048510762
synth-blocks,synthetic,28,1.0,1,meff,20,12.000000000000007
synth-blocks,synthetic,29,1.0,0,meff,20,12.000000000000007
synth-conflict,synthetic,0,0.5,0,meff,13,3.000000000000002
synth-conflict,synthetic,1,1.0,1,none,13,2.1384528599132877
synth-conflict,synthetic,2,1.0,1,none,13,2.129887257358847
synth-conflict,synthetic,3,1.0,1,none,13,2.1298057332273315
synth-conflict,synthetic,4,1.0,0,none,13,2.128077496688979
synth-conflict,synthetic,5,2.0,1,none,13,1.5939760649635923
synth-conflict,synthetic,6,1.0,1,none,13,2.127023477324329
synth-conflict,synthetic,7,1.0,0,none,13,2.1265229943611965
synth-conflict,synthetic,8,1.0,1,none,13,2.129708416452992
synth-conflict,synthetic,9,1.0,1,none,13,2.128414681388413
synth-conflict,synthetic,10,0.5,0,meff,13,3.0000000000000013
synth-conflict,synthetic,11,1.0,0,none,13,2.135687690586613
synth-conflict,synthetic,12,1.0,0,none,13,2.1297197498149036
synth-conflict,synthetic,13,1.0,1,none,13,2.130711430686838
synth-conflict,synthetic,14,1.0,1,none,13,2.130176167256658
synth-conflict,synthetic,15,1.0,1,none,13,2.1261342530738854
synth-conflict,synthetic,16,1.0,1,none,13,2.1257690462991743
synth-conflict,synthetic,17,1.0,0,none,13,2.129290561540231
synth-conflict,synthetic,18,1.0,0,none,13,2.1261289535720125
synth-conflict,synthetic,19,1.0,1,none,13,2.1301823725637608
synth-conflict,synthetic,20,1.0,0,none,13,2.1261842705417853
synth-conflict,synthetic,21,1.0,1,none,13,2.1301673617466523
synth-conflict,synthetic,22,1.0,0,none,13,2.1322433319247827
synth-conflict,synthetic,23,1.0,0,none,13,2.129656674676627
synth-conflict,synthetic,24,1.0,1,none,13,2.122471819833291
synth-conflict,synthetic,25,1.0,0,none,13,2.1306001480274763
synth-conflict,synthetic,26,1.0,1,none,13,2.131226514542032
synth-conflict,synthetic,27,1.0,0,none,13,2.1324254488723833
synth-conflict,synthetic,28,1.0,0,none,13,2.1292359514065433
synth-conflict,synthetic,29,0.5,0,meff,13,3.0000000000000044
synth-classdep,synthetic,0,4.0,0,none,12,2.5500145869638815
synth-classdep,synthetic,1,4.0,0,none,12,2.5238334941535956
synth-classdep,synthetic,2,4.0,0,none,12,2.571580204672826
synth-classdep,synthetic,3,2.0,0,none,12,4.187000885007035
synth-classdep,synthetic,4,2.0,0,none,12,4.218941419005493
synth-classdep,synthetic,5,4.0,0,none,12,2.544703583534706
synth-classdep,synthetic,6,4.0,0,none,12,2.531859917678871
synth-classdep,synthetic,7,2.0,0,none,12,4.184390858454304
synth-classdep,synthetic,8,2.0,0,none,12,4.169921160579595
synth-classdep,synthetic,9,4.0,0,none,12,2.519656357388186
synth-classdep,synthetic,10,4.0,0,none,12,2.5179011581908757
synth-classdep,synthetic,11,2.0,0,none,12,4.175875192077641
synth-classdep,synthetic,12,2.0,0,none,12,4.215882367206336
synth-classdep,synthetic,13,2.0,0,none,12,4.208932716359891
synth-classdep,synthetic,14,4.0,0,none,12,2.5396460407437242
synth-classdep,synthetic,15,4.0,0,none,12,2.546421162066424
synth-classdep,synthetic,16,4.0,0,none,12,2.5414882196095796
synth-classdep,synthetic,17,2.0,0,none,12,4.177070919686264
synth-classdep,synthetic,18,2.0,0,none,12,4.250560047061887
synth-classdep,synthetic,19,4.0,0,none,12,2.509544598285671
synth-classdep,synthetic,20,4.0,0,none,12,2.5337995589757143
synth-classdep,synthetic,21,2.0,0,none,12,4.200673441963122
synth-classdep,synthetic,22,2.0,0,none,12,4.180404714591092
synth-classdep,synthetic,23,2.0,0,none,12,4.208223639775776
synth-classdep,synthetic,24,4.0,0,none,12,2.5331884663057584
synth-classdep,synthetic,25,4.0,0,none,12,2.5387995598708364
synth-classdep,synthetic,26,4.0,0,none,12,2.539937632758163
synth-classdep,synthetic,27,4.0,0,none,12,2.5685722533648008
synth-classdep,synthetic,28,2.0,0,none,12,4.153086333365541
synth-classdep,synthetic,29,4.0,0,none,12,2.526772669678633
synth-nonlin,synthetic,0,0.0,0,meff,6,6.0
synth-nonlin,synthetic,1,0.0,0,meff,6,6.0
synth-nonlin,synthetic,2,0.0,0,meff,6,6.0
synth-nonlin,synthetic,3,0.25,1,none,6,5.15393384884978
synth-nonlin,synthetic,4,0.0,0,meff,6,6.0
synth-nonlin,synthetic,5,0.0,0,meff,6,6.0
synth-nonlin,synthetic,6,0.0,0,meff,6,6.0
synth-nonlin,synthetic,7,0.0,0,meff,6,6.0
synth-nonlin,synthetic,8,0.0,0,meff,6,6.0
synth-nonlin,synthetic,9,0.0,0,meff,6,6.0
synth-nonlin,synthetic,10,0.0,0,meff,6,6.0
synth-nonlin,synthetic,11,0.0,0,meff,6,6.0
synth-nonlin,synthetic,12,0.0,0,meff,6,6.0
synth-nonlin,synthetic,13,0.0,0,meff,6,6.0
synth-nonlin,synthetic,14,0.0,0,meff,6,6.0
synth-nonlin,synthetic,15,0.0,0,meff,6,6.0
synth-nonlin,synthetic,16,0.0,0,meff,6,6.0
synth-nonlin,synthetic,17,0.0,0,meff,6,6.0
synth-nonlin,synthetic,18,0.0,0,meff,6,6.0
synth-nonlin,synthetic,19,0.0,0,meff,6,6.0
synth-nonlin,synthetic,20,0.0,0,meff,6,6.0
synth-nonlin,synthetic,21,0.0,0,meff,6,6.0
synth-nonlin,synthetic,22,0.25,0,none,6,5.183059568999663
synth-nonlin,synthetic,23,0.0,0,meff,6,6.0
synth-nonlin,synthetic,24,0.0,0,meff,6,6.0
synth-nonlin,synthetic,25,0.0,0,meff,6,6.0
synth-nonlin,synthetic,26,0.0,0,meff,6,6.0
synth-nonlin,synthetic,27,0.0,0,meff,6,6.0
synth-nonlin,synthetic,28,0.0,0,meff,6,6.0
synth-nonlin,synthetic,29,0.0,0,meff,6,6.0
synth-sklearn,synthetic,0,1.0,0,none,20,10.42805303987243
synth-sklearn,synthetic,1,1.0,1,none,20,10.022267747546177
synth-sklearn,synthetic,2,1.0,0,none,20,10.43602629945952
synth-sklearn,synthetic,3,1.0,0,none,20,10.437006768690381
synth-sklearn,synthetic,4,1.0,0,none,20,10.481156364676124
synth-sklearn,synthetic,5,1.0,1,none,20,9.987888202211149
synth-sklearn,synthetic,6,1.0,0,none,20,10.419148229419013
synth-sklearn,synthetic,7,1.0,1,none,20,9.961535092630323
synth-sklearn,synthetic,8,1.0,1,none,20,9.98947698202315
synth-sklearn,synthetic,9,1.0,1,none,20,9.996073218894445
synth-sklearn,synthetic,10,0.5,1,none,20,12.406062322312458
synth-sklearn,synthetic,11,1.0,0,none,20,10.416616094524487
synth-sklearn,synthetic,12,1.0,0,none,20,10.406454982442249
synth-sklearn,synthetic,13,0.5,1,none,20,12.411277110503185
synth-sklearn,synthetic,14,1.0,1,none,20,9.998899709641563
synth-sklearn,synthetic,15,1.0,0,none,20,10.399646840097756
synth-sklearn,synthetic,16,1.0,0,none,20,10.422688860861639
synth-sklearn,synthetic,17,1.0,0,none,20,10.396964825496198
synth-sklearn,synthetic,18,1.0,0,none,20,10.447866569121853
synth-sklearn,synthetic,19,1.0,0,none,20,10.413593247994116
synth-sklearn,synthetic,20,1.0,0,none,20,10.423709728553723
synth-sklearn,synthetic,21,1.0,1,none,20,10.01283445908933
synth-sklearn,synthetic,22,1.0,1,none,20,9.978813047437468
synth-sklearn,synthetic,23,2.0,0,none,20,8.362690655534184
synth-sklearn,synthetic,24,1.0,0,none,20,10.429442310459743
synth-sklearn,synthetic,25,1.0,1,none,20,10.011430974912557
synth-sklearn,synthetic,26,1.0,0,none,20,10.439792563810608
synth-sklearn,synthetic,27,1.0,0,none,20,10.432562039109486
synth-sklearn,synthetic,28,1.0,1,none,20,10.015287038617274
synth-sklearn,synthetic,29,0.5,1,none,20,12.409768192156452
