design,rep,max_pairwise_spearman,mean_pairwise_spearman,max_pairwise_mi,gamma,d_eff_ratio,acc_nb,acc_abd,acc_aode,acc_rf,ll_nb,ll_abd,ll_aode,ll_rf
parity-3,0,0.01107152782683227,0.0004009421236070165,0.0,4.0,1.0,0.4955,0.496,0.4755,0.815,0.6967613083990188,0.6967644193079547,0.7147494039669148,0.5573516917290344
parity-3,1,0.0007993240301206822,4.159888394305016e-05,0.0,0.0,1.0,0.519,0.519,0.5015,0.881,0.6959313760652573,0.6959313760652304,0.7114388740586578,0.502499217419761
parity-3,2,0.00857180952864635,0.0002381058202401764,0.0,4.0,1.0,0.52,0.52,0.519,0.8065,0.6923617411664698,0.6923629185611009,0.6989241352034161,0.566168758773118
parity-3,3,0.014048496658254752,0.0005582667953627702,0.0,4.0,1.0,0.5,0.499,0.498,0.813,0.6933329123029389,0.6933308212369628,0.7099204314998396,0.560027534208096
parity-3,4,0.006821332924777426,0.0005288232243484688,0.0,0.0,1.0,0.469,0.469,0.5095,0.7875,0.6986827773691272,0.6986827773690978,0.7050453815019891,0.5766241270593102
parity-3,5,0.016982265196234393,0.0012794823212543746,0.0,4.0,1.0,0.4915,0.491,0.487,0.7515,0.6957388378965906,0.6957292207465008,0.7097549537229387,0.5970308520440503
parity-3,6,0.0027636885154958936,0.00015233387802828261,0.0,4.0,1.0,0.507,0.507,0.5105,0.735,0.6938521396604631,0.6938521253797164,0.6994800476471048,0.6009541857227841
parity-3,7,0.005323404225646581,0.0003545984131507861,0.0,4.0,1.0,0.504,0.504,0.4985,0.812,0.6945349269285476,0.6945356709016813,0.7109072575517595,0.5631257932967665
parity-3,8,0.020807062141920726,0.0013490364681553167,0.0,0.0,1.0,0.432,0.432,0.496,0.86,0.6957974418216255,0.6957974418216081,0.708607511606181,0.5219675488246528
parity-3,9,0.011783093180556982,0.0008757158251017334,0.0,0.0,1.0,0.473,0.473,0.4835,0.7325,0.7022221361613925,0.70222213616134,0.7150562373547854,0.600601238237805
parity-4,0,0.0032778935193773645,9.267350026538188e-05,0.0,4.0,1.0,0.5235,0.5235,0.493,0.5575,0.6935977143619751,0.6935977210263409,0.7076473757765327,0.6841084984240031
parity-4,1,0.009559179405545624,0.0005037142696273497,0.0,4.0,0.9999999999999998,0.496,0.4965,0.493,0.5395,0.6983305638046211,0.6983308206023146,0.7132681074220172,0.6906688656046981
parity-4,2,0.012411995161843119,0.0006252308145231892,0.0,4.0,0.9999999999999998,0.515,0.515,0.486,0.592,0.6961678240527048,0.6961633614807288,0.7172257213146727,0.6654712605636839
parity-4,3,0.006440165848027124,0.0002237967007381662,0.0,0.0,1.0,0.5065,0.5065,0.492,0.556,0.700991948258396,0.7009919482583489,0.7153011807383712,0.6808648096301124
parity-4,4,0.00865725812668779,0.0002721850583746729,0.0,4.0,0.9999999999999997,0.5045,0.505,0.4965,0.543,0.694732364433259,0.6947305971236912,0.7101893775551924,0.6904991173488202
parity-4,5,0.012751643663120028,0.00028336985918044506,0.0,0.0,1.0,0.5015,0.5015,0.5005,0.5505,0.6966000790615702,0.6966000790615404,0.7098178139908672,0.683209775639342
parity-4,6,0.020377907904322735,0.0008029141913161374,0.0,4.0,1.0,0.5085,0.5085,0.4965,0.5445,0.6949184706929645,0.6949198213397815,0.7071847021351688,0.6944037353412346
parity-4,7,0.010514328235818006,0.00024068117255634274,0.0,4.0,0.9999999999999998,0.485,0.485,0.5005,0.5815,0.6967344327748547,0.6967349212865035,0.7127698395293535,0.6754441285638138
parity-4,8,0.013329361420266254,0.0010194337190927787,0.0,4.0,1.0,0.509,0.5085,0.504,0.5405,0.6955366112158318,0.695540168457953,0.7069480306610187,0.6930378004311135
parity-4,9,0.012150995105468035,0.0007271607668244871,0.0,4.0,0.9999999999999998,0.502,0.502,0.5095,0.5635,0.6944194966064379,0.6944175867082995,0.703903743673673,0.6800447649048484
masked-duplicate,0,0.9467006150066488,0.3927356959024194,0.4402042657227073,2.0,0.5555555555555552,0.6825,0.6735,0.671,0.715,1.0514461162649222,0.6046764530933822,0.6129529379678174,0.562347604312263
masked-duplicate,1,0.9449084062512452,0.39249625278171396,0.4380544283834342,2.0,0.5555555555555556,0.681,0.6755,0.65,0.7105,1.243772533672321,0.6024348232053409,0.6282417875008687,0.5851794381641555
masked-duplicate,2,0.9393142791760304,0.3909480223679083,0.41825568306672833,2.0,0.5555555555555557,0.6735,0.665,0.6705,0.6995,1.1820181492465855,0.5968304737981185,0.6327006629024234,0.563522023029583
masked-duplicate,3,0.9485328825606998,0.39436591548380123,0.4497584658658561,2.0,0.5555555555555558,0.674,0.6785,0.666,0.707,1.2436089531072316,0.6044430605817338,0.6239125824453192,0.5739536451484271
masked-duplicate,4,0.9426528948135434,0.3914170862012277,0.4302397852576847,2.0,0.5555555555555559,0.6745,0.6795,0.66,0.7005,1.2849364704834643,0.6082210538284942,0.6410272492424712,0.5916576690532295
masked-duplicate,5,0.9463301790999707,0.39270573570559586,0.4347048382752444,2.0,0.5555555555555558,0.679,0.676,0.6565,0.7405,1.1307962172345651,0.5997876615845007,0.6130637161234195,0.5521583991463467
masked-duplicate,6,0.9442177792495059,0.3926470953856523,0.4397571131618989,2.0,0.5555555555555558,0.6605,0.661,0.6595,0.684,1.2426984676408008,0.6100033024508179,0.6279043931499878,0.5829172692773309
masked-duplicate,7,0.9451980284984,0.39220859425982313,0.43848290219798447,2.0,0.5555555555555561,0.682,0.6815,0.676,0.7265,1.1939832127198022,0.5915795716555856,0.6023799078367472,0.5732679805844427
masked-duplicate,8,0.9442611183959679,0.39355835305719805,0.42863635809390044,2.0,0.5555555555555554,0.685,0.6725,0.6635,0.7165,1.255610891034234,0.6068232704121926,0.6343101083388725,0.5796684837882013
masked-duplicate,9,0.9453756849687731,0.39280211682247584,0.43743597358741126,2.0,0.5555555555555556,0.675,0.673,0.67,0.711,1.2142677395266122,0.6067720998262884,0.6253429272767875,0.5777505702603339
3-way Gaussian,0,0.7368300659826096,0.02153536287868813,0.24742482661406293,4.0,1.0,0.9215,0.929,0.8975,0.9995,0.365419552388305,0.3401973522414347,0.1455521566444993,0.011782531891777505
3-way Gaussian,1,0.7339337084939028,0.020640479501754586,0.26757436853059535,4.0,0.9999999999999996,0.9225,0.9275,0.911,0.9995,0.3579678544091181,0.3331255160782599,0.13454273833571467,0.011293101174349184
3-way Gaussian,2,0.7322102074147347,0.021079661071267453,0.2594280318246636,4.0,1.0,0.9405,0.942,0.892,0.9995,0.3709792703863847,0.3453493549928008,0.14689625914948454,0.00850943880245952
3-way Gaussian,3,0.7310589115732693,0.020707711071465764,0.24972236462015351,4.0,1.0,0.9485,0.9495,0.894,0.9995,0.3618167241443662,0.33574909947574405,0.14628358490472293,0.00794327127468168
3-way Gaussian,4,0.737433374829245,0.02084810632155197,0.2673679972323008,4.0,1.0,0.9325,0.9375,0.9035,0.999,0.36709060509246855,0.34080619194895173,0.14848244647114334,0.007272907451059623
3-way Gaussian,5,0.7225736330575224,0.020599064005445575,0.2546017968414135,4.0,1.0,0.9375,0.9425,0.897,1.0,0.3460759409990761,0.32019536086485745,0.14695959820667903,0.008765009811933077
3-way Gaussian,6,0.7186399032023605,0.02109851270979385,0.2407810319487363,4.0,1.0,0.946,0.9485,0.919,0.999,0.3612480959054687,0.33494893250156044,0.12326000585227895,0.009384646929313388
3-way Gaussian,7,0.7262193245408002,0.02096553180499154,0.22000120335950044,4.0,1.0,0.9035,0.9055,0.9075,0.9995,0.3616061586577524,0.3359211311998738,0.1346167095218496,0.009829729142467887
3-way Gaussian,8,0.7427347513609044,0.02089064396168879,0.2528367356996394,4.0,0.9999999999999998,0.8975,0.9075,0.889,1.0,0.3849296387580582,0.35958058356872,0.15002235967476646,0.008638351129364862
3-way Gaussian,9,0.7387860562751255,0.020844545775487174,0.25053673222765654,4.0,1.0,0.9115,0.9165,0.899,1.0,0.36069478088114637,0.3351826986578311,0.1494252998111038,0.008877269989713865
