n,rep,model,accuracy
60,0,GNB,0.82575
60,0,ABD-NB,0.83875
60,1,GNB,0.711
60,1,ABD-NB,0.84925
60,2,GNB,0.735
60,2,ABD-NB,0.85725
60,3,GNB,0.72725
60,3,ABD-NB,0.85275
60,4,GNB,0.75275
60,4,ABD-NB,0.83975
60,5,GNB,0.721
60,5,ABD-NB,0.85025
60,6,GNB,0.69625
60,6,ABD-NB,0.85075
60,7,GNB,0.75025
60,7,ABD-NB,0.855
60,8,GNB,0.6925
60,8,ABD-NB,0.84925
60,9,GNB,0.68575
60,9,ABD-NB,0.84175
60,10,GNB,0.70475
60,10,ABD-NB,0.8375
60,11,GNB,0.693
60,11,ABD-NB,0.8555
60,12,GNB,0.6855
60,12,ABD-NB,0.84275
60,13,GNB,0.66675
60,13,ABD-NB,0.85075
60,14,GNB,0.67325
60,14,ABD-NB,0.845
60,15,GNB,0.677
60,15,ABD-NB,0.83825
60,16,GNB,0.679
60,16,ABD-NB,0.85275
60,17,GNB,0.7285
60,17,ABD-NB,0.8475
60,18,GNB,0.70575
60,18,ABD-NB,0.8545
60,19,GNB,0.66975
60,19,ABD-NB,0.788
120,0,GNB,0.7165
120,0,ABD-NB,0.84075
120,1,GNB,0.728
120,1,ABD-NB,0.85225
120,2,GNB,0.6975
120,2,ABD-NB,0.862
120,3,GNB,0.74175
120,3,ABD-NB,0.8575
120,4,GNB,0.72575
120,4,ABD-NB,0.842
120,5,GNB,0.712
120,5,ABD-NB,0.8515
120,6,GNB,0.70075
120,6,ABD-NB,0.85075
120,7,GNB,0.7115
120,7,ABD-NB,0.85725
120,8,GNB,0.70125
120,8,ABD-NB,0.84975
120,9,GNB,0.78425
120,9,ABD-NB,0.85575
120,10,GNB,0.7355
120,10,ABD-NB,0.84525
120,11,GNB,0.748
120,11,ABD-NB,0.85125
120,12,GNB,0.69975
120,12,ABD-NB,0.8495
120,13,GNB,0.71
120,13,ABD-NB,0.843
120,14,GNB,0.681
120,14,ABD-NB,0.848
120,15,GNB,0.69775
120,15,ABD-NB,0.8495
120,16,GNB,0.69525
120,16,ABD-NB,0.8535
120,17,GNB,0.79625
120,17,ABD-NB,0.8525
120,18,GNB,0.7045
120,18,ABD-NB,0.8545
120,19,GNB,0.7155
120,19,ABD-NB,0.85375
250,0,GNB,0.69775
250,0,ABD-NB,0.84275
250,1,GNB,0.71325
250,1,ABD-NB,0.851
250,2,GNB,0.732
250,2,ABD-NB,0.85975
250,3,GNB,0.72425
250,3,ABD-NB,0.852
250,4,GNB,0.717
250,4,ABD-NB,0.85375
250,5,GNB,0.73825
250,5,ABD-NB,0.851
250,6,GNB,0.7025
250,6,ABD-NB,0.85075
250,7,GNB,0.789
250,7,ABD-NB,0.85225
250,8,GNB,0.7695
250,8,ABD-NB,0.8505
250,9,GNB,0.7215
250,9,ABD-NB,0.851
250,10,GNB,0.70675
250,10,ABD-NB,0.85575
250,11,GNB,0.731
250,11,ABD-NB,0.8605
250,12,GNB,0.72675
250,12,ABD-NB,0.8555
250,13,GNB,0.6975
250,13,ABD-NB,0.83325
250,14,GNB,0.7075
250,14,ABD-NB,0.84625
250,15,GNB,0.732
250,15,ABD-NB,0.84475
250,16,GNB,0.71425
250,16,ABD-NB,0.84325
250,17,GNB,0.733
250,17,ABD-NB,0.854
250,18,GNB,0.72525
250,18,ABD-NB,0.84625
250,19,GNB,0.7105
250,19,ABD-NB,0.85225
500,0,GNB,0.71275
500,0,ABD-NB,0.84375
500,1,GNB,0.71875
500,1,ABD-NB,0.84975
500,2,GNB,0.74025
500,2,ABD-NB,0.859
500,3,GNB,0.71375
500,3,ABD-NB,0.852
500,4,GNB,0.74
500,4,ABD-NB,0.85625
500,5,GNB,0.71675
500,5,ABD-NB,0.849
500,6,GNB,0.722
500,6,ABD-NB,0.84875
500,7,GNB,0.73225
500,7,ABD-NB,0.854
500,8,GNB,0.71525
500,8,ABD-NB,0.84925
500,9,GNB,0.7095
500,9,ABD-NB,0.856
500,10,GNB,0.704
500,10,ABD-NB,0.85575
500,11,GNB,0.71225
500,11,ABD-NB,0.8545
500,12,GNB,0.7145
500,12,ABD-NB,0.856
500,13,GNB,0.7075
500,13,ABD-NB,0.84975
500,14,GNB,0.69725
500,14,ABD-NB,0.845
500,15,GNB,0.74475
500,15,ABD-NB,0.8385
500,16,GNB,0.7205
500,16,ABD-NB,0.856
500,17,GNB,0.711
500,17,ABD-NB,0.848
500,18,GNB,0.707
500,18,ABD-NB,0.85825
500,19,GNB,0.715
500,19,ABD-NB,0.85225
1000,0,GNB,0.706
1000,0,ABD-NB,0.84725
1000,1,GNB,0.7255
1000,1,ABD-NB,0.85125
1000,2,GNB,0.72925
1000,2,ABD-NB,0.8575
1000,3,GNB,0.71075
1000,3,ABD-NB,0.8525
1000,4,GNB,0.721
1000,4,ABD-NB,0.85975
1000,5,GNB,0.728
1000,5,ABD-NB,0.84925
1000,6,GNB,0.72
1000,6,ABD-NB,0.85575
1000,7,GNB,0.714
1000,7,ABD-NB,0.8535
1000,8,GNB,0.704
1000,8,ABD-NB,0.85475
1000,9,GNB,0.72925
1000,9,ABD-NB,0.8575
1000,10,GNB,0.7075
1000,10,ABD-NB,0.8585
1000,11,GNB,0.73575
1000,11,ABD-NB,0.862
1000,12,GNB,0.7285
1000,12,ABD-NB,0.854
1000,13,GNB,0.704
1000,13,ABD-NB,0.85025
1000,14,GNB,0.7125
1000,14,ABD-NB,0.84275
1000,15,GNB,0.736
1000,15,ABD-NB,0.85175
1000,16,GNB,0.72325
1000,16,ABD-NB,0.8565
1000,17,GNB,0.72175
1000,17,ABD-NB,0.857
1000,18,GNB,0.7245
1000,18,ABD-NB,0.8605
1000,19,GNB,0.71775
1000,19,ABD-NB,0.85475
2000,0,GNB,0.70425
2000,0,ABD-NB,0.842
2000,1,GNB,0.7185
2000,1,ABD-NB,0.8495
2000,2,GNB,0.72075
2000,2,ABD-NB,0.8595
2000,3,GNB,0.715
2000,3,ABD-NB,0.8535
2000,4,GNB,0.72875
2000,4,ABD-NB,0.85775
2000,5,GNB,0.731
2000,5,ABD-NB,0.85
2000,6,GNB,0.7205
2000,6,ABD-NB,0.85475
2000,7,GNB,0.7125
2000,7,ABD-NB,0.85175
2000,8,GNB,0.7155
2000,8,ABD-NB,0.854
2000,9,GNB,0.7205
2000,9,ABD-NB,0.861
2000,10,GNB,0.71675
2000,10,ABD-NB,0.85675
2000,11,GNB,0.73975
2000,11,ABD-NB,0.86175
2000,12,GNB,0.7205
2000,12,ABD-NB,0.858
2000,13,GNB,0.7055
2000,13,ABD-NB,0.851
2000,14,GNB,0.70925
2000,14,ABD-NB,0.8485
2000,15,GNB,0.72475
2000,15,ABD-NB,0.85025
2000,16,GNB,0.72575
2000,16,ABD-NB,0.85525
2000,17,GNB,0.72875
2000,17,ABD-NB,0.85275
2000,18,GNB,0.7185
2000,18,ABD-NB,0.85625
2000,19,GNB,0.72925
2000,19,ABD-NB,0.853
4000,0,GNB,0.7125
4000,0,ABD-NB,0.846
4000,1,GNB,0.7255
4000,1,ABD-NB,0.85225
4000,2,GNB,0.722
4000,2,ABD-NB,0.86175
4000,3,GNB,0.71775
4000,3,ABD-NB,0.85525
4000,4,GNB,0.7345
4000,4,ABD-NB,0.85725
4000,5,GNB,0.71975
4000,5,ABD-NB,0.8485
4000,6,GNB,0.72775
4000,6,ABD-NB,0.855
4000,7,GNB,0.7175
4000,7,ABD-NB,0.853
4000,8,GNB,0.71725
4000,8,ABD-NB,0.854
4000,9,GNB,0.72675
4000,9,ABD-NB,0.8575
4000,10,GNB,0.723
4000,10,ABD-NB,0.855
4000,11,GNB,0.732
4000,11,ABD-NB,0.86
4000,12,GNB,0.71675
4000,12,ABD-NB,0.85625
4000,13,GNB,0.714
4000,13,ABD-NB,0.852
4000,14,GNB,0.705
4000,14,ABD-NB,0.84775
4000,15,GNB,0.73175
4000,15,ABD-NB,0.8495
4000,16,GNB,0.71475
4000,16,ABD-NB,0.85325
4000,17,GNB,0.73275
4000,17,ABD-NB,0.859
4000,18,GNB,0.71725
4000,18,ABD-NB,0.8575
4000,19,GNB,0.71725
4000,19,ABD-NB,0.8555
