dataset,R,boot_sd,boot_cv,boot_lo,boot_hi,splithalf_absdiff,n,R_n100,bias_n100,R_n200,bias_n200,R_n400,bias_n400,R_n800,bias_n800,R_n1600,bias_n1600
iris,0.0,0.11456439237389593,114564.39237389593,0.0,0.25000000000000017,0.025000000000000022,150,8.881784197001253e-17,8.881784197001253e-17,,,,,,,,
wine,0.07692307692307687,1.9092258661763695e-16,2.481993626029282e-15,0.07692307692307665,0.0769230769230772,0.007692307692307843,178,0.015384615384615418,-0.06153846153846145,,,,,,,,
breast-cancer,0.4889685712410704,0.019919403963478435,0.0407375956964273,0.45555768155474546,0.5241449455487954,0.021679266966762777,569,0.4334785412603903,-0.05549002998068009,0.4445272196101577,-0.04444135163091273,0.46438681979986784,-0.02458175144120256,,,,
digits,0.15625,0.00966001926614135,0.06182412330330463,0.14062499999999986,0.171875,0.006250000000000033,1797,0.07187499999999995,-0.08437500000000005,0.05781249999999999,-0.09843750000000001,0.09531249999999997,-0.06093750000000003,0.121875,-0.034375,0.15468750000000003,-0.0015624999999999667
heart-cleveland,0.0,9.819181883453726e-17,9.819181883453726e-11,0.0,2.831068712794146e-16,8.881784197001253e-17,303,2.2204460492503132e-17,2.2204460492503132e-17,1.2212453270876723e-16,1.2212453270876723e-16,,,,,,
hepatitis,0.052631578947368474,0.009447657556376353,0.17950549357115053,0.05263157894736819,0.067105263157895,0.04210526315789466,155,0.0473684210526316,-0.005263157894736872,,,,,,,,
dermatology,2.220446049250313e-16,1.0175362097255201e-16,1.0175362097255202e-10,0.0,2.220446049250313e-16,4.4408920985006264e-17,366,8.881784197001253e-17,-1.3322676295501878e-16,6.661338147750939e-17,-1.554312234475219e-16,,,,,,
hypothyroid,0.2000000000000004,0.009977753031397156,0.04988876515698568,0.19999999999999957,0.23999999999999982,1.4432899320127036e-16,3163,0.196,-0.004000000000000392,0.196,-0.004000000000000392,0.20000000000000012,-2.7755575615628914e-16,0.20000000000000004,-3.608224830031759e-16,0.19999999999999996,-4.440892098500626e-16
saheart,0.11111111111111094,2.2817604204488313e-16,2.0535843784039515e-15,0.11111111111111072,0.11111111111111155,2.55351295663786e-16,462,0.07777777777777786,-0.033333333333333076,0.1111111111111112,2.636779683484747e-16,0.11111111111111113,1.942890293094024e-16,,,,
spectf,0.2272727272727273,0.015148124924773167,0.06665174966900193,0.22702486102828282,0.2788254330173781,0.015909090909091105,349,0.16136363636363643,-0.06590909090909086,0.19999999999999998,-0.02727272727272731,,,,,,
new-thyroid,0.0,1.2947314098277876e-16,1.2947314098277876e-10,0.0,3.3306690738754696e-16,8.881784197001253e-17,215,5.551115123125783e-17,5.551115123125783e-17,,,,,,,,
breast-w,0.11111111111111116,2.1971946645508384e-16,1.9774751980957537e-15,0.11111111111111066,0.1111111111111115,0.11111111111111102,699,0.011111111111111271,-0.0999999999999999,0.03333333333333334,-0.07777777777777782,0.08888888888888895,-0.022222222222222213,,,,
horse-colic,0.052631578947368474,0.019614631381577156,0.37267799624996556,0.05263157894736819,0.10526315789473709,1.9984014443252818e-16,368,0.02105263157894738,-0.031578947368421095,0.05263157894736834,-1.3183898417423734e-16,,,,,,
ecoli,0.0,1.4432899320127036e-16,1.4432899320127035e-10,0.0,3.635980405647386e-16,8.881784197001253e-17,327,7.771561172376095e-17,7.771561172376095e-17,8.881784197001253e-17,8.881784197001253e-17,,,,,,
yeast,0.0,1.0229058312298256e-16,1.0229058312298256e-10,0.0,2.831068712794146e-16,1.3322676295501878e-16,1479,1.3322676295501878e-16,1.3322676295501878e-16,5.551115123125783e-17,5.551115123125783e-17,7.771561172376095e-17,7.771561172376095e-17,5.551115123125783e-17,5.551115123125783e-17,,
penguins,0.1428571428571429,0.06998542122237647,0.48989794855663515,0.14285714285714257,0.2857142857142858,2.7755575615628914e-16,344,0.14285714285714285,-5.551115123125783e-17,0.14285714285714274,-1.6653345369377348e-16,,,,,,
mushroom,0.19047619047619047,0.022447834323382453,0.11785113019775788,0.19047619047619013,0.23809523809523814,0.019047619047619212,4000,0.12380952380952395,-0.06666666666666651,0.14285714285714285,-0.047619047619047616,0.17142857142857132,-0.019047619047619146,0.16666666666666666,-0.023809523809523808,0.1761904761904763,-0.01428571428571418
soybean,0.05714285714285716,0.005128728387747223,0.08975274678557638,0.049285714285713864,0.057142857142857384,1.554312234475219e-16,675,0.12571428571428575,0.06857142857142859,0.10857142857142862,0.05142857142857146,0.051428571428571414,-0.005714285714285748,,,,
splice-dna,0.0,1.1796028931798078e-16,1.179602893179808e-10,0.0,3.635980405647386e-16,8.881784197001253e-17,3188,7.771561172376095e-17,7.771561172376095e-17,3.3306690738754695e-17,3.3306690738754695e-17,9.992007221626409e-17,9.992007221626409e-17,7.771561172376095e-17,7.771561172376095e-17,5.551115123125783e-17,5.551115123125783e-17
credit-aus,0.0666666666666661,0.02000000000000001,0.3000000000000027,0.06666666666666632,0.13333333333333333,0.01333333333333352,690,0.039999999999999966,-0.02666666666666613,0.053333333333333253,-0.013333333333332843,0.06666666666666662,5.273559366969494e-16,,,,
credit-ger,0.04999999999999982,2.191343270235293e-16,4.382686540470601e-15,0.0499999999999996,0.050000000000000405,0.029999999999999992,1000,4.4408920985006264e-17,-0.04999999999999978,0.0050000000000000825,-0.04499999999999974,5.551115123125783e-17,-0.04999999999999977,0.04499999999999997,-0.004999999999999852,,
churn,0.1499999999999998,0.0240947204913349,0.16063146994223287,0.09999999999999981,0.1500000000000002,0.005000000000000093,4000,0.14000000000000004,-0.009999999999999759,0.14999999999999994,1.3877787807814457e-16,0.12999999999999995,-0.01999999999999985,0.13000000000000003,-0.019999999999999768,0.14499999999999996,-0.004999999999999838
profb,0.0,1.459801385203779e-16,1.4598013852037791e-10,0.0,4.440892098500626e-16,1.554312234475219e-16,672,2.2204460492503132e-17,2.2204460492503132e-17,4.4408920985006264e-17,4.4408920985006264e-17,4.4408920985006264e-17,4.4408920985006264e-17,,,,
contraceptive,0.11111111111111116,1.95966943873403e-16,1.7637024948606262e-15,0.11111111111111072,0.11111111111111141,0.05555555555555569,1473,6.661338147750939e-17,-0.11111111111111109,4.4408920985006264e-17,-0.11111111111111112,2.2204460492503132e-17,-0.11111111111111113,0.09999999999999998,-0.011111111111111183,,
titanic,0.125,2.1159265450511732e-16,1.6927412360409386e-15,0.12499999999999964,0.12500000000000028,1.887379141862766e-16,2207,0.012500000000000034,-0.11249999999999996,0.11249999999999996,-0.012500000000000039,0.125,0.0,0.12499999999999993,-6.938893903907228e-17,0.12499999999999993,-6.938893903907228e-17
nursery,0.0,1.26909062514315e-16,1.2690906251431502e-10,0.0,4.440892098500626e-16,7.771561172376095e-17,4000,4.4408920985006264e-17,4.4408920985006264e-17,4.4408920985006264e-17,4.4408920985006264e-17,3.3306690738754695e-17,3.3306690738754695e-17,7.771561172376095e-17,7.771561172376095e-17,4.4408920985006264e-17,4.4408920985006264e-17
segmentation,0.3887789752834966,0.026758193376844916,0.06882623567113658,0.38868934333058125,0.4444444444444448,0.05556982802272757,2310,0.2944444444444446,-0.09433453083905197,0.3388888888888889,-0.04989008639460768,0.3555401041990126,-0.03323887108448398,0.40550864980767604,0.01672967452417945,0.40549354779825625,0.016714572514759662
vehicle,0.49949324470373846,0.01438445033777985,0.028798087842632616,0.48364232597654766,0.5151179299822649,0.03905503031387982,846,0.41111111111111126,-0.0883821335926272,0.44999969115193394,-0.049493553551804514,0.46104045990388876,-0.038452784799849704,0.4994344819493567,-5.8762754381769255e-05,,
satimage,0.6111111111111105,0.013127265628479417,0.021480980119329977,0.6111111111111112,0.6666666666666666,0.011111111111111228,3999,0.46944444444444444,-0.14166666666666605,0.5527777777777778,-0.05833333333333268,0.586111111111111,-0.024999999999999467,0.6222222222222221,0.011111111111111627,0.6222222222222221,0.011111111111111627
phoneme,3.3306690738754696e-16,1.221245327087672e-16,1.2212453270876722e-10,0.0,3.3306690738754696e-16,9.992007221626409e-17,4000,0.0,-3.3306690738754696e-16,9.992007221626409e-17,-2.331468351712829e-16,6.661338147750939e-17,-2.6645352591003756e-16,4.4408920985006264e-17,-2.886579864025407e-16,2.2204460492503132e-17,-3.108624468950438e-16
page-blocks,0.4906050722338364,0.01810988457858222,0.036913365970970904,0.4618812642903651,0.4919850587295592,0.07964989337156055,3999,0.3995506226771114,-0.09105444955672504,0.3980968135064782,-0.09250825872735824,0.40690851745266865,-0.08369655478116778,0.3942403744914233,-0.09636469774241313,0.4128415771817232,-0.07776349505211322
ionosphere,0.3939393939393939,0.02532685066278435,0.0642912362978372,0.32499999999999984,0.4022727272727275,0.03333333333333336,351,0.31818181818181823,-0.07575757575757569,0.3575757575757576,-0.03636363636363632,,,,,,
sonar,0.3159520402851397,0.020405345612757093,0.06458368046726878,0.29398682874449117,0.3650545745424599,0.01847647532696083,208,0.26558448049565275,-0.050367559789486926,,,,,,,,
texture,0.6999491030103167,0.011056173943959609,0.015795682709513596,0.6748560436753324,0.7000000000000003,0.01000877613009169,4004,0.5624437717607039,-0.13750533124961273,0.5525,-0.14744910301031666,0.6225,-0.0774491030103166,0.6599999999999999,-0.03994910301031673,0.675,-0.02494910301031661
mfeat-karhunen,0.06250000000000022,1.146633409319802e-16,1.8346134549116766e-15,0.07812499999999978,0.07812500000000022,2.220446049250313e-16,2000,0.03593749999999999,-0.026562500000000232,0.015625000000000035,-0.04687500000000019,0.031249999999999955,-0.031250000000000264,0.04687499999999998,-0.015625000000000243,0.06250000000000003,-1.942890293094024e-16
spambase,0.12280701754385981,0.014805834972131199,0.12056179905878246,0.10526315789473692,0.15789473684210545,0.012280701754386003,4000,0.07894736842105274,-0.04385964912280707,0.0982456140350877,-0.024561403508772103,0.10000000000000009,-0.02280701754385972,0.10526315789473686,-0.017543859649122945,0.10877192982456141,-0.0140350877192984
magic,0.30000000000000027,0.04582575694955833,0.1527525231651943,0.29999999999999966,0.4000000000000002,0.010000000000000365,4000,0.30000000000000004,-2.220446049250313e-16,0.3,-2.7755575615628914e-16,0.32,0.01999999999999974,0.31000000000000005,0.009999999999999787,0.3,-2.7755575615628914e-16
