dataset,domain,n,d,K,M_eff,redundancy,acc_gnb,acc_abd,d_acc,ll_gnb,ll_abd,d_ll_rel,ece_gnb,ece_abd
iris,biology,150,4,3,4.0,0.0,95.77777777777779,95.33333333333333,-0.4444444444444584,0.13228180708956574,0.13809955903477086,-4.397998540544595,0.05432187031907666,0.0561117849343669
wine,chemistry,178,13,3,12.0,0.07692307692307687,97.7124183006536,97.52723311546842,-0.18518518518517713,0.08579389815658121,0.09148152050786842,-6.629401942906025,0.027352186618350625,0.027982170606082237
breast-cancer,medicine,569,30,2,15.330942862767888,0.4889685712410704,93.85129490392649,94.25960735171262,0.40831244778612996,0.5885620560095892,0.21637291288558674,63.23702646538575,0.059441092139201505,0.051202226889161345
digits,imaging,1797,64,10,54.0,0.15625,84.14111318021934,84.08555762466376,-0.05555555555556424,2.4412000417015363,2.4452113172163883,-0.16431572367400663,0.15169100861982798,0.15258431406974585
heart-cleveland,medicine,303,13,2,13.0,0.0,83.92473118279571,83.91756272401435,-0.0071684587813702905,0.6269195255213447,0.6015694049067586,4.043600427583586,0.14618787915911666,0.15367817502067543
hepatitis,medicine,155,19,2,18.0,0.052631578947368474,70.95833333333333,70.08333333333333,-0.8750000000000036,1.905976383271247,1.874469376960273,1.653063835811981,0.27751702022073277,0.28699614128677703
dermatology,medicine,366,34,6,33.99999999999999,2.220446049250313e-16,87.69769769769769,87.51501501501502,-0.18268268268267773,2.9690698125845576,3.0225680254744005,-1.8018509589463994,0.12336443135008221,0.1251969459168924
hypothyroid,medicine,3163,25,2,19.99999999999999,0.2000000000000004,24.502954917541825,30.644258541974466,6.141303624432642,16.48885303484927,4.888831691773367,70.35068672489955,0.7543973936257544,0.6575788221503351
saheart,medicine,462,9,2,8.000000000000002,0.11111111111111094,70.77397471477028,70.7786000616713,0.004625346901021565,0.8023723826224257,0.7010702853918142,12.625322035576781,0.2076343676445,0.19612124942523165
spectf,medicine,349,44,2,34.0,0.2272727272727273,71.94117647058823,72.60504201680672,0.6638655462184895,3.8741566134322825,2.4645950526451172,36.38370105896091,0.2797448559451004,0.27313352503998767
new-thyroid,medicine,215,5,3,5.0,0.0,96.76046176046177,96.76046176046177,0.0,0.15888635212672994,0.15894435918153496,-0.03650851947230384,0.03666498515667269,0.036719618535425665
breast-w,medicine,699,9,2,8.0,0.11111111111111116,95.94547964113181,95.89786059351277,-0.04761904761904079,0.771652709108654,0.7392836707333134,4.19476767116266,0.04050010694623088,0.040904995740397763
horse-colic,medicine,368,19,2,18.0,0.052631578947368474,72.35735735735737,72.9129129129129,0.5555555555555425,1.252392593074165,1.1521409906451727,8.00480639883947,0.23339093524054,0.22509051235320848
ecoli,biology,327,6,5,6.0,0.0,77.07702020202021,77.07702020202021,0.0,1.5570359349774634,1.5587089496457363,-0.10744868700137415,0.19742967240403,0.19712451332669276
yeast,biology,1479,8,9,8.0,0.0,14.513237727523437,14.513237727523437,0.0,8.007454534688986,7.980107579604638,0.3415187056745422,0.7474699205890619,0.747332855080805
penguins,biology,344,7,3,6.0,0.1428571428571429,96.40336134453781,96.40336134453781,0.0,0.08477291127181451,0.090246883946948,-6.457219167077842,0.03693462597759235,0.044429504794120535
mushroom,biology,4000,21,2,17.0,0.19047619047619047,91.35833333333333,91.35833333333333,0.0,0.6166735922016185,0.6166735921759288,4.16586407437887e-09,0.06543642826074171,0.06543642825802286
soybean,agriculture,675,35,18,33.0,0.05714285714285716,84.84050336552531,85.18729880011706,0.3467954345917512,3.8178380991002494,3.648408621131269,4.437838210292624,0.14752067537709454,0.13440235197940104
splice-dna,genomics,3188,60,3,60.0,0.0,91.59408003259662,91.67774031794852,0.08366028535189418,0.3924835479050806,0.38129903390855036,2.8496771536612666,0.06618495246774882,0.06378486472043714
credit-aus,finance,690,15,2,14.000000000000009,0.0666666666666661,78.45410628019323,78.50241545893721,0.04830917874396601,1.136112812478267,0.9178145050364148,19.214492174035577,0.1904027220256194,0.16750498450475
credit-ger,finance,1000,20,2,19.000000000000004,0.04999999999999982,73.13333333333334,73.43333333333334,0.30000000000000027,0.693079782540704,0.6687979847499087,3.5034635842042126,0.141852028369646,0.13377845338252603
churn,business,4000,20,2,17.000000000000004,0.1499999999999998,86.74166666666667,85.81666666666668,-0.924999999999998,0.38656451573562833,0.37542692094529523,2.8811736041365243,0.06012613030209714,0.06338626663270659
profb,business,672,9,2,9.0,0.0,64.88074334211296,64.88001170617501,-0.0007316359379561099,0.744825451267861,0.7449986521116058,-0.023253883638092426,0.14165418542694497,0.14283081954812255
contraceptive,social,1473,9,3,8.0,0.11111111111111116,46.82202610774039,47.0935220935221,0.27149598578170564,1.366850029991616,1.2915537079278183,5.508747881013655,0.21991409106315904,0.19223544277658552
titanic,social,2207,8,2,7.0,0.125,77.78157136980666,78.0082956259427,0.22672425613603497,0.8050187874129732,0.6412966867859226,20.33767449741039,0.15117176139419788,0.11262265069207218
nursery,social,4000,8,4,8.0,0.0,65.88333333333334,65.88333333333334,0.0,1.5715067580685522,1.5714427787133625,0.004071210948427075,0.26490325087177113,0.26490226795501687
segmentation,imaging,2310,18,7,11.00197844489706,0.3887789752834966,79.72582972582973,79.17748917748918,-0.5483405483405424,1.6171449791083252,1.1197215073288922,30.75936160366441,0.18573345856197424,0.16048574671721993
vehicle,industry,846,18,4,9.009121595332708,0.49949324470373846,45.42950513538749,51.93510737628384,6.505602240896352,2.5369658432673377,1.220944699009999,51.87382194166421,0.3702335712103899,0.15353625427800413
satimage,remote-sensing,3999,36,6,14.00000000000002,0.6111111111111105,79.73646616541353,79.7530492898914,0.016583124477864697,3.468619605351694,1.6640408879687962,52.02584666818563,0.19327156149674807,0.1702664831915421
phoneme,speech,4000,5,2,4.999999999999998,3.3306690738754696e-16,76.44166666666668,78.625,2.183333333333326,0.6327540541555288,0.5819961805560678,8.021738188181537,0.12235175335156269,0.10409999605516246
page-blocks,document,3999,10,5,5.093949277661635,0.4906050722338364,78.51942355889724,93.15670426065164,14.637280701754385,1.3206520414091605,0.4854070333116182,63.244895847533016,0.18531403168831498,0.055260192283169335
ionosphere,physics,351,33,2,20.0,0.3939393939393939,88.9920634920635,89.08730158730158,0.09523809523809268,1.1016225586947916,1.086269178716418,1.3937060254616038,0.10742247826999184,0.10755579643091638
sonar,sensing,208,60,2,41.04287758289162,0.3159520402851397,67.80952380952381,67.64285714285715,-0.1666666666666594,2.2825146799134632,2.1303109668343954,6.6682468427689745,0.3083304650055074,0.30560648560704884
texture,imaging,4004,40,11,12.002035879587336,0.6999491030103167,77.7314837905237,80.00442643391523,2.272942643391529,3.036277685042295,1.0567280262840082,65.19659478150504,0.2027163031875465,0.11728099820355399
mfeat-karhunen,imaging,2000,64,10,59.999999999999986,0.06250000000000022,93.46666666666667,93.43333333333334,-0.03333333333332966,0.4900670966442762,0.4271979493075523,12.828681575894212,0.05411568486759235,0.053707805567750795
spambase,text,4000,57,2,49.99999999999999,0.12280701754385981,82.45833333333333,81.99166666666666,-0.4666666666666708,4.031125546930512,3.457517061483332,14.229486994865548,0.17470423291727563,0.17871359054095884
magic,physics,4000,10,2,6.999999999999997,0.30000000000000027,73.7,74.29166666666667,0.5916666666666681,0.9890415925334057,0.7632552836517782,22.8287981603768,0.20347847574084912,0.17262856521886297
