dataset,trial,r,model,accuracy
iris,0,0,GNB,0.96
iris,0,0,ABD-NB,0.9533333333333334
iris,0,0,LR,0.96
iris,0,1,GNB,0.96
iris,0,1,ABD-NB,0.9533333333333334
iris,0,1,LR,0.96
iris,0,2,GNB,0.96
iris,0,2,ABD-NB,0.96
iris,0,2,LR,0.96
iris,0,4,GNB,0.96
iris,0,4,ABD-NB,0.9533333333333334
iris,0,4,LR,0.9466666666666667
iris,0,8,GNB,0.96
iris,0,8,ABD-NB,0.9533333333333334
iris,0,8,LR,0.9466666666666667
iris,0,16,GNB,0.96
iris,0,16,ABD-NB,0.96
iris,0,16,LR,0.9533333333333334
iris,0,32,GNB,0.96
iris,0,32,ABD-NB,0.96
iris,0,32,LR,0.9533333333333334
iris,1,0,GNB,0.96
iris,1,0,ABD-NB,0.9533333333333334
iris,1,0,LR,0.96
iris,1,1,GNB,0.9466666666666667
iris,1,1,ABD-NB,0.96
iris,1,1,LR,0.9466666666666667
iris,1,2,GNB,0.9333333333333333
iris,1,2,ABD-NB,0.96
iris,1,2,LR,0.9466666666666667
iris,1,4,GNB,0.9266666666666667
iris,1,4,ABD-NB,0.96
iris,1,4,LR,0.9400000000000001
iris,1,8,GNB,0.8933333333333333
iris,1,8,ABD-NB,0.96
iris,1,8,LR,0.9400000000000001
iris,1,16,GNB,0.8400000000000001
iris,1,16,ABD-NB,0.96
iris,1,16,LR,0.9466666666666667
iris,1,32,GNB,0.8200000000000001
iris,1,32,ABD-NB,0.9466666666666667
iris,1,32,LR,0.9400000000000001
iris,2,0,GNB,0.96
iris,2,0,ABD-NB,0.9533333333333334
iris,2,0,LR,0.96
iris,2,1,GNB,0.9466666666666667
iris,2,1,ABD-NB,0.96
iris,2,1,LR,0.9466666666666667
iris,2,2,GNB,0.9333333333333333
iris,2,2,ABD-NB,0.96
iris,2,2,LR,0.9400000000000001
iris,2,4,GNB,0.9266666666666667
iris,2,4,ABD-NB,0.96
iris,2,4,LR,0.9400000000000001
iris,2,8,GNB,0.8866666666666667
iris,2,8,ABD-NB,0.96
iris,2,8,LR,0.9400000000000001
iris,2,16,GNB,0.8333333333333334
iris,2,16,ABD-NB,0.9533333333333334
iris,2,16,LR,0.9400000000000001
iris,2,32,GNB,0.8133333333333335
iris,2,32,ABD-NB,0.9466666666666667
iris,2,32,LR,0.9333333333333333
iris,3,0,GNB,0.96
iris,3,0,ABD-NB,0.9533333333333334
iris,3,0,LR,0.96
iris,3,1,GNB,0.96
iris,3,1,ABD-NB,0.9666666666666666
iris,3,1,LR,0.96
iris,3,2,GNB,0.9466666666666667
iris,3,2,ABD-NB,0.9466666666666667
iris,3,2,LR,0.9533333333333334
iris,3,4,GNB,0.9400000000000001
iris,3,4,ABD-NB,0.9466666666666667
iris,3,4,LR,0.9533333333333335
iris,3,8,GNB,0.9466666666666667
iris,3,8,ABD-NB,0.9533333333333334
iris,3,8,LR,0.9533333333333335
iris,3,16,GNB,0.9533333333333335
iris,3,16,ABD-NB,0.9466666666666667
iris,3,16,LR,0.9533333333333335
iris,3,32,GNB,0.9533333333333335
iris,3,32,ABD-NB,0.9533333333333334
iris,3,32,LR,0.9533333333333335
iris,4,0,GNB,0.96
iris,4,0,ABD-NB,0.9533333333333334
iris,4,0,LR,0.96
iris,4,1,GNB,0.96
iris,4,1,ABD-NB,0.9666666666666666
iris,4,1,LR,0.96
iris,4,2,GNB,0.9533333333333334
iris,4,2,ABD-NB,0.9533333333333334
iris,4,2,LR,0.96
iris,4,4,GNB,0.9466666666666667
iris,4,4,ABD-NB,0.9533333333333334
iris,4,4,LR,0.9533333333333334
iris,4,8,GNB,0.9466666666666667
iris,4,8,ABD-NB,0.9466666666666667
iris,4,8,LR,0.9600000000000002
iris,4,16,GNB,0.9533333333333335
iris,4,16,ABD-NB,0.9466666666666667
iris,4,16,LR,0.9533333333333335
iris,4,32,GNB,0.9533333333333335
iris,4,32,ABD-NB,0.9533333333333334
iris,4,32,LR,0.9533333333333335
iris,5,0,GNB,0.96
iris,5,0,ABD-NB,0.9533333333333334
iris,5,0,LR,0.96
iris,5,1,GNB,0.9466666666666667
iris,5,1,ABD-NB,0.96
iris,5,1,LR,0.9466666666666667
iris,5,2,GNB,0.9333333333333333
iris,5,2,ABD-NB,0.96
iris,5,2,LR,0.9400000000000001
iris,5,4,GNB,0.9266666666666667
iris,5,4,ABD-NB,0.96
iris,5,4,LR,0.9400000000000001
iris,5,8,GNB,0.8933333333333333
iris,5,8,ABD-NB,0.96
iris,5,8,LR,0.9400000000000001
iris,5,16,GNB,0.8466666666666667
iris,5,16,ABD-NB,0.96
iris,5,16,LR,0.9333333333333333
iris,5,32,GNB,0.8200000000000001
iris,5,32,ABD-NB,0.9466666666666667
iris,5,32,LR,0.9400000000000001
iris,6,0,GNB,0.96
iris,6,0,ABD-NB,0.9533333333333334
iris,6,0,LR,0.96
iris,6,1,GNB,0.9466666666666667
iris,6,1,ABD-NB,0.9533333333333334
iris,6,1,LR,0.96
iris,6,2,GNB,0.9466666666666667
iris,6,2,ABD-NB,0.9466666666666667
iris,6,2,LR,0.9533333333333334
iris,6,4,GNB,0.9466666666666667
iris,6,4,ABD-NB,0.9533333333333334
iris,6,4,LR,0.9733333333333334
iris,6,8,GNB,0.9466666666666667
iris,6,8,ABD-NB,0.9533333333333334
iris,6,8,LR,0.9600000000000002
iris,6,16,GNB,0.9533333333333335
iris,6,16,ABD-NB,0.9466666666666667
iris,6,16,LR,0.9533333333333335
iris,6,32,GNB,0.9533333333333335
iris,6,32,ABD-NB,0.96
iris,6,32,LR,0.9533333333333335
iris,7,0,GNB,0.96
iris,7,0,ABD-NB,0.9533333333333334
iris,7,0,LR,0.96
iris,7,1,GNB,0.9400000000000001
iris,7,1,ABD-NB,0.96
iris,7,1,LR,0.96
iris,7,2,GNB,0.9266666666666667
iris,7,2,ABD-NB,0.9533333333333334
iris,7,2,LR,0.96
iris,7,4,GNB,0.9199999999999999
iris,7,4,ABD-NB,0.9533333333333334
iris,7,4,LR,0.96
iris,7,8,GNB,0.8600000000000001
iris,7,8,ABD-NB,0.9533333333333334
iris,7,8,LR,0.96
iris,7,16,GNB,0.8466666666666667
iris,7,16,ABD-NB,0.9533333333333334
iris,7,16,LR,0.96
iris,7,32,GNB,0.8
iris,7,32,ABD-NB,0.9533333333333334
iris,7,32,LR,0.96
iris,8,0,GNB,0.96
iris,8,0,ABD-NB,0.9533333333333334
iris,8,0,LR,0.96
iris,8,1,GNB,0.9400000000000001
iris,8,1,ABD-NB,0.96
iris,8,1,LR,0.96
iris,8,2,GNB,0.9266666666666667
iris,8,2,ABD-NB,0.9533333333333334
iris,8,2,LR,0.96
iris,8,4,GNB,0.9266666666666667
iris,8,4,ABD-NB,0.9533333333333334
iris,8,4,LR,0.96
iris,8,8,GNB,0.8600000000000001
iris,8,8,ABD-NB,0.96
iris,8,8,LR,0.96
iris,8,16,GNB,0.8533333333333335
iris,8,16,ABD-NB,0.9533333333333334
iris,8,16,LR,0.96
iris,8,32,GNB,0.8133333333333332
iris,8,32,ABD-NB,0.9533333333333334
iris,8,32,LR,0.96
iris,9,0,GNB,0.96
iris,9,0,ABD-NB,0.9533333333333334
iris,9,0,LR,0.96
iris,9,1,GNB,0.9533333333333334
iris,9,1,ABD-NB,0.96
iris,9,1,LR,0.96
iris,9,2,GNB,0.9466666666666667
iris,9,2,ABD-NB,0.96
iris,9,2,LR,0.9533333333333334
iris,9,4,GNB,0.9466666666666667
iris,9,4,ABD-NB,0.9466666666666667
iris,9,4,LR,0.9666666666666668
iris,9,8,GNB,0.9466666666666667
iris,9,8,ABD-NB,0.9466666666666667
iris,9,8,LR,0.9600000000000002
iris,9,16,GNB,0.9533333333333335
iris,9,16,ABD-NB,0.9533333333333334
iris,9,16,LR,0.9600000000000002
iris,9,32,GNB,0.9533333333333335
iris,9,32,ABD-NB,0.9533333333333334
iris,9,32,LR,0.9533333333333335
wine,0,0,GNB,0.9719047619047618
wine,0,0,ABD-NB,0.9663492063492063
wine,0,0,LR,0.9831746031746033
wine,0,1,GNB,0.9774603174603176
wine,0,1,ABD-NB,0.971904761904762
wine,0,1,LR,0.9776190476190475
wine,0,2,GNB,0.9774603174603176
wine,0,2,ABD-NB,0.9663492063492063
wine,0,2,LR,0.9776190476190475
wine,0,4,GNB,0.9550793650793651
wine,0,4,ABD-NB,0.9774603174603176
wine,0,4,LR,0.9831746031746033
wine,0,8,GNB,0.9266666666666665
wine,0,8,ABD-NB,0.9774603174603176
wine,0,8,LR,0.9831746031746033
wine,0,16,GNB,0.8985714285714286
wine,0,16,ABD-NB,0.9774603174603176
wine,0,16,LR,0.9831746031746033
wine,0,32,GNB,0.8704761904761906
wine,0,32,ABD-NB,0.9719047619047618
wine,0,32,LR,0.9776190476190477
wine,1,0,GNB,0.9719047619047618
wine,1,0,ABD-NB,0.9663492063492063
wine,1,0,LR,0.9831746031746033
wine,1,1,GNB,0.9830158730158731
wine,1,1,ABD-NB,0.9663492063492063
wine,1,1,LR,0.9831746031746033
wine,1,2,GNB,0.9774603174603176
wine,1,2,ABD-NB,0.9719047619047618
wine,1,2,LR,0.9831746031746033
wine,1,4,GNB,0.9774603174603176
wine,1,4,ABD-NB,0.9663492063492063
wine,1,4,LR,0.9831746031746033
wine,1,8,GNB,0.9604761904761905
wine,1,8,ABD-NB,0.9719047619047618
wine,1,8,LR,0.9831746031746033
wine,1,16,GNB,0.9434920634920634
wine,1,16,ABD-NB,0.9774603174603176
wine,1,16,LR,0.9831746031746033
wine,1,32,GNB,0.8706349206349205
wine,1,32,ABD-NB,0.9774603174603176
wine,1,32,LR,0.9831746031746033
wine,2,0,GNB,0.9719047619047618
wine,2,0,ABD-NB,0.9663492063492063
wine,2,0,LR,0.9831746031746033
wine,2,1,GNB,0.9719047619047618
wine,2,1,ABD-NB,0.9663492063492063
wine,2,1,LR,0.9831746031746033
wine,2,2,GNB,0.9663492063492063
wine,2,2,ABD-NB,0.9663492063492063
wine,2,2,LR,0.9831746031746033
wine,2,4,GNB,0.9492063492063492
wine,2,4,ABD-NB,0.9663492063492063
wine,2,4,LR,0.9831746031746033
wine,2,8,GNB,0.9038095238095238
wine,2,8,ABD-NB,0.9607936507936508
wine,2,8,LR,0.9831746031746033
wine,2,16,GNB,0.8198412698412698
wine,2,16,ABD-NB,0.9663492063492063
wine,2,16,LR,0.9831746031746033
wine,2,32,GNB,0.7693650793650794
wine,2,32,ABD-NB,0.9663492063492063
wine,2,32,LR,0.9831746031746033
wine,3,0,GNB,0.9719047619047618
wine,3,0,ABD-NB,0.9663492063492063
wine,3,0,LR,0.9831746031746033
wine,3,1,GNB,0.9774603174603176
wine,3,1,ABD-NB,0.9774603174603176
wine,3,1,LR,0.9831746031746033
wine,3,2,GNB,0.9661904761904762
wine,3,2,ABD-NB,0.9774603174603176
wine,3,2,LR,0.9831746031746033
wine,3,4,GNB,0.9550793650793651
wine,3,4,ABD-NB,0.9774603174603176
wine,3,4,LR,0.9831746031746033
wine,3,8,GNB,0.9212698412698412
wine,3,8,ABD-NB,0.971904761904762
wine,3,8,LR,0.9831746031746033
wine,3,16,GNB,0.8933333333333333
wine,3,16,ABD-NB,0.9663492063492063
wine,3,16,LR,0.9831746031746033
wine,3,32,GNB,0.7077777777777777
wine,3,32,ABD-NB,0.9663492063492063
wine,3,32,LR,0.9831746031746033
wine,4,0,GNB,0.9719047619047618
wine,4,0,ABD-NB,0.9663492063492063
wine,4,0,LR,0.9831746031746033
wine,4,1,GNB,0.9719047619047618
wine,4,1,ABD-NB,0.971904761904762
wine,4,1,LR,0.9831746031746033
wine,4,2,GNB,0.9774603174603176
wine,4,2,ABD-NB,0.9663492063492063
wine,4,2,LR,0.9776190476190475
wine,4,4,GNB,0.9550793650793651
wine,4,4,ABD-NB,0.9774603174603176
wine,4,4,LR,0.9831746031746033
wine,4,8,GNB,0.9322222222222221
wine,4,8,ABD-NB,0.9774603174603176
wine,4,8,LR,0.9831746031746033
wine,4,16,GNB,0.8987301587301587
wine,4,16,ABD-NB,0.9774603174603176
wine,4,16,LR,0.9831746031746033
wine,4,32,GNB,0.8704761904761906
wine,4,32,ABD-NB,0.9719047619047618
wine,4,32,LR,0.9776190476190477
wine,5,0,GNB,0.9719047619047618
wine,5,0,ABD-NB,0.9663492063492063
wine,5,0,LR,0.9831746031746033
wine,5,1,GNB,0.9774603174603176
wine,5,1,ABD-NB,0.9719047619047618
wine,5,1,LR,0.9831746031746033
wine,5,2,GNB,0.9774603174603176
wine,5,2,ABD-NB,0.9719047619047618
wine,5,2,LR,0.9831746031746033
wine,5,4,GNB,0.9663492063492063
wine,5,4,ABD-NB,0.9663492063492063
wine,5,4,LR,0.9831746031746033
wine,5,8,GNB,0.9607936507936508
wine,5,8,ABD-NB,0.9663492063492063
wine,5,8,LR,0.9831746031746033
wine,5,16,GNB,0.9044444444444444
wine,5,16,ABD-NB,0.9663492063492063
wine,5,16,LR,0.9774603174603176
wine,5,32,GNB,0.8539682539682539
wine,5,32,ABD-NB,0.9663492063492063
wine,5,32,LR,0.9774603174603176
wine,6,0,GNB,0.9719047619047618
wine,6,0,ABD-NB,0.9663492063492063
wine,6,0,LR,0.9831746031746033
wine,6,1,GNB,0.9774603174603176
wine,6,1,ABD-NB,0.9774603174603176
wine,6,1,LR,0.9831746031746033
wine,6,2,GNB,0.9719047619047618
wine,6,2,ABD-NB,0.9774603174603176
wine,6,2,LR,0.9831746031746033
wine,6,4,GNB,0.9550793650793651
wine,6,4,ABD-NB,0.9774603174603176
wine,6,4,LR,0.9831746031746033
wine,6,8,GNB,0.9212698412698412
wine,6,8,ABD-NB,0.971904761904762
wine,6,8,LR,0.9831746031746033
wine,6,16,GNB,0.8877777777777778
wine,6,16,ABD-NB,0.9663492063492063
wine,6,16,LR,0.9831746031746033
wine,6,32,GNB,0.7022222222222222
wine,6,32,ABD-NB,0.9663492063492063
wine,6,32,LR,0.9831746031746033
wine,7,0,GNB,0.9719047619047618
wine,7,0,ABD-NB,0.9663492063492063
wine,7,0,LR,0.9831746031746033
wine,7,1,GNB,0.971904761904762
wine,7,1,ABD-NB,0.9719047619047618
wine,7,1,LR,0.9831746031746033
wine,7,2,GNB,0.9663492063492063
wine,7,2,ABD-NB,0.9719047619047618
wine,7,2,LR,0.9831746031746033
wine,7,4,GNB,0.9661904761904763
wine,7,4,ABD-NB,0.9774603174603176
wine,7,4,LR,0.9831746031746033
wine,7,8,GNB,0.9325396825396826
wine,7,8,ABD-NB,0.9663492063492063
wine,7,8,LR,0.9831746031746033
wine,7,16,GNB,0.9042857142857142
wine,7,16,ABD-NB,0.9663492063492063
wine,7,16,LR,0.9831746031746033
wine,7,32,GNB,0.8539682539682539
wine,7,32,ABD-NB,0.9607936507936508
wine,7,32,LR,0.9831746031746033
wine,8,0,GNB,0.9719047619047618
wine,8,0,ABD-NB,0.9663492063492063
wine,8,0,LR,0.9831746031746033
wine,8,1,GNB,0.9830158730158731
wine,8,1,ABD-NB,0.9774603174603176
wine,8,1,LR,0.9831746031746033
wine,8,2,GNB,0.971904761904762
wine,8,2,ABD-NB,0.9774603174603176
wine,8,2,LR,0.9831746031746033
wine,8,4,GNB,0.9550793650793651
wine,8,4,ABD-NB,0.9774603174603176
wine,8,4,LR,0.9831746031746033
wine,8,8,GNB,0.943968253968254
wine,8,8,ABD-NB,0.9830158730158731
wine,8,8,LR,0.9831746031746033
wine,8,16,GNB,0.9155555555555555
wine,8,16,ABD-NB,0.9830158730158731
wine,8,16,LR,0.9831746031746033
wine,8,32,GNB,0.8876190476190476
wine,8,32,ABD-NB,0.9830158730158731
wine,8,32,LR,0.9831746031746033
wine,9,0,GNB,0.9719047619047618
wine,9,0,ABD-NB,0.9663492063492063
wine,9,0,LR,0.9831746031746033
wine,9,1,GNB,0.9774603174603176
wine,9,1,ABD-NB,0.9774603174603176
wine,9,1,LR,0.9831746031746033
wine,9,2,GNB,0.9719047619047618
wine,9,2,ABD-NB,0.9774603174603176
wine,9,2,LR,0.9831746031746033
wine,9,4,GNB,0.9550793650793651
wine,9,4,ABD-NB,0.9830158730158731
wine,9,4,LR,0.9831746031746033
wine,9,8,GNB,0.9212698412698412
wine,9,8,ABD-NB,0.971904761904762
wine,9,8,LR,0.9831746031746033
wine,9,16,GNB,0.8877777777777778
wine,9,16,ABD-NB,0.9663492063492063
wine,9,16,LR,0.9831746031746033
wine,9,32,GNB,0.7077777777777777
wine,9,32,ABD-NB,0.9663492063492063
wine,9,32,LR,0.9831746031746033
breast-cancer,0,0,GNB,0.9385188635305075
breast-cancer,0,0,ABD-NB,0.9473218444340941
breast-cancer,0,0,LR,0.9789163173420278
breast-cancer,0,1,GNB,0.9385343890700202
breast-cancer,0,1,ABD-NB,0.9473218444340941
breast-cancer,0,1,LR,0.9771619313771154
breast-cancer,0,2,GNB,0.9473373699736065
breast-cancer,0,2,ABD-NB,0.9437975469647568
breast-cancer,0,2,LR,0.9771619313771154
breast-cancer,0,4,GNB,0.9473373699736065
breast-cancer,0,4,ABD-NB,0.9473218444340941
breast-cancer,0,4,LR,0.9789163173420278
breast-cancer,0,8,GNB,0.9455674584691819
breast-cancer,0,8,ABD-NB,0.9437820214252446
breast-cancer,0,8,LR,0.9789163173420278
breast-cancer,0,16,GNB,0.9420586865393572
breast-cancer,0,16,ABD-NB,0.9455519329296693
breast-cancer,0,16,LR,0.9789163173420278
breast-cancer,0,32,GNB,0.9315323707498836
breast-cancer,0,32,ABD-NB,0.9473063188945815
breast-cancer,0,32,LR,0.9789163173420278
breast-cancer,1,0,GNB,0.9385188635305075
breast-cancer,1,0,ABD-NB,0.9473218444340941
breast-cancer,1,0,LR,0.9789163173420278
breast-cancer,1,1,GNB,0.9385188635305075
breast-cancer,1,1,ABD-NB,0.9490762303990063
breast-cancer,1,1,LR,0.9789163173420278
breast-cancer,1,2,GNB,0.9385188635305075
breast-cancer,1,2,ABD-NB,0.9473218444340941
breast-cancer,1,2,LR,0.9789163173420278
breast-cancer,1,4,GNB,0.9385188635305075
breast-cancer,1,4,ABD-NB,0.9473218444340941
breast-cancer,1,4,LR,0.98067070330694
breast-cancer,1,8,GNB,0.9385188635305075
breast-cancer,1,8,ABD-NB,0.9437975469647568
breast-cancer,1,8,LR,0.9789163173420278
breast-cancer,1,16,GNB,0.9385188635305075
breast-cancer,1,16,ABD-NB,0.9385343890700202
breast-cancer,1,16,LR,0.9771619313771154
breast-cancer,1,32,GNB,0.9367644775655954
breast-cancer,1,32,ABD-NB,0.9402887750349326
breast-cancer,1,32,LR,0.9789163173420276
breast-cancer,2,0,GNB,0.9385188635305075
breast-cancer,2,0,ABD-NB,0.9473218444340941
breast-cancer,2,0,LR,0.9789163173420278
breast-cancer,2,1,GNB,0.9385343890700202
breast-cancer,2,1,ABD-NB,0.9420276354603322
breast-cancer,2,1,LR,0.98067070330694
breast-cancer,2,2,GNB,0.9297314081664337
breast-cancer,2,2,ABD-NB,0.9473218444340941
breast-cancer,2,2,LR,0.98067070330694
breast-cancer,2,4,GNB,0.9332557056357708
breast-cancer,2,4,ABD-NB,0.9384878124514826
breast-cancer,2,4,LR,0.9789163173420278
breast-cancer,2,8,GNB,0.9262071106970968
breast-cancer,2,8,ABD-NB,0.9296848315478963
breast-cancer,2,8,LR,0.9806862288464524
breast-cancer,2,16,GNB,0.912156497438286
breast-cancer,2,16,ABD-NB,0.9385343890700202
breast-cancer,2,16,LR,0.9806862288464524
breast-cancer,2,32,GNB,0.8857786058065518
breast-cancer,2,32,ABD-NB,0.935010091600683
breast-cancer,2,32,LR,0.9771619313771154
breast-cancer,3,0,GNB,0.9385188635305075
breast-cancer,3,0,ABD-NB,0.9473218444340941
breast-cancer,3,0,LR,0.9789163173420278
breast-cancer,3,1,GNB,0.934979040521658
breast-cancer,3,1,ABD-NB,0.9420276354603322
breast-cancer,3,1,LR,0.9789163173420278
breast-cancer,3,2,GNB,0.9384878124514827
breast-cancer,3,2,ABD-NB,0.9473063188945815
breast-cancer,3,2,LR,0.9789163173420278
breast-cancer,3,4,GNB,0.9419965843813072
breast-cancer,3,4,ABD-NB,0.9490762303990063
breast-cancer,3,4,LR,0.9789163173420278
breast-cancer,3,8,GNB,0.9402577239559073
breast-cancer,3,8,ABD-NB,0.9508306163639186
breast-cancer,3,8,LR,0.9789163173420278
breast-cancer,3,16,GNB,0.9367489520260829
breast-cancer,3,16,ABD-NB,0.9508306163639185
breast-cancer,3,16,LR,0.9789163173420278
breast-cancer,3,32,GNB,0.9279614966620091
breast-cancer,3,32,ABD-NB,0.9525850023288308
breast-cancer,3,32,LR,0.9789163173420278
breast-cancer,4,0,GNB,0.9385188635305075
breast-cancer,4,0,ABD-NB,0.9473218444340941
breast-cancer,4,0,LR,0.9789163173420278
breast-cancer,4,1,GNB,0.9420431609998448
breast-cancer,4,1,ABD-NB,0.9455674584691817
breast-cancer,4,1,LR,0.9789163173420278
breast-cancer,4,2,GNB,0.9437975469647568
breast-cancer,4,2,ABD-NB,0.9420276354603322
breast-cancer,4,2,LR,0.9789007918025151
breast-cancer,4,4,GNB,0.9455519329296692
breast-cancer,4,4,ABD-NB,0.9438130725042695
breast-cancer,4,4,LR,0.971883247942866
breast-cancer,4,8,GNB,0.9473063188945815
breast-cancer,4,8,ABD-NB,0.9402732494954199
breast-cancer,4,8,LR,0.9736376339077782
breast-cancer,4,16,GNB,0.9349479894426331
breast-cancer,4,16,ABD-NB,0.9367644775655954
breast-cancer,4,16,LR,0.9736376339077782
breast-cancer,4,32,GNB,0.9015680794907622
breast-cancer,4,32,ABD-NB,0.9367644775655954
breast-cancer,4,32,LR,0.9736376339077782
breast-cancer,5,0,GNB,0.9385188635305075
breast-cancer,5,0,ABD-NB,0.9473218444340941
breast-cancer,5,0,LR,0.9789163173420278
breast-cancer,5,1,GNB,0.9367644775655954
breast-cancer,5,1,ABD-NB,0.9473218444340941
breast-cancer,5,1,LR,0.9789163173420278
breast-cancer,5,2,GNB,0.9367644775655954
breast-cancer,5,2,ABD-NB,0.9473218444340941
breast-cancer,5,2,LR,0.9789163173420278
breast-cancer,5,4,GNB,0.9385188635305077
breast-cancer,5,4,ABD-NB,0.9455519329296692
breast-cancer,5,4,LR,0.9789163173420278
breast-cancer,5,8,GNB,0.9314857941313461
breast-cancer,5,8,ABD-NB,0.9455519329296692
breast-cancer,5,8,LR,0.9789163173420278
breast-cancer,5,16,GNB,0.92094395280236
breast-cancer,5,16,ABD-NB,0.9385343890700202
breast-cancer,5,16,LR,0.9789163173420278
breast-cancer,5,32,GNB,0.9068778140040366
breast-cancer,5,32,ABD-NB,0.9350256171401956
breast-cancer,5,32,LR,0.9789163173420278
breast-cancer,6,0,GNB,0.9385188635305075
breast-cancer,6,0,ABD-NB,0.9473218444340941
breast-cancer,6,0,LR,0.9789163173420278
breast-cancer,6,1,GNB,0.934979040521658
breast-cancer,6,1,ABD-NB,0.9437975469647568
breast-cancer,6,1,LR,0.9789163173420278
breast-cancer,6,2,GNB,0.9384878124514827
breast-cancer,6,2,ABD-NB,0.9473063188945815
breast-cancer,6,2,LR,0.9789163173420278
breast-cancer,6,4,GNB,0.9419965843813072
breast-cancer,6,4,ABD-NB,0.9490762303990063
breast-cancer,6,4,LR,0.9789163173420278
breast-cancer,6,8,GNB,0.9402577239559073
breast-cancer,6,8,ABD-NB,0.9508306163639186
breast-cancer,6,8,LR,0.9789163173420278
breast-cancer,6,16,GNB,0.9367489520260829
breast-cancer,6,16,ABD-NB,0.9508306163639185
breast-cancer,6,16,LR,0.9789163173420278
breast-cancer,6,32,GNB,0.9297158826269213
breast-cancer,6,32,ABD-NB,0.9525850023288308
breast-cancer,6,32,LR,0.9789163173420278
breast-cancer,7,0,GNB,0.9385188635305075
breast-cancer,7,0,ABD-NB,0.9473218444340941
breast-cancer,7,0,LR,0.9789163173420278
breast-cancer,7,1,GNB,0.9367800031051079
breast-cancer,7,1,ABD-NB,0.9455674584691817
breast-cancer,7,1,LR,0.9789163173420278
breast-cancer,7,2,GNB,0.935010091600683
breast-cancer,7,2,ABD-NB,0.9437975469647568
breast-cancer,7,2,LR,0.9771619313771154
breast-cancer,7,4,GNB,0.9297314081664337
breast-cancer,7,4,ABD-NB,0.9420276354603322
breast-cancer,7,4,LR,0.9771619313771154
breast-cancer,7,8,GNB,0.9279925477410339
breast-cancer,7,8,ABD-NB,0.9385033379909953
breast-cancer,7,8,LR,0.9789163173420278
breast-cancer,7,16,GNB,0.9227449153858096
breast-cancer,7,16,ABD-NB,0.9349945660611707
breast-cancer,7,16,LR,0.9789163173420278
breast-cancer,7,32,GNB,0.915711845986648
breast-cancer,7,32,ABD-NB,0.935010091600683
breast-cancer,7,32,LR,0.9789163173420278
breast-cancer,8,0,GNB,0.9385188635305075
breast-cancer,8,0,ABD-NB,0.9473218444340941
breast-cancer,8,0,LR,0.9789163173420278
breast-cancer,8,1,GNB,0.9350256171401956
breast-cancer,8,1,ABD-NB,0.9473218444340941
breast-cancer,8,1,LR,0.9789163173420278
breast-cancer,8,2,GNB,0.9332401800962584
breast-cancer,8,2,ABD-NB,0.9473218444340941
breast-cancer,8,2,LR,0.9771619313771154
breast-cancer,8,4,GNB,0.9297314081664337
breast-cancer,8,4,ABD-NB,0.943797546964757
breast-cancer,8,4,LR,0.9771619313771154
breast-cancer,8,8,GNB,0.9315013196708586
breast-cancer,8,8,ABD-NB,0.9402732494954199
breast-cancer,8,8,LR,0.9789163173420278
breast-cancer,8,16,GNB,0.9209750038813848
breast-cancer,8,16,ABD-NB,0.9385188635305075
breast-cancer,8,16,LR,0.9771619313771154
breast-cancer,8,32,GNB,0.9086787765874863
breast-cancer,8,32,ABD-NB,0.9420276354603322
breast-cancer,8,32,LR,0.9789163173420278
breast-cancer,9,0,GNB,0.9385188635305075
breast-cancer,9,0,ABD-NB,0.9473218444340941
breast-cancer,9,0,LR,0.9789163173420278
breast-cancer,9,1,GNB,0.934979040521658
breast-cancer,9,1,ABD-NB,0.9437975469647568
breast-cancer,9,1,LR,0.9789163173420278
breast-cancer,9,2,GNB,0.9384878124514827
breast-cancer,9,2,ABD-NB,0.9473063188945815
breast-cancer,9,2,LR,0.9789163173420278
breast-cancer,9,4,GNB,0.9419965843813072
breast-cancer,9,4,ABD-NB,0.9490762303990063
breast-cancer,9,4,LR,0.9789163173420278
breast-cancer,9,8,GNB,0.9402577239559073
breast-cancer,9,8,ABD-NB,0.9508306163639186
breast-cancer,9,8,LR,0.9789163173420278
breast-cancer,9,16,GNB,0.9367489520260829
breast-cancer,9,16,ABD-NB,0.9508306163639185
breast-cancer,9,16,LR,0.9789163173420278
breast-cancer,9,32,GNB,0.9297158826269213
breast-cancer,9,32,ABD-NB,0.9525850023288308
breast-cancer,9,32,LR,0.9789163173420278
credit-ger,0,0,GNB,0.736
credit-ger,0,0,ABD-NB,0.7390000000000001
credit-ger,0,0,LR,0.76
credit-ger,0,1,GNB,0.732
credit-ger,0,1,ABD-NB,0.736
credit-ger,0,1,LR,0.759
credit-ger,0,2,GNB,0.731
credit-ger,0,2,ABD-NB,0.7379999999999999
credit-ger,0,2,LR,0.76
credit-ger,0,4,GNB,0.733
credit-ger,0,4,ABD-NB,0.7379999999999999
credit-ger,0,4,LR,0.76
credit-ger,0,8,GNB,0.723
credit-ger,0,8,ABD-NB,0.7369999999999999
credit-ger,0,8,LR,0.763
credit-ger,0,16,GNB,0.709
credit-ger,0,16,ABD-NB,0.74
credit-ger,0,16,LR,0.7609999999999999
credit-ger,0,32,GNB,0.681
credit-ger,0,32,ABD-NB,0.744
credit-ger,0,32,LR,0.753
credit-ger,1,0,GNB,0.736
credit-ger,1,0,ABD-NB,0.7390000000000001
credit-ger,1,0,LR,0.76
credit-ger,1,1,GNB,0.7309999999999999
credit-ger,1,1,ABD-NB,0.732
credit-ger,1,1,LR,0.759
credit-ger,1,2,GNB,0.7289999999999999
credit-ger,1,2,ABD-NB,0.736
credit-ger,1,2,LR,0.76
credit-ger,1,4,GNB,0.7299999999999999
credit-ger,1,4,ABD-NB,0.732
credit-ger,1,4,LR,0.763
credit-ger,1,8,GNB,0.717
credit-ger,1,8,ABD-NB,0.733
credit-ger,1,8,LR,0.7589999999999999
credit-ger,1,16,GNB,0.6679999999999999
credit-ger,1,16,ABD-NB,0.732
credit-ger,1,16,LR,0.763
credit-ger,1,32,GNB,0.5860000000000001
credit-ger,1,32,ABD-NB,0.728
credit-ger,1,32,LR,0.764
credit-ger,2,0,GNB,0.736
credit-ger,2,0,ABD-NB,0.7390000000000001
credit-ger,2,0,LR,0.76
credit-ger,2,1,GNB,0.7390000000000001
credit-ger,2,1,ABD-NB,0.7369999999999999
credit-ger,2,1,LR,0.76
credit-ger,2,2,GNB,0.736
credit-ger,2,2,ABD-NB,0.7369999999999999
credit-ger,2,2,LR,0.761
credit-ger,2,4,GNB,0.7280000000000001
credit-ger,2,4,ABD-NB,0.734
credit-ger,2,4,LR,0.7590000000000001
credit-ger,2,8,GNB,0.694
credit-ger,2,8,ABD-NB,0.734
credit-ger,2,8,LR,0.7619999999999999
credit-ger,2,16,GNB,0.633
credit-ger,2,16,ABD-NB,0.738
credit-ger,2,16,LR,0.7630000000000001
credit-ger,2,32,GNB,0.58
credit-ger,2,32,ABD-NB,0.742
credit-ger,2,32,LR,0.756
credit-ger,3,0,GNB,0.736
credit-ger,3,0,ABD-NB,0.7390000000000001
credit-ger,3,0,LR,0.76
credit-ger,3,1,GNB,0.733
credit-ger,3,1,ABD-NB,0.742
credit-ger,3,1,LR,0.76
credit-ger,3,2,GNB,0.735
credit-ger,3,2,ABD-NB,0.742
credit-ger,3,2,LR,0.7619999999999999
credit-ger,3,4,GNB,0.727
credit-ger,3,4,ABD-NB,0.74
credit-ger,3,4,LR,0.758
credit-ger,3,8,GNB,0.723
credit-ger,3,8,ABD-NB,0.737
credit-ger,3,8,LR,0.757
credit-ger,3,16,GNB,0.7069999999999999
credit-ger,3,16,ABD-NB,0.74
credit-ger,3,16,LR,0.759
credit-ger,3,32,GNB,0.6940000000000001
credit-ger,3,32,ABD-NB,0.737
credit-ger,3,32,LR,0.758
credit-ger,4,0,GNB,0.736
credit-ger,4,0,ABD-NB,0.7390000000000001
credit-ger,4,0,LR,0.76
credit-ger,4,1,GNB,0.733
credit-ger,4,1,ABD-NB,0.743
credit-ger,4,1,LR,0.762
credit-ger,4,2,GNB,0.716
credit-ger,4,2,ABD-NB,0.7379999999999999
credit-ger,4,2,LR,0.763
credit-ger,4,4,GNB,0.7070000000000001
credit-ger,4,4,ABD-NB,0.737
credit-ger,4,4,LR,0.76
credit-ger,4,8,GNB,0.669
credit-ger,4,8,ABD-NB,0.7380000000000001
credit-ger,4,8,LR,0.759
credit-ger,4,16,GNB,0.654
credit-ger,4,16,ABD-NB,0.7350000000000001
credit-ger,4,16,LR,0.761
credit-ger,4,32,GNB,0.646
credit-ger,4,32,ABD-NB,0.736
credit-ger,4,32,LR,0.7590000000000001
credit-ger,5,0,GNB,0.736
credit-ger,5,0,ABD-NB,0.7390000000000001
credit-ger,5,0,LR,0.76
credit-ger,5,1,GNB,0.736
credit-ger,5,1,ABD-NB,0.741
credit-ger,5,1,LR,0.7609999999999999
credit-ger,5,2,GNB,0.733
credit-ger,5,2,ABD-NB,0.734
credit-ger,5,2,LR,0.76
credit-ger,5,4,GNB,0.7190000000000001
credit-ger,5,4,ABD-NB,0.736
credit-ger,5,4,LR,0.76
credit-ger,5,8,GNB,0.688
credit-ger,5,8,ABD-NB,0.733
credit-ger,5,8,LR,0.7609999999999999
credit-ger,5,16,GNB,0.602
credit-ger,5,16,ABD-NB,0.733
credit-ger,5,16,LR,0.761
credit-ger,5,32,GNB,0.54
credit-ger,5,32,ABD-NB,0.731
credit-ger,5,32,LR,0.7629999999999999
credit-ger,6,0,GNB,0.736
credit-ger,6,0,ABD-NB,0.7390000000000001
credit-ger,6,0,LR,0.76
credit-ger,6,1,GNB,0.733
credit-ger,6,1,ABD-NB,0.741
credit-ger,6,1,LR,0.76
credit-ger,6,2,GNB,0.732
credit-ger,6,2,ABD-NB,0.741
credit-ger,6,2,LR,0.7609999999999999
credit-ger,6,4,GNB,0.7289999999999999
credit-ger,6,4,ABD-NB,0.736
credit-ger,6,4,LR,0.762
credit-ger,6,8,GNB,0.712
credit-ger,6,8,ABD-NB,0.736
credit-ger,6,8,LR,0.7630000000000001
credit-ger,6,16,GNB,0.692
credit-ger,6,16,ABD-NB,0.736
credit-ger,6,16,LR,0.759
credit-ger,6,32,GNB,0.657
credit-ger,6,32,ABD-NB,0.734
credit-ger,6,32,LR,0.757
credit-ger,7,0,GNB,0.736
credit-ger,7,0,ABD-NB,0.7390000000000001
credit-ger,7,0,LR,0.76
credit-ger,7,1,GNB,0.736
credit-ger,7,1,ABD-NB,0.7380000000000001
credit-ger,7,1,LR,0.76
credit-ger,7,2,GNB,0.7380000000000001
credit-ger,7,2,ABD-NB,0.736
credit-ger,7,2,LR,0.761
credit-ger,7,4,GNB,0.7310000000000001
credit-ger,7,4,ABD-NB,0.74
credit-ger,7,4,LR,0.762
credit-ger,7,8,GNB,0.7209999999999999
credit-ger,7,8,ABD-NB,0.7379999999999999
credit-ger,7,8,LR,0.763
credit-ger,7,16,GNB,0.701
credit-ger,7,16,ABD-NB,0.741
credit-ger,7,16,LR,0.7540000000000001
credit-ger,7,32,GNB,0.67
credit-ger,7,32,ABD-NB,0.744
credit-ger,7,32,LR,0.7540000000000001
credit-ger,8,0,GNB,0.736
credit-ger,8,0,ABD-NB,0.7390000000000001
credit-ger,8,0,LR,0.76
credit-ger,8,1,GNB,0.7310000000000001
credit-ger,8,1,ABD-NB,0.739
credit-ger,8,1,LR,0.76
credit-ger,8,2,GNB,0.7269999999999999
credit-ger,8,2,ABD-NB,0.743
credit-ger,8,2,LR,0.759
credit-ger,8,4,GNB,0.713
credit-ger,8,4,ABD-NB,0.736
credit-ger,8,4,LR,0.76
credit-ger,8,8,GNB,0.6950000000000001
credit-ger,8,8,ABD-NB,0.729
credit-ger,8,8,LR,0.761
credit-ger,8,16,GNB,0.6809999999999999
credit-ger,8,16,ABD-NB,0.7430000000000001
credit-ger,8,16,LR,0.763
credit-ger,8,32,GNB,0.6759999999999999
credit-ger,8,32,ABD-NB,0.7390000000000001
credit-ger,8,32,LR,0.762
credit-ger,9,0,GNB,0.736
credit-ger,9,0,ABD-NB,0.7390000000000001
credit-ger,9,0,LR,0.76
credit-ger,9,1,GNB,0.733
credit-ger,9,1,ABD-NB,0.744
credit-ger,9,1,LR,0.76
credit-ger,9,2,GNB,0.735
credit-ger,9,2,ABD-NB,0.742
credit-ger,9,2,LR,0.7619999999999999
credit-ger,9,4,GNB,0.726
credit-ger,9,4,ABD-NB,0.7399999999999999
credit-ger,9,4,LR,0.7590000000000001
credit-ger,9,8,GNB,0.7219999999999999
credit-ger,9,8,ABD-NB,0.738
credit-ger,9,8,LR,0.762
credit-ger,9,16,GNB,0.7069999999999999
credit-ger,9,16,ABD-NB,0.74
credit-ger,9,16,LR,0.757
credit-ger,9,32,GNB,0.694
credit-ger,9,32,ABD-NB,0.7380000000000001
credit-ger,9,32,LR,0.755
vehicle,0,0,GNB,0.45859380438565955
vehicle,0,0,ABD-NB,0.5070588235294118
vehicle,0,0,LR,0.787274625826662
vehicle,0,1,GNB,0.45979115906717716
vehicle,0,1,ABD-NB,0.4940480334145493
vehicle,0,1,LR,0.7872815871910894
vehicle,0,2,GNB,0.46215802297250264
vehicle,0,2,ABD-NB,0.49761225200139225
vehicle,0,2,LR,0.7860981552384267
vehicle,0,4,GNB,0.4728089105464671
vehicle,0,4,ABD-NB,0.49996519317786287
vehicle,0,4,LR,0.7849216846501914
vehicle,0,8,GNB,0.483418029933867
vehicle,0,8,ABD-NB,0.4964218586843021
vehicle,0,8,LR,0.7884580577793248
vehicle,0,16,GNB,0.4373546815175774
vehicle,0,16,ABD-NB,0.5023181343543335
vehicle,0,16,LR,0.7849077619213365
vehicle,0,32,GNB,0.38182387747998603
vehicle,0,32,ABD-NB,0.502311172989906
vehicle,0,32,LR,0.7861051166028542
vehicle,1,0,GNB,0.45859380438565955
vehicle,1,0,ABD-NB,0.5070588235294118
vehicle,1,0,LR,0.787274625826662
vehicle,1,1,GNB,0.4656874347372085
vehicle,1,1,ABD-NB,0.515328924469196
vehicle,1,1,LR,0.784914723285764
vehicle,1,2,GNB,0.47748694744169856
vehicle,1,2,ABD-NB,0.5271632439958231
vehicle,1,2,LR,0.7860981552384267
vehicle,1,4,GNB,0.4845318482422555
vehicle,1,4,ABD-NB,0.5106021580229725
vehicle,1,4,LR,0.7908249216846502
vehicle,1,8,GNB,0.4562060563870519
vehicle,1,8,ABD-NB,0.4904977375565611
vehicle,1,8,LR,0.7825617821092934
vehicle,1,16,GNB,0.38528367560041765
vehicle,1,16,ABD-NB,0.4739436129481378
vehicle,1,16,LR,0.7967490428123912
vehicle,1,32,GNB,0.3580925861468848
vehicle,1,32,ABD-NB,0.4574382178907065
vehicle,1,32,LR,0.7837452140619561
vehicle,2,0,GNB,0.45859380438565955
vehicle,2,0,ABD-NB,0.5070588235294118
vehicle,2,0,LR,0.787274625826662
vehicle,2,1,GNB,0.44797772363383226
vehicle,2,1,ABD-NB,0.5165262791507136
vehicle,2,1,LR,0.7920083536373129
vehicle,2,2,GNB,0.451521058127393
vehicle,2,2,ABD-NB,0.5129759832927254
vehicle,2,2,LR,0.7860911938739993
vehicle,2,4,GNB,0.43615732683605984
vehicle,2,4,ABD-NB,0.5082492168465019
vehicle,2,4,LR,0.7920083536373129
vehicle,2,8,GNB,0.42790810998955797
vehicle,2,8,ABD-NB,0.5141524538809608
vehicle,2,8,LR,0.7872815871910894
vehicle,2,16,GNB,0.4089523146536721
vehicle,2,16,ABD-NB,0.5082422554820745
vehicle,2,16,LR,0.7955725722241559
vehicle,2,32,GNB,0.3924051514096763
vehicle,2,32,ABD-NB,0.4976052906369649
vehicle,2,32,LR,0.7872815871910894
vehicle,3,0,GNB,0.45859380438565955
vehicle,3,0,ABD-NB,0.5070588235294118
vehicle,3,0,LR,0.787274625826662
vehicle,3,1,GNB,0.4550643926209538
vehicle,3,1,ABD-NB,0.505875391576749
vehicle,3,1,LR,0.7908318830490776
vehicle,3,2,GNB,0.45269056735120083
vehicle,3,2,ABD-NB,0.5106091193873998
vehicle,3,2,LR,0.7860981552384267
vehicle,3,4,GNB,0.4420396797772363
vehicle,3,4,ABD-NB,0.512955099199443
vehicle,3,4,LR,0.7825478593804386
vehicle,3,8,GNB,0.4278593804385659
vehicle,3,8,ABD-NB,0.5318969718064741
vehicle,3,8,LR,0.7884510964148973
vehicle,3,16,GNB,0.40775495997215455
vehicle,3,16,ABD-NB,0.5141454925165332
vehicle,3,16,LR,0.7790114862513052
vehicle,3,32,GNB,0.39596240863209187
vehicle,3,32,ABD-NB,0.5070588235294118
vehicle,3,32,LR,0.7872815871910894
vehicle,4,0,GNB,0.45859380438565955
vehicle,4,0,ABD-NB,0.5070588235294118
vehicle,4,0,LR,0.787274625826662
vehicle,4,1,GNB,0.453880960668291
vehicle,4,1,ABD-NB,0.5094048033414549
vehicle,4,1,LR,0.7849216846501915
vehicle,4,2,GNB,0.44797772363383215
vehicle,4,2,ABD-NB,0.5105951966585451
vehicle,4,2,LR,0.7825548207448659
vehicle,4,4,GNB,0.43615036547163244
vehicle,4,4,ABD-NB,0.5047058823529411
vehicle,4,4,LR,0.7860981552384267
vehicle,4,8,GNB,0.44325095718760876
vehicle,4,8,ABD-NB,0.504733727810651
vehicle,4,8,LR,0.7860981552384267
vehicle,4,16,GNB,0.42789418726070305
vehicle,4,16,ABD-NB,0.5118343195266272
vehicle,4,16,LR,0.7884510964148973
vehicle,4,32,GNB,0.40307692307692305
vehicle,4,32,ABD-NB,0.507093630351549
vehicle,4,32,LR,0.784914723285764
vehicle,5,0,GNB,0.45859380438565955
vehicle,5,0,ABD-NB,0.5070588235294118
vehicle,5,0,LR,0.787274625826662
vehicle,5,1,GNB,0.46213713887922026
vehicle,5,1,ABD-NB,0.5165262791507136
vehicle,5,1,LR,0.7884650191437521
vehicle,5,2,GNB,0.4786703793943613
vehicle,5,2,ABD-NB,0.515328924469196
vehicle,5,2,LR,0.7872815871910894
vehicle,5,4,GNB,0.4786216498433693
vehicle,5,4,ABD-NB,0.49284371736860433
vehicle,5,4,LR,0.7908249216846501
vehicle,5,8,GNB,0.4550226244343891
vehicle,5,8,ABD-NB,0.4964148973198747
vehicle,5,8,LR,0.7884580577793248
vehicle,5,16,GNB,0.39476505395057426
vehicle,5,16,ABD-NB,0.4739505743125652
vehicle,5,16,LR,0.7908388444135049
vehicle,5,32,GNB,0.35455621301775153
vehicle,5,32,ABD-NB,0.46215106160807523
vehicle,5,32,LR,0.7849216846501915
vehicle,6,0,GNB,0.45859380438565955
vehicle,6,0,ABD-NB,0.5070588235294118
vehicle,6,0,LR,0.787274625826662
vehicle,6,1,GNB,0.453880960668291
vehicle,6,1,ABD-NB,0.5070588235294118
vehicle,6,1,LR,0.7908249216846501
vehicle,6,2,GNB,0.4550504698920988
vehicle,6,2,ABD-NB,0.5035085276714236
vehicle,6,2,LR,0.7896414897319876
vehicle,6,4,GNB,0.4408562478245736
vehicle,6,4,ABD-NB,0.5271562826313958
vehicle,6,4,LR,0.7896345283675601
vehicle,6,8,GNB,0.42667594848590323
vehicle,6,8,ABD-NB,0.5307205012182388
vehicle,6,8,LR,0.7920013922728855
vehicle,6,16,GNB,0.4030351548903585
vehicle,6,16,ABD-NB,0.5070449008005569
vehicle,6,16,LR,0.778990602158023
vehicle,6,32,GNB,0.3947720153150017
vehicle,6,32,ABD-NB,0.5046989209885138
vehicle,6,32,LR,0.7778280542986425
vehicle,7,0,GNB,0.45859380438565955
vehicle,7,0,ABD-NB,0.5070588235294118
vehicle,7,0,LR,0.787274625826662
vehicle,7,1,GNB,0.4503376261747302
vehicle,7,1,ABD-NB,0.5011555864949531
vehicle,7,1,LR,0.7908318830490776
vehicle,7,2,GNB,0.4479638009049774
vehicle,7,2,ABD-NB,0.4964218586843021
vehicle,7,2,LR,0.7825617821092934
vehicle,7,4,GNB,0.43139575356769927
vehicle,7,4,ABD-NB,0.5011625478593805
vehicle,7,4,LR,0.7837312913331013
vehicle,7,8,GNB,0.41718064740689176
vehicle,7,8,ABD-NB,0.507093630351549
vehicle,7,8,LR,0.7872815871910894
vehicle,7,16,GNB,0.3935607379046293
vehicle,7,16,ABD-NB,0.5105882352941177
vehicle,7,16,LR,0.7872815871910894
vehicle,7,32,GNB,0.35218238774799865
vehicle,7,32,ABD-NB,0.4869404803341455
vehicle,7,32,LR,0.7884650191437521
vehicle,8,0,GNB,0.45859380438565955
vehicle,8,0,ABD-NB,0.5070588235294118
vehicle,8,0,LR,0.787274625826662
vehicle,8,1,GNB,0.47516881308736514
vehicle,8,1,ABD-NB,0.5200696136442743
vehicle,8,1,LR,0.7908249216846501
vehicle,8,2,GNB,0.47756352245040024
vehicle,8,2,ABD-NB,0.5224504002784546
vehicle,8,2,LR,0.7872815871910894
vehicle,8,4,GNB,0.4799234249912983
vehicle,8,4,ABD-NB,0.5248103028193526
vehicle,8,4,LR,0.7920013922728855
vehicle,8,8,GNB,0.46812391228680816
vehicle,8,8,ABD-NB,0.5153846153846154
vehicle,8,8,LR,0.7872815871910894
vehicle,8,16,GNB,0.44098155238426734
vehicle,8,16,ABD-NB,0.5118482422554821
vehicle,8,16,LR,0.7860981552384267
vehicle,8,32,GNB,0.4267873303167421
vehicle,8,32,ABD-NB,0.5059380438565959
vehicle,8,32,LR,0.7872746258266621
vehicle,9,0,GNB,0.45859380438565955
vehicle,9,0,ABD-NB,0.5070588235294118
vehicle,9,0,LR,0.787274625826662
vehicle,9,1,GNB,0.453880960668291
vehicle,9,1,ABD-NB,0.5070588235294118
vehicle,9,1,LR,0.7884580577793248
vehicle,9,2,GNB,0.45269056735120083
vehicle,9,2,ABD-NB,0.5035085276714236
vehicle,9,2,LR,0.7896414897319873
vehicle,9,4,GNB,0.4455899756352245
vehicle,9,4,ABD-NB,0.5153219631047685
vehicle,9,4,LR,0.7884650191437521
vehicle,9,8,GNB,0.42667594848590323
vehicle,9,8,ABD-NB,0.5307135398538113
vehicle,9,8,LR,0.7943821789070659
vehicle,9,16,GNB,0.40538809606682913
vehicle,9,16,ABD-NB,0.5094187260703098
vehicle,9,16,LR,0.7872815871910894
vehicle,9,32,GNB,0.39358858336233904
vehicle,9,32,ABD-NB,0.5058823529411764
vehicle,9,32,LR,0.7813574660633483
spambase,0,0,GNB,0.8234999999999999
spambase,0,0,ABD-NB,0.82
spambase,0,0,LR,0.9262499999999999
spambase,0,1,GNB,0.82225
spambase,0,1,ABD-NB,0.817
spambase,0,1,LR,0.9265000000000001
spambase,0,2,GNB,0.8195
spambase,0,2,ABD-NB,0.81275
spambase,0,2,LR,0.9279999999999999
spambase,0,4,GNB,0.8147499999999999
spambase,0,4,ABD-NB,0.80625
spambase,0,4,LR,0.92775
spambase,0,8,GNB,0.80625
spambase,0,8,ABD-NB,0.7975000000000001
spambase,0,8,LR,0.9255000000000001
spambase,0,16,GNB,0.7927500000000001
spambase,0,16,ABD-NB,0.7834999999999999
spambase,0,16,LR,0.9254999999999999
spambase,0,32,GNB,0.7715000000000001
spambase,0,32,ABD-NB,0.7775
spambase,0,32,LR,0.9257500000000001
spambase,1,0,GNB,0.8234999999999999
spambase,1,0,ABD-NB,0.82
spambase,1,0,LR,0.9262499999999999
spambase,1,1,GNB,0.8252499999999999
spambase,1,1,ABD-NB,0.8200000000000001
spambase,1,1,LR,0.9259999999999999
spambase,1,2,GNB,0.8252499999999999
spambase,1,2,ABD-NB,0.82025
spambase,1,2,LR,0.92675
spambase,1,4,GNB,0.8265
spambase,1,4,ABD-NB,0.82025
spambase,1,4,LR,0.9265000000000001
spambase,1,8,GNB,0.828
spambase,1,8,ABD-NB,0.82125
spambase,1,8,LR,0.9269999999999999
spambase,1,16,GNB,0.8315000000000001
spambase,1,16,ABD-NB,0.82225
spambase,1,16,LR,0.92675
spambase,1,32,GNB,0.8452500000000001
spambase,1,32,ABD-NB,0.8452500000000001
spambase,1,32,LR,0.9265000000000001
spambase,2,0,GNB,0.8234999999999999
spambase,2,0,ABD-NB,0.82
spambase,2,0,LR,0.9262499999999999
spambase,2,1,GNB,0.8247500000000001
spambase,2,1,ABD-NB,0.8225000000000001
spambase,2,1,LR,0.9259999999999999
spambase,2,2,GNB,0.82325
spambase,2,2,ABD-NB,0.8234999999999999
spambase,2,2,LR,0.92675
spambase,2,4,GNB,0.8212499999999998
spambase,2,4,ABD-NB,0.82075
spambase,2,4,LR,0.9272500000000001
spambase,2,8,GNB,0.8162499999999999
spambase,2,8,ABD-NB,0.8205
spambase,2,8,LR,0.9269999999999999
spambase,2,16,GNB,0.80725
spambase,2,16,ABD-NB,0.8175000000000001
spambase,2,16,LR,0.92775
spambase,2,32,GNB,0.7942500000000001
spambase,2,32,ABD-NB,0.8157500000000001
spambase,2,32,LR,0.9262499999999999
spambase,3,0,GNB,0.8234999999999999
spambase,3,0,ABD-NB,0.82
spambase,3,0,LR,0.9262499999999999
spambase,3,1,GNB,0.8215
spambase,3,1,ABD-NB,0.8160000000000001
spambase,3,1,LR,0.9259999999999999
spambase,3,2,GNB,0.8172499999999999
spambase,3,2,ABD-NB,0.8119999999999999
spambase,3,2,LR,0.9262499999999999
spambase,3,4,GNB,0.8119999999999999
spambase,3,4,ABD-NB,0.80325
spambase,3,4,LR,0.9254999999999999
spambase,3,8,GNB,0.8015000000000001
spambase,3,8,ABD-NB,0.79225
spambase,3,8,LR,0.9252499999999999
spambase,3,16,GNB,0.783
spambase,3,16,ABD-NB,0.77575
spambase,3,16,LR,0.925
spambase,3,32,GNB,0.7597499999999999
spambase,3,32,ABD-NB,0.7522500000000001
spambase,3,32,LR,0.9262499999999999
spambase,4,0,GNB,0.8234999999999999
spambase,4,0,ABD-NB,0.82
spambase,4,0,LR,0.9262499999999999
spambase,4,1,GNB,0.82175
spambase,4,1,ABD-NB,0.8135000000000001
spambase,4,1,LR,0.9262499999999999
spambase,4,2,GNB,0.8172499999999999
spambase,4,2,ABD-NB,0.81175
spambase,4,2,LR,0.9265000000000001
spambase,4,4,GNB,0.81175
spambase,4,4,ABD-NB,0.80475
spambase,4,4,LR,0.9272499999999999
spambase,4,8,GNB,0.8025
spambase,4,8,ABD-NB,0.78975
spambase,4,8,LR,0.9259999999999999
spambase,4,16,GNB,0.783
spambase,4,16,ABD-NB,0.7747499999999999
spambase,4,16,LR,0.925
spambase,4,32,GNB,0.7575000000000001
spambase,4,32,ABD-NB,0.74875
spambase,4,32,LR,0.9252499999999999
spambase,5,0,GNB,0.8234999999999999
spambase,5,0,ABD-NB,0.82
spambase,5,0,LR,0.9262499999999999
spambase,5,1,GNB,0.8247500000000001
spambase,5,1,ABD-NB,0.82025
spambase,5,1,LR,0.92675
spambase,5,2,GNB,0.8247500000000001
spambase,5,2,ABD-NB,0.82025
spambase,5,2,LR,0.9262499999999999
spambase,5,4,GNB,0.8265
spambase,5,4,ABD-NB,0.82175
spambase,5,4,LR,0.92675
spambase,5,8,GNB,0.82825
spambase,5,8,ABD-NB,0.82175
spambase,5,8,LR,0.92675
spambase,5,16,GNB,0.83575
spambase,5,16,ABD-NB,0.8307499999999999
spambase,5,16,LR,0.9254999999999999
spambase,5,32,GNB,0.8720000000000001
spambase,5,32,ABD-NB,0.8720000000000001
spambase,5,32,LR,0.9254999999999999
spambase,6,0,GNB,0.8234999999999999
spambase,6,0,ABD-NB,0.82
spambase,6,0,LR,0.9262499999999999
spambase,6,1,GNB,0.8217500000000001
spambase,6,1,ABD-NB,0.8164999999999999
spambase,6,1,LR,0.9255000000000001
spambase,6,2,GNB,0.8175000000000001
spambase,6,2,ABD-NB,0.8125
spambase,6,2,LR,0.9255000000000001
spambase,6,4,GNB,0.8122499999999999
spambase,6,4,ABD-NB,0.8035
spambase,6,4,LR,0.92675
spambase,6,8,GNB,0.8019999999999999
spambase,6,8,ABD-NB,0.794
spambase,6,8,LR,0.9259999999999999
spambase,6,16,GNB,0.7834999999999999
spambase,6,16,ABD-NB,0.7757499999999999
spambase,6,16,LR,0.9255000000000001
spambase,6,32,GNB,0.75875
spambase,6,32,ABD-NB,0.75275
spambase,6,32,LR,0.9272500000000001
spambase,7,0,GNB,0.8234999999999999
spambase,7,0,ABD-NB,0.82
spambase,7,0,LR,0.9262499999999999
spambase,7,1,GNB,0.8262499999999999
spambase,7,1,ABD-NB,0.8215
spambase,7,1,LR,0.9270000000000002
spambase,7,2,GNB,0.8275
spambase,7,2,ABD-NB,0.8237500000000001
spambase,7,2,LR,0.9257500000000001
spambase,7,4,GNB,0.82975
spambase,7,4,ABD-NB,0.825
spambase,7,4,LR,0.9272499999999999
spambase,7,8,GNB,0.8370000000000001
spambase,7,8,ABD-NB,0.8300000000000001
spambase,7,8,LR,0.9265000000000001
spambase,7,16,GNB,0.8865000000000001
spambase,7,16,ABD-NB,0.8865000000000001
spambase,7,16,LR,0.9255000000000001
spambase,7,32,GNB,0.8545
spambase,7,32,ABD-NB,0.89825
spambase,7,32,LR,0.9265000000000001
spambase,8,0,GNB,0.8234999999999999
spambase,8,0,ABD-NB,0.82
spambase,8,0,LR,0.9262499999999999
spambase,8,1,GNB,0.8234999999999999
spambase,8,1,ABD-NB,0.82
spambase,8,1,LR,0.9269999999999999
spambase,8,2,GNB,0.8239999999999998
spambase,8,2,ABD-NB,0.81975
spambase,8,2,LR,0.9257500000000001
spambase,8,4,GNB,0.8245000000000001
spambase,8,4,ABD-NB,0.8195
spambase,8,4,LR,0.92675
spambase,8,8,GNB,0.8247500000000001
spambase,8,8,ABD-NB,0.8185
spambase,8,8,LR,0.9269999999999999
spambase,8,16,GNB,0.8245000000000001
spambase,8,16,ABD-NB,0.8175000000000001
spambase,8,16,LR,0.9265000000000001
spambase,8,32,GNB,0.8254999999999999
spambase,8,32,ABD-NB,0.8162499999999999
spambase,8,32,LR,0.9280000000000002
spambase,9,0,GNB,0.8234999999999999
spambase,9,0,ABD-NB,0.82
spambase,9,0,LR,0.9262499999999999
spambase,9,1,GNB,0.8215
spambase,9,1,ABD-NB,0.8157499999999999
spambase,9,1,LR,0.9264999999999999
spambase,9,2,GNB,0.8175000000000001
spambase,9,2,ABD-NB,0.8127500000000001
spambase,9,2,LR,0.9262500000000001
spambase,9,4,GNB,0.81175
spambase,9,4,ABD-NB,0.80325
spambase,9,4,LR,0.9259999999999999
spambase,9,8,GNB,0.80175
spambase,9,8,ABD-NB,0.7935000000000001
spambase,9,8,LR,0.9255000000000001
spambase,9,16,GNB,0.783
spambase,9,16,ABD-NB,0.77475
spambase,9,16,LR,0.9262499999999999
spambase,9,32,GNB,0.7585
spambase,9,32,ABD-NB,0.7522500000000001
spambase,9,32,LR,0.92825
yeast,0,0,GNB,0.15346541456710946
yeast,0,0,ABD-NB,0.1473728813559322
yeast,0,0,LR,0.5889372423270729
yeast,0,1,GNB,0.15413421896472743
yeast,0,1,ABD-NB,0.15075584058634905
yeast,0,1,LR,0.5875836005497023
yeast,0,2,GNB,0.15548327989005956
yeast,0,2,ABD-NB,0.15480989464040312
yeast,0,2,LR,0.5882569857993586
yeast,0,4,GNB,0.15683921209344936
yeast,0,4,ABD-NB,0.15616124599175446
yeast,0,4,LR,0.5842052221713239
yeast,0,8,GNB,0.1602244617498855
yeast,0,8,ABD-NB,0.15818827301878152
yeast,0,8,LR,0.5862368300503894
yeast,0,16,GNB,0.17644754924415942
yeast,0,16,ABD-NB,0.16561841502519467
yeast,0,16,LR,0.5842143838754008
yeast,0,32,GNB,0.16561841502519464
yeast,0,32,ABD-NB,0.16832569857993585
yeast,0,32,LR,0.5855474118185983
yeast,1,0,GNB,0.15346541456710946
yeast,1,0,ABD-NB,0.1473728813559322
yeast,1,0,LR,0.5889372423270729
yeast,1,1,GNB,0.1635982592762254
yeast,1,1,ABD-NB,0.16224919835089327
yeast,1,1,LR,0.5882592762253779
yeast,1,2,GNB,0.17036188731103985
yeast,1,2,ABD-NB,0.16900824553366928
yeast,1,2,LR,0.5882592762253779
yeast,1,4,GNB,0.19537333944113605
yeast,1,4,ABD-NB,0.18658955565735227
yeast,1,4,LR,0.5835249656436098
yeast,1,8,GNB,0.2954924415941365
yeast,1,8,ABD-NB,0.2975194686211635
yeast,1,8,LR,0.584885478699038
yeast,1,16,GNB,0.3509115895556573
yeast,1,16,ABD-NB,0.3509115895556573
yeast,1,16,LR,0.5781149793861659
yeast,1,32,GNB,0.3373934951901053
yeast,1,32,ABD-NB,0.33807146129180027
yeast,1,32,LR,0.5747343105817682
yeast,2,0,GNB,0.15346541456710946
yeast,2,0,ABD-NB,0.1473728813559322
yeast,2,0,LR,0.5889372423270729
yeast,2,1,GNB,0.17374942739349516
yeast,2,1,ABD-NB,0.15753321117727895
yeast,2,1,LR,0.5875836005497023
yeast,2,2,GNB,0.17849289967934034
yeast,2,2,ABD-NB,0.1798442510306917
yeast,2,2,LR,0.5909642693541
yeast,2,4,GNB,0.18998625744388456
yeast,2,4,ABD-NB,0.1805267979844251
yeast,2,4,LR,0.5869102153000458
yeast,2,8,GNB,0.18728813559322033
yeast,2,8,ABD-NB,0.18457398076042145
yeast,2,8,LR,0.5794686211635363
yeast,2,16,GNB,0.1812093449381585
yeast,2,16,ABD-NB,0.19066193311956026
yeast,2,16,LR,0.5882592762253779
yeast,2,32,GNB,0.17985570316078792
yeast,2,32,ABD-NB,0.1906665139715987
yeast,2,32,LR,0.5814887769125058
yeast,3,0,GNB,0.15346541456710946
yeast,3,0,ABD-NB,0.1473728813559322
yeast,3,0,LR,0.5889372423270729
yeast,3,1,GNB,0.141969766376546
yeast,3,1,ABD-NB,0.13723774622079707
yeast,3,1,LR,0.5855519926706367
yeast,3,2,GNB,0.1311497938616583
yeast,3,2,ABD-NB,0.1270957398076042
yeast,3,2,LR,0.5869056344480074
yeast,3,4,GNB,0.12100778744846544
yeast,3,4,ABD-NB,0.11559551076500227
yeast,3,4,LR,0.5848763169949611
yeast,3,8,GNB,0.10816078790655063
yeast,3,8,ABD-NB,0.10681401740723775
yeast,3,8,LR,0.5882615666513972
yeast,3,16,GNB,0.10342876775080165
yeast,3,16,ABD-NB,0.09801878149335777
yeast,3,16,LR,0.5821759047182775
yeast,3,32,GNB,0.10072606504809896
yeast,3,32,ABD-NB,0.10072377462207971
yeast,3,32,LR,0.5869079248740265
yeast,4,0,GNB,0.15346541456710946
yeast,4,0,ABD-NB,0.1473728813559322
yeast,4,0,LR,0.5889372423270729
yeast,4,1,GNB,0.1433165368758589
yeast,4,1,ABD-NB,0.1372285845167201
yeast,4,1,LR,0.5896106275767292
yeast,4,2,GNB,0.1304741181859826
yeast,4,2,ABD-NB,0.12708886852954648
yeast,4,2,LR,0.5896106275767292
yeast,4,4,GNB,0.13114750343563902
yeast,4,4,ABD-NB,0.12573980760421438
yeast,4,4,LR,0.5882546953733394
yeast,4,8,GNB,0.1325057260650481
yeast,4,8,ABD-NB,0.12777370590929912
yeast,4,8,LR,0.583527256069629
yeast,4,16,GNB,0.13386394869445717
yeast,4,16,ABD-NB,0.13386394869445717
yeast,4,16,LR,0.5855588639486944
yeast,4,32,GNB,0.14331882730187814
yeast,4,32,ABD-NB,0.13790655061841503
yeast,4,32,LR,0.5808268437929455
yeast,5,0,GNB,0.15346541456710946
yeast,5,0,ABD-NB,0.1473728813559322
yeast,5,0,LR,0.5889372423270729
yeast,5,1,GNB,0.1642762253779203
yeast,5,1,ABD-NB,0.1636005497022446
yeast,5,1,LR,0.5882592762253779
yeast,5,2,GNB,0.17036188731103985
yeast,5,2,ABD-NB,0.16833256985799358
yeast,5,2,LR,0.5848808978469996
yeast,5,4,GNB,0.1987540082455337
yeast,5,4,ABD-NB,0.1906481905634448
yeast,5,4,LR,0.5896197892808063
yeast,5,8,GNB,0.2988731103985341
yeast,5,8,ABD-NB,0.29954878607420976
yeast,5,8,LR,0.5828515803939534
yeast,5,16,GNB,0.3468552450755841
yeast,5,16,ABD-NB,0.3468552450755841
yeast,5,16,LR,0.5794663307375172
yeast,5,32,GNB,0.33807146129180027
yeast,5,32,ABD-NB,0.33807146129180027
yeast,5,32,LR,0.5869010535959689
yeast,6,0,GNB,0.15346541456710946
yeast,6,0,ABD-NB,0.1473728813559322
yeast,6,0,LR,0.5889372423270729
yeast,6,1,GNB,0.13587952359138802
yeast,6,1,ABD-NB,0.1318231791113147
yeast,6,1,LR,0.5889372423270729
yeast,6,2,GNB,0.12979615208428769
yeast,6,2,ABD-NB,0.12168117269812187
yeast,6,2,LR,0.5855565735226752
yeast,6,4,GNB,0.11763398992212551
yeast,6,4,ABD-NB,0.11560467246907927
yeast,6,4,LR,0.5828515803939534
yeast,6,8,GNB,0.10884333486028401
yeast,6,8,ABD-NB,0.10005267979844253
yeast,6,8,LR,0.5862345396243701
yeast,6,16,GNB,0.10342876775080165
yeast,6,16,ABD-NB,0.10140403114979388
yeast,6,16,LR,0.582858451672011
yeast,6,32,GNB,0.10951213925790197
yeast,6,32,ABD-NB,0.10477553825011451
yeast,6,32,LR,0.5835318369216675
yeast,7,0,GNB,0.15346541456710946
yeast,7,0,ABD-NB,0.1473728813559322
yeast,7,0,LR,0.5889372423270729
yeast,7,1,GNB,0.157524049473202
yeast,7,1,ABD-NB,0.1568483737975263
yeast,7,1,LR,0.588939532753092
yeast,7,2,GNB,0.1581997251488777
yeast,7,2,ABD-NB,0.15887540082455337
yeast,7,2,LR,0.5902908841044434
yeast,7,4,GNB,0.1696999541914796
yeast,7,4,ABD-NB,0.16495877233165368
yeast,7,4,LR,0.5835249656436097
yeast,7,8,GNB,0.2562666055886395
yeast,7,8,ABD-NB,0.2569422812643151
yeast,7,8,LR,0.5821759047182775
yeast,7,16,GNB,0.3036074209803023
yeast,7,16,ABD-NB,0.3036074209803023
yeast,7,16,LR,0.587581310123683
yeast,7,32,GNB,0.2846953733394411
yeast,7,32,ABD-NB,0.2853710490151168
yeast,7,32,LR,0.5916491067338525
yeast,8,0,GNB,0.15346541456710946
yeast,8,0,ABD-NB,0.1473728813559322
yeast,8,0,LR,0.5889372423270729
yeast,8,1,GNB,0.157524049473202
yeast,8,1,ABD-NB,0.15819972514887767
yeast,8,1,LR,0.5882615666513972
yeast,8,2,GNB,0.1568460833715071
yeast,8,2,ABD-NB,0.15955107650022904
yeast,8,2,LR,0.58759047182776
yeast,8,4,GNB,0.17037333944113603
yeast,8,4,ABD-NB,0.16698579935868071
yeast,8,4,LR,0.5896129180027485
yeast,8,8,GNB,0.2596495648190563
yeast,8,8,ABD-NB,0.2610009161704077
yeast,8,8,LR,0.5869125057260651
yeast,8,16,GNB,0.29819285387081995
yeast,8,16,ABD-NB,0.29954420522217134
yeast,8,16,LR,0.5855588639486944
yeast,8,32,GNB,0.2860467246907925
yeast,8,32,ABD-NB,0.2867224003664682
yeast,8,32,LR,0.5754168575355016
yeast,9,0,GNB,0.15346541456710946
yeast,9,0,ABD-NB,0.1473728813559322
yeast,9,0,LR,0.5889372423270729
yeast,9,1,GNB,0.13993357764544206
yeast,9,1,ABD-NB,0.13452817224003666
yeast,9,1,LR,0.5882661475034356
yeast,9,2,GNB,0.13250114521300965
yeast,9,2,ABD-NB,0.12709344938158498
yeast,9,2,LR,0.5869102153000458
yeast,9,4,GNB,0.11965185524507557
yeast,9,4,ABD-NB,0.11627118644067798
yeast,9,4,LR,0.5862322491983509
yeast,9,8,GNB,0.11492212551534586
yeast,9,8,ABD-NB,0.1081653687585891
yeast,9,8,LR,0.5902908841044434
yeast,9,16,GNB,0.1061337608795236
yeast,9,16,ABD-NB,0.10207970682546955
yeast,9,16,LR,0.5889349519010535
yeast,9,32,GNB,0.10005497022446175
yeast,9,32,ABD-NB,0.09397159871736142
yeast,9,32,LR,0.5841937700412276
segmentation,0,0,GNB,0.7948051948051947
segmentation,0,0,ABD-NB,0.7926406926406926
segmentation,0,0,LR,0.9329004329004329
segmentation,0,1,GNB,0.7922077922077922
segmentation,0,1,ABD-NB,0.7913419913419913
segmentation,0,1,LR,0.9333333333333333
segmentation,0,2,GNB,0.7874458874458874
segmentation,0,2,ABD-NB,0.7870129870129869
segmentation,0,2,LR,0.9346320346320347
segmentation,0,4,GNB,0.7874458874458875
segmentation,0,4,ABD-NB,0.7861471861471861
segmentation,0,4,LR,0.9346320346320347
segmentation,0,8,GNB,0.7800865800865802
segmentation,0,8,ABD-NB,0.7800865800865802
segmentation,0,8,LR,0.9324675324675324
segmentation,0,16,GNB,0.7645021645021645
segmentation,0,16,ABD-NB,0.7627705627705629
segmentation,0,16,LR,0.9363636363636363
segmentation,0,32,GNB,0.7329004329004329
segmentation,0,32,ABD-NB,0.748051948051948
segmentation,0,32,LR,0.9341991341991343
segmentation,1,0,GNB,0.7948051948051947
segmentation,1,0,ABD-NB,0.7926406926406926
segmentation,1,0,LR,0.9329004329004329
segmentation,1,1,GNB,0.793073593073593
segmentation,1,1,ABD-NB,0.7848484848484848
segmentation,1,1,LR,0.9324675324675326
segmentation,1,2,GNB,0.7831168831168831
segmentation,1,2,ABD-NB,0.7792207792207793
segmentation,1,2,LR,0.9324675324675324
segmentation,1,4,GNB,0.7640692640692641
segmentation,1,4,ABD-NB,0.7640692640692641
segmentation,1,4,LR,0.9346320346320345
segmentation,1,8,GNB,0.7233766233766235
segmentation,1,8,ABD-NB,0.7233766233766235
segmentation,1,8,LR,0.9324675324675326
segmentation,1,16,GNB,0.6614718614718614
segmentation,1,16,ABD-NB,0.6614718614718614
segmentation,1,16,LR,0.9303030303030303
segmentation,1,32,GNB,0.5956709956709958
segmentation,1,32,ABD-NB,0.6008658008658009
segmentation,1,32,LR,0.9341991341991343
segmentation,2,0,GNB,0.7948051948051947
segmentation,2,0,ABD-NB,0.7926406926406926
segmentation,2,0,LR,0.9329004329004329
segmentation,2,1,GNB,0.7844155844155843
segmentation,2,1,ABD-NB,0.7809523809523811
segmentation,2,1,LR,0.9346320346320347
segmentation,2,2,GNB,0.7714285714285716
segmentation,2,2,ABD-NB,0.7688311688311689
segmentation,2,2,LR,0.9333333333333333
segmentation,2,4,GNB,0.758008658008658
segmentation,2,4,ABD-NB,0.758008658008658
segmentation,2,4,LR,0.9329004329004329
segmentation,2,8,GNB,0.7307359307359308
segmentation,2,8,ABD-NB,0.7307359307359308
segmentation,2,8,LR,0.9346320346320347
segmentation,2,16,GNB,0.654978354978355
segmentation,2,16,ABD-NB,0.6558441558441558
segmentation,2,16,LR,0.9354978354978355
segmentation,2,32,GNB,0.5333333333333333
segmentation,2,32,ABD-NB,0.6082251082251082
segmentation,2,32,LR,0.9320346320346321
segmentation,3,0,GNB,0.7948051948051947
segmentation,3,0,ABD-NB,0.7926406926406926
segmentation,3,0,LR,0.9329004329004329
segmentation,3,1,GNB,0.7917748917748918
segmentation,3,1,ABD-NB,0.793073593073593
segmentation,3,1,LR,0.9333333333333332
segmentation,3,2,GNB,0.7878787878787878
segmentation,3,2,ABD-NB,0.7943722943722944
segmentation,3,2,LR,0.9333333333333333
segmentation,3,4,GNB,0.7831168831168831
segmentation,3,4,ABD-NB,0.7943722943722944
segmentation,3,4,LR,0.9329004329004329
segmentation,3,8,GNB,0.7683982683982684
segmentation,3,8,ABD-NB,0.7913419913419915
segmentation,3,8,LR,0.9341991341991343
segmentation,3,16,GNB,0.722943722943723
segmentation,3,16,ABD-NB,0.7861471861471861
segmentation,3,16,LR,0.9337662337662337
segmentation,3,32,GNB,0.699134199134199
segmentation,3,32,ABD-NB,0.764069264069264
segmentation,3,32,LR,0.9303030303030303
segmentation,4,0,GNB,0.7948051948051947
segmentation,4,0,ABD-NB,0.7926406926406926
segmentation,4,0,LR,0.9329004329004329
segmentation,4,1,GNB,0.8116883116883118
segmentation,4,1,ABD-NB,0.8125541125541126
segmentation,4,1,LR,0.9354978354978355
segmentation,4,2,GNB,0.8177489177489179
segmentation,4,2,ABD-NB,0.8129870129870129
segmentation,4,2,LR,0.9354978354978355
segmentation,4,4,GNB,0.8108225108225108
segmentation,4,4,ABD-NB,0.8121212121212121
segmentation,4,4,LR,0.9359307359307358
segmentation,4,8,GNB,0.7978354978354977
segmentation,4,8,ABD-NB,0.8047619047619048
segmentation,4,8,LR,0.9367965367965368
segmentation,4,16,GNB,0.767965367965368
segmentation,4,16,ABD-NB,0.7982683982683982
segmentation,4,16,LR,0.938961038961039
segmentation,4,32,GNB,0.7103896103896105
segmentation,4,32,ABD-NB,0.7787878787878789
segmentation,4,32,LR,0.9372294372294373
segmentation,5,0,GNB,0.7948051948051947
segmentation,5,0,ABD-NB,0.7926406926406926
segmentation,5,0,LR,0.9329004329004329
segmentation,5,1,GNB,0.7935064935064935
segmentation,5,1,ABD-NB,0.787878787878788
segmentation,5,1,LR,0.9320346320346321
segmentation,5,2,GNB,0.7813852813852814
segmentation,5,2,ABD-NB,0.7813852813852814
segmentation,5,2,LR,0.9337662337662337
segmentation,5,4,GNB,0.7632034632034632
segmentation,5,4,ABD-NB,0.7632034632034632
segmentation,5,4,LR,0.9320346320346321
segmentation,5,8,GNB,0.725108225108225
segmentation,5,8,ABD-NB,0.725108225108225
segmentation,5,8,LR,0.9329004329004331
segmentation,5,16,GNB,0.6597402597402597
segmentation,5,16,ABD-NB,0.6597402597402597
segmentation,5,16,LR,0.9341991341991343
segmentation,5,32,GNB,0.5965367965367966
segmentation,5,32,ABD-NB,0.5991341991341991
segmentation,5,32,LR,0.9290043290043289
segmentation,6,0,GNB,0.7948051948051947
segmentation,6,0,ABD-NB,0.7926406926406926
segmentation,6,0,LR,0.9329004329004329
segmentation,6,1,GNB,0.79004329004329
segmentation,6,1,ABD-NB,0.7935064935064935
segmentation,6,1,LR,0.9350649350649352
segmentation,6,2,GNB,0.787878787878788
segmentation,6,2,ABD-NB,0.7935064935064935
segmentation,6,2,LR,0.9337662337662337
segmentation,6,4,GNB,0.7813852813852813
segmentation,6,4,ABD-NB,0.7961038961038961
segmentation,6,4,LR,0.9324675324675326
segmentation,6,8,GNB,0.767965367965368
segmentation,6,8,ABD-NB,0.7896103896103895
segmentation,6,8,LR,0.9337662337662339
segmentation,6,16,GNB,0.7238095238095237
segmentation,6,16,ABD-NB,0.783982683982684
segmentation,6,16,LR,0.9337662337662339
segmentation,6,32,GNB,0.6991341991341992
segmentation,6,32,ABD-NB,0.7645021645021645
segmentation,6,32,LR,0.9324675324675324
segmentation,7,0,GNB,0.7948051948051947
segmentation,7,0,ABD-NB,0.7926406926406926
segmentation,7,0,LR,0.9329004329004329
segmentation,7,1,GNB,0.7974025974025974
segmentation,7,1,ABD-NB,0.794805194805195
segmentation,7,1,LR,0.9333333333333333
segmentation,7,2,GNB,0.8017316017316019
segmentation,7,2,ABD-NB,0.7978354978354978
segmentation,7,2,LR,0.9346320346320345
segmentation,7,4,GNB,0.8017316017316019
segmentation,7,4,ABD-NB,0.793939393939394
segmentation,7,4,LR,0.9337662337662337
segmentation,7,8,GNB,0.7987012987012987
segmentation,7,8,ABD-NB,0.7935064935064935
segmentation,7,8,LR,0.9341991341991343
segmentation,7,16,GNB,0.8069264069264068
segmentation,7,16,ABD-NB,0.8047619047619048
segmentation,7,16,LR,0.9341991341991343
segmentation,7,32,GNB,0.7943722943722944
segmentation,7,32,ABD-NB,0.8021645021645021
segmentation,7,32,LR,0.9333333333333333
segmentation,8,0,GNB,0.7948051948051947
segmentation,8,0,ABD-NB,0.7926406926406926
segmentation,8,0,LR,0.9329004329004329
segmentation,8,1,GNB,0.7982683982683982
segmentation,8,1,ABD-NB,0.8
segmentation,8,1,LR,0.9324675324675324
segmentation,8,2,GNB,0.8021645021645021
segmentation,8,2,ABD-NB,0.8004329004329005
segmentation,8,2,LR,0.9337662337662337
segmentation,8,4,GNB,0.8181818181818181
segmentation,8,4,ABD-NB,0.8108225108225108
segmentation,8,4,LR,0.9341991341991343
segmentation,8,8,GNB,0.8268398268398268
segmentation,8,8,ABD-NB,0.8268398268398268
segmentation,8,8,LR,0.9346320346320347
segmentation,8,16,GNB,0.8268398268398268
segmentation,8,16,ABD-NB,0.8199134199134199
segmentation,8,16,LR,0.9329004329004329
segmentation,8,32,GNB,0.8155844155844155
segmentation,8,32,ABD-NB,0.809090909090909
segmentation,8,32,LR,0.9346320346320347
segmentation,9,0,GNB,0.7948051948051947
segmentation,9,0,ABD-NB,0.7926406926406926
segmentation,9,0,LR,0.9329004329004329
segmentation,9,1,GNB,0.7913419913419913
segmentation,9,1,ABD-NB,0.7935064935064935
segmentation,9,1,LR,0.9333333333333333
segmentation,9,2,GNB,0.7874458874458874
segmentation,9,2,ABD-NB,0.7935064935064935
segmentation,9,2,LR,0.9341991341991343
segmentation,9,4,GNB,0.7805194805194805
segmentation,9,4,ABD-NB,0.7935064935064935
segmentation,9,4,LR,0.9333333333333333
segmentation,9,8,GNB,0.7662337662337663
segmentation,9,8,ABD-NB,0.7891774891774892
segmentation,9,8,LR,0.9346320346320347
segmentation,9,16,GNB,0.7233766233766235
segmentation,9,16,ABD-NB,0.780952380952381
segmentation,9,16,LR,0.9337662337662339
segmentation,9,32,GNB,0.6969696969696969
segmentation,9,32,ABD-NB,0.7658008658008658
segmentation,9,32,LR,0.9294372294372295
phoneme,0,0,GNB,0.76475
phoneme,0,0,ABD-NB,0.7772500000000001
phoneme,0,0,LR,0.7582500000000001
phoneme,0,1,GNB,0.7862500000000001
phoneme,0,1,ABD-NB,0.7817500000000001
phoneme,0,1,LR,0.7589999999999999
phoneme,0,2,GNB,0.7865
phoneme,0,2,ABD-NB,0.783
phoneme,0,2,LR,0.7587499999999999
phoneme,0,4,GNB,0.782
phoneme,0,4,ABD-NB,0.77625
phoneme,0,4,LR,0.75725
phoneme,0,8,GNB,0.78175
phoneme,0,8,ABD-NB,0.7745
phoneme,0,8,LR,0.75625
phoneme,0,16,GNB,0.77925
phoneme,0,16,ABD-NB,0.7755000000000001
phoneme,0,16,LR,0.75775
phoneme,0,32,GNB,0.7785
phoneme,0,32,ABD-NB,0.7747500000000002
phoneme,0,32,LR,0.75825
phoneme,1,0,GNB,0.76475
phoneme,1,0,ABD-NB,0.7772500000000001
phoneme,1,0,LR,0.7582500000000001
phoneme,1,1,GNB,0.743
phoneme,1,1,ABD-NB,0.77725
phoneme,1,1,LR,0.75875
phoneme,1,2,GNB,0.73875
phoneme,1,2,ABD-NB,0.78175
phoneme,1,2,LR,0.759
phoneme,1,4,GNB,0.7285
phoneme,1,4,ABD-NB,0.7817500000000001
phoneme,1,4,LR,0.75725
phoneme,1,8,GNB,0.719
phoneme,1,8,ABD-NB,0.783
phoneme,1,8,LR,0.7572499999999999
phoneme,1,16,GNB,0.6992499999999999
phoneme,1,16,ABD-NB,0.7847500000000001
phoneme,1,16,LR,0.7567499999999999
phoneme,1,32,GNB,0.65425
phoneme,1,32,ABD-NB,0.7865
phoneme,1,32,LR,0.7555
phoneme,2,0,GNB,0.76475
phoneme,2,0,ABD-NB,0.7772500000000001
phoneme,2,0,LR,0.7582500000000001
phoneme,2,1,GNB,0.72
phoneme,2,1,ABD-NB,0.7787499999999999
phoneme,2,1,LR,0.75775
phoneme,2,2,GNB,0.708
phoneme,2,2,ABD-NB,0.7809999999999999
phoneme,2,2,LR,0.75775
phoneme,2,4,GNB,0.6980000000000001
phoneme,2,4,ABD-NB,0.77975
phoneme,2,4,LR,0.7579999999999999
phoneme,2,8,GNB,0.69275
phoneme,2,8,ABD-NB,0.7785
phoneme,2,8,LR,0.7595000000000001
phoneme,2,16,GNB,0.68675
phoneme,2,16,ABD-NB,0.7779999999999999
phoneme,2,16,LR,0.758
phoneme,2,32,GNB,0.6839999999999999
phoneme,2,32,ABD-NB,0.7745
phoneme,2,32,LR,0.7577499999999999
phoneme,3,0,GNB,0.76475
phoneme,3,0,ABD-NB,0.7772500000000001
phoneme,3,0,LR,0.7582500000000001
phoneme,3,1,GNB,0.71875
phoneme,3,1,ABD-NB,0.7777499999999999
phoneme,3,1,LR,0.758
phoneme,3,2,GNB,0.7055
phoneme,3,2,ABD-NB,0.7795000000000001
phoneme,3,2,LR,0.75675
phoneme,3,4,GNB,0.69775
phoneme,3,4,ABD-NB,0.78275
phoneme,3,4,LR,0.757
phoneme,3,8,GNB,0.6930000000000001
phoneme,3,8,ABD-NB,0.7782500000000001
phoneme,3,8,LR,0.7575000000000001
phoneme,3,16,GNB,0.69
phoneme,3,16,ABD-NB,0.7779999999999999
phoneme,3,16,LR,0.75625
phoneme,3,32,GNB,0.68325
phoneme,3,32,ABD-NB,0.7745
phoneme,3,32,LR,0.7585
phoneme,4,0,GNB,0.76475
phoneme,4,0,ABD-NB,0.7772500000000001
phoneme,4,0,LR,0.7582500000000001
phoneme,4,1,GNB,0.7865
phoneme,4,1,ABD-NB,0.7825
phoneme,4,1,LR,0.7577499999999999
phoneme,4,2,GNB,0.7855000000000001
phoneme,4,2,ABD-NB,0.7825
phoneme,4,2,LR,0.7577499999999999
phoneme,4,4,GNB,0.78175
phoneme,4,4,ABD-NB,0.7775
phoneme,4,4,LR,0.7585
phoneme,4,8,GNB,0.7822500000000001
phoneme,4,8,ABD-NB,0.775
phoneme,4,8,LR,0.7579999999999999
phoneme,4,16,GNB,0.78075
phoneme,4,16,ABD-NB,0.7755
phoneme,4,16,LR,0.7565
phoneme,4,32,GNB,0.77825
phoneme,4,32,ABD-NB,0.7745000000000001
phoneme,4,32,LR,0.7575000000000001
phoneme,5,0,GNB,0.76475
phoneme,5,0,ABD-NB,0.7772500000000001
phoneme,5,0,LR,0.7582500000000001
phoneme,5,1,GNB,0.744
phoneme,5,1,ABD-NB,0.77525
phoneme,5,1,LR,0.758
phoneme,5,2,GNB,0.7379999999999999
phoneme,5,2,ABD-NB,0.7809999999999999
phoneme,5,2,LR,0.7575000000000001
phoneme,5,4,GNB,0.728
phoneme,5,4,ABD-NB,0.78175
phoneme,5,4,LR,0.758
phoneme,5,8,GNB,0.7207500000000001
phoneme,5,8,ABD-NB,0.7835
phoneme,5,8,LR,0.758
phoneme,5,16,GNB,0.69975
phoneme,5,16,ABD-NB,0.7857500000000001
phoneme,5,16,LR,0.7577499999999999
phoneme,5,32,GNB,0.654
phoneme,5,32,ABD-NB,0.787
phoneme,5,32,LR,0.75475
phoneme,6,0,GNB,0.76475
phoneme,6,0,ABD-NB,0.7772500000000001
phoneme,6,0,LR,0.7582500000000001
phoneme,6,1,GNB,0.719
phoneme,6,1,ABD-NB,0.7790000000000001
phoneme,6,1,LR,0.7582500000000001
phoneme,6,2,GNB,0.70675
phoneme,6,2,ABD-NB,0.7797499999999999
phoneme,6,2,LR,0.7562499999999999
phoneme,6,4,GNB,0.6965
phoneme,6,4,ABD-NB,0.781
phoneme,6,4,LR,0.75725
phoneme,6,8,GNB,0.6922499999999999
phoneme,6,8,ABD-NB,0.7780000000000001
phoneme,6,8,LR,0.757
phoneme,6,16,GNB,0.68825
phoneme,6,16,ABD-NB,0.7782500000000001
phoneme,6,16,LR,0.7577499999999999
phoneme,6,32,GNB,0.6849999999999999
phoneme,6,32,ABD-NB,0.778
phoneme,6,32,LR,0.752
phoneme,7,0,GNB,0.76475
phoneme,7,0,ABD-NB,0.7772500000000001
phoneme,7,0,LR,0.7582500000000001
phoneme,7,1,GNB,0.6915
phoneme,7,1,ABD-NB,0.77925
phoneme,7,1,LR,0.7575
phoneme,7,2,GNB,0.66325
phoneme,7,2,ABD-NB,0.78075
phoneme,7,2,LR,0.7577499999999999
phoneme,7,4,GNB,0.6140000000000001
phoneme,7,4,ABD-NB,0.7787499999999999
phoneme,7,4,LR,0.758
phoneme,7,8,GNB,0.5599999999999999
phoneme,7,8,ABD-NB,0.7775000000000001
phoneme,7,8,LR,0.7564999999999998
phoneme,7,16,GNB,0.5427500000000001
phoneme,7,16,ABD-NB,0.7737499999999999
phoneme,7,16,LR,0.75625
phoneme,7,32,GNB,0.5362499999999999
phoneme,7,32,ABD-NB,0.7715
phoneme,7,32,LR,0.7539999999999999
phoneme,8,0,GNB,0.76475
phoneme,8,0,ABD-NB,0.7772500000000001
phoneme,8,0,LR,0.7582500000000001
phoneme,8,1,GNB,0.69175
phoneme,8,1,ABD-NB,0.7795
phoneme,8,1,LR,0.7579999999999999
phoneme,8,2,GNB,0.66575
phoneme,8,2,ABD-NB,0.78075
phoneme,8,2,LR,0.759
phoneme,8,4,GNB,0.6154999999999999
phoneme,8,4,ABD-NB,0.78075
phoneme,8,4,LR,0.7589999999999999
phoneme,8,8,GNB,0.559
phoneme,8,8,ABD-NB,0.778
phoneme,8,8,LR,0.75675
phoneme,8,16,GNB,0.5415
phoneme,8,16,ABD-NB,0.77425
phoneme,8,16,LR,0.75675
phoneme,8,32,GNB,0.5347500000000001
phoneme,8,32,ABD-NB,0.77425
phoneme,8,32,LR,0.753
phoneme,9,0,GNB,0.76475
phoneme,9,0,ABD-NB,0.7772500000000001
phoneme,9,0,LR,0.7582500000000001
phoneme,9,1,GNB,0.71925
phoneme,9,1,ABD-NB,0.7795
phoneme,9,1,LR,0.7577499999999999
phoneme,9,2,GNB,0.70525
phoneme,9,2,ABD-NB,0.7777499999999999
phoneme,9,2,LR,0.758
phoneme,9,4,GNB,0.696
phoneme,9,4,ABD-NB,0.78
phoneme,9,4,LR,0.7599999999999999
phoneme,9,8,GNB,0.6920000000000001
phoneme,9,8,ABD-NB,0.778
phoneme,9,8,LR,0.75875
phoneme,9,16,GNB,0.6872499999999999
phoneme,9,16,ABD-NB,0.7787499999999999
phoneme,9,16,LR,0.7557499999999999
phoneme,9,32,GNB,0.6832499999999999
phoneme,9,32,ABD-NB,0.77725
phoneme,9,32,LR,0.7545000000000001
contraceptive,0,0,GNB,0.46913870632998966
contraceptive,0,0,ABD-NB,0.4759368154041278
contraceptive,0,0,LR,0.5105569007263921
contraceptive,0,1,GNB,0.4657442638072178
contraceptive,0,1,ABD-NB,0.48068488412314075
contraceptive,0,1,LR,0.5125931050386257
contraceptive,0,2,GNB,0.4637080594949844
contraceptive,0,2,ABD-NB,0.48068027210884356
contraceptive,0,2,LR,0.5132779891617665
contraceptive,0,4,GNB,0.4684630462354433
contraceptive,0,4,ABD-NB,0.4840677966101695
contraceptive,0,4,LR,0.507842730312464
contraceptive,0,8,GNB,0.4644090856681656
contraceptive,0,8,ABD-NB,0.47863714977516436
contraceptive,0,8,LR,0.5051354779199816
contraceptive,0,16,GNB,0.4623682693416349
contraceptive,0,16,ABD-NB,0.4752288712095007
contraceptive,0,16,LR,0.5010607632883662
contraceptive,0,32,GNB,0.4589830508474576
contraceptive,0,32,ABD-NB,0.47998616395710825
contraceptive,0,32,LR,0.5139513432491641
contraceptive,1,0,GNB,0.46913870632998966
contraceptive,1,0,ABD-NB,0.4759368154041278
contraceptive,1,0,LR,0.5105569007263921
contraceptive,1,1,GNB,0.45622967831200273
contraceptive,1,1,ABD-NB,0.475251931280987
contraceptive,1,1,LR,0.5119174449440793
contraceptive,1,2,GNB,0.45010953533955955
contraceptive,1,2,ABD-NB,0.477961489680618
contraceptive,1,2,LR,0.5132733771474691
contraceptive,1,4,GNB,0.4399308197855413
contraceptive,1,4,ABD-NB,0.48475037472616167
contraceptive,1,4,LR,0.5064867981090742
contraceptive,1,8,GNB,0.41208808947307735
contraceptive,1,8,ABD-NB,0.4826980283638879
contraceptive,1,8,LR,0.5159990775971405
contraceptive,1,16,GNB,0.3937461086129367
contraceptive,1,16,ABD-NB,0.48065951804450596
contraceptive,1,16,LR,0.5098835466389946
contraceptive,1,32,GNB,0.37406664360659525
contraceptive,1,32,ABD-NB,0.47524040124524386
contraceptive,1,32,LR,0.5139559552634614
contraceptive,2,0,GNB,0.46913870632998966
contraceptive,2,0,ABD-NB,0.4759368154041278
contraceptive,2,0,LR,0.5105569007263921
contraceptive,2,1,GNB,0.48814251124178487
contraceptive,2,1,ABD-NB,0.47117491064222305
contraceptive,2,1,LR,0.5078427303124641
contraceptive,2,2,GNB,0.5051124178484954
contraceptive,2,2,ABD-NB,0.4962850224835697
contraceptive,2,2,LR,0.5064821860947769
contraceptive,2,4,GNB,0.5214089703678082
contraceptive,2,4,ABD-NB,0.5173411737576387
contraceptive,2,4,LR,0.5146339213651563
contraceptive,2,8,GNB,0.5152865213882164
contraceptive,2,8,ABD-NB,0.5146108612936701
contraceptive,2,8,LR,0.5071762942465121
contraceptive,2,16,GNB,0.5010169491525424
contraceptive,2,16,ABD-NB,0.5057973019716361
contraceptive,2,16,LR,0.511919750951228
contraceptive,2,32,GNB,0.4840470425458319
contraceptive,2,32,ABD-NB,0.504425227718206
contraceptive,2,32,LR,0.509191744494408
contraceptive,3,0,GNB,0.46913870632998966
contraceptive,3,0,ABD-NB,0.4759368154041278
contraceptive,3,0,LR,0.5105569007263921
contraceptive,3,1,GNB,0.47389138706329986
contraceptive,3,1,ABD-NB,0.47390291709904303
contraceptive,3,1,LR,0.5125931050386257
contraceptive,3,2,GNB,0.475251931280987
contraceptive,3,2,ABD-NB,0.4793266459126023
contraceptive,3,2,LR,0.5058134440216764
contraceptive,3,4,GNB,0.4827141704139283
contraceptive,3,4,ABD-NB,0.4840724086244667
contraceptive,3,4,LR,0.5051308659056843
contraceptive,3,8,GNB,0.47388446904185405
contraceptive,3,8,ABD-NB,0.4854398708635997
contraceptive,3,8,LR,0.5098789346246974
contraceptive,3,16,GNB,0.463728813559322
contraceptive,3,16,ABD-NB,0.488843537414966
contraceptive,3,16,LR,0.5071578461893231
contraceptive,3,32,GNB,0.45083131557707834
contraceptive,3,32,ABD-NB,0.48203389830508475
contraceptive,3,32,LR,0.5064983281448173
contraceptive,4,0,GNB,0.46913870632998966
contraceptive,4,0,ABD-NB,0.4759368154041278
contraceptive,4,0,LR,0.5105569007263921
contraceptive,4,1,GNB,0.46574195780006916
contraceptive,4,1,ABD-NB,0.4786440677966102
contraceptive,4,1,LR,0.5119105269226335
contraceptive,4,2,GNB,0.46303239940043817
contraceptive,4,2,ABD-NB,0.48068027210884356
contraceptive,4,2,LR,0.5112371728352358
contraceptive,4,4,GNB,0.46642222990891274
contraceptive,4,4,ABD-NB,0.4854214228064107
contraceptive,4,4,LR,0.5132756831546178
contraceptive,4,8,GNB,0.46508705176986054
contraceptive,4,8,ABD-NB,0.47863714977516436
contraceptive,4,8,LR,0.5105499827049464
contraceptive,4,16,GNB,0.4603320650294016
contraceptive,4,16,ABD-NB,0.4752288712095007
contraceptive,4,16,LR,0.5017364233829126
contraceptive,4,32,GNB,0.45965871094200395
contraceptive,4,32,ABD-NB,0.48066413005880315
contraceptive,4,32,LR,0.503094661593451
contraceptive,5,0,GNB,0.46913870632998966
contraceptive,5,0,ABD-NB,0.4759368154041278
contraceptive,5,0,LR,0.5105569007263921
contraceptive,5,1,GNB,0.45758561051539265
contraceptive,5,1,ABD-NB,0.475251931280987
contraceptive,5,1,LR,0.5098766286175488
contraceptive,5,2,GNB,0.45214573965179294
contraceptive,5,2,ABD-NB,0.4759275913755333
contraceptive,5,2,LR,0.5132710711403206
contraceptive,5,4,GNB,0.4406157039086821
contraceptive,5,4,ABD-NB,0.4813559322033898
contraceptive,5,4,LR,0.5119197509512279
contraceptive,5,8,GNB,0.4093716130520004
contraceptive,5,8,ABD-NB,0.48270033437103665
contraceptive,5,8,LR,0.5119128329297821
contraceptive,5,16,GNB,0.39510434682347517
contraceptive,5,16,ABD-NB,0.48065721203735734
contraceptive,5,16,LR,0.49359160613397907
contraceptive,5,32,GNB,0.3740643375994466
contraceptive,5,32,ABD-NB,0.4745647411506976
contraceptive,5,32,LR,0.499688689034936
contraceptive,6,0,GNB,0.46913870632998966
contraceptive,6,0,ABD-NB,0.4759368154041278
contraceptive,6,0,LR,0.5105569007263921
contraceptive,6,1,GNB,0.47253314885276143
contraceptive,6,1,ABD-NB,0.474580883200738
contraceptive,6,1,LR,0.5098766286175487
contraceptive,6,2,GNB,0.4759345093969792
contraceptive,6,2,ABD-NB,0.48068949613743805
contraceptive,6,2,LR,0.5098720166032515
contraceptive,6,4,GNB,0.4813559322033898
contraceptive,6,4,ABD-NB,0.4827164764210769
contraceptive,6,4,LR,0.5071693762250663
contraceptive,6,8,GNB,0.4732065029401591
contraceptive,6,8,ABD-NB,0.48135823821053847
contraceptive,6,8,LR,0.507842730312464
contraceptive,6,16,GNB,0.463728813559322
contraceptive,6,16,ABD-NB,0.4895238095238096
contraceptive,6,16,LR,0.5085206964141589
contraceptive,6,32,GNB,0.4528721319036089
contraceptive,6,32,ABD-NB,0.48203159229793613
contraceptive,6,32,LR,0.513268765133172
contraceptive,7,0,GNB,0.46913870632998966
contraceptive,7,0,ABD-NB,0.4759368154041278
contraceptive,7,0,LR,0.5105569007263921
contraceptive,7,1,GNB,0.47184826472962066
contraceptive,7,1,ABD-NB,0.4657650178715554
contraceptive,7,1,LR,0.5119128329297821
contraceptive,7,2,GNB,0.4596379568776664
contraceptive,7,2,ABD-NB,0.46711403205349933
contraceptive,7,2,LR,0.5085230024213075
contraceptive,7,4,GNB,0.46506168569122563
contraceptive,7,4,ABD-NB,0.46168338521849417
contraceptive,7,4,LR,0.5152980514239595
contraceptive,7,8,GNB,0.46098927706675885
contraceptive,7,8,ABD-NB,0.47118182866366887
contraceptive,7,8,LR,0.5078473423267612
contraceptive,7,16,GNB,0.446048656750836
contraceptive,7,16,ABD-NB,0.4718528767439179
contraceptive,7,16,LR,0.5085045543641185
contraceptive,7,32,GNB,0.4290833621584227
contraceptive,7,32,ABD-NB,0.46778277412659985
contraceptive,7,32,LR,0.50649371613052
contraceptive,8,0,GNB,0.46913870632998966
contraceptive,8,0,ABD-NB,0.4759368154041278
contraceptive,8,0,LR,0.5105569007263921
contraceptive,8,1,GNB,0.46709789000345897
contraceptive,8,1,ABD-NB,0.47051078058341983
contraceptive,8,1,LR,0.5098835466389946
contraceptive,8,2,GNB,0.4671071140320535
contraceptive,8,2,ABD-NB,0.46846996425688925
contraceptive,8,2,LR,0.5098789346246974
contraceptive,8,4,GNB,0.46573965179292054
contraceptive,8,4,ABD-NB,0.46236365732733775
contraceptive,8,4,LR,0.5105661247549869
contraceptive,8,8,GNB,0.45962873284907185
contraceptive,8,8,ABD-NB,0.46846535224259195
contraceptive,8,8,LR,0.5085276144356048
contraceptive,8,16,GNB,0.44808947307736646
contraceptive,8,16,ABD-NB,0.4718574887582152
contraceptive,8,16,LR,0.5173527037933818
contraceptive,8,32,GNB,0.4304392943618125
contraceptive,8,32,ABD-NB,0.4671048080249049
contraceptive,8,32,LR,0.5207379222875591
contraceptive,9,0,GNB,0.46913870632998966
contraceptive,9,0,ABD-NB,0.4759368154041278
contraceptive,9,0,LR,0.5105569007263921
contraceptive,9,1,GNB,0.47389138706329986
contraceptive,9,1,ABD-NB,0.47390291709904303
contraceptive,9,1,LR,0.5091940505015566
contraceptive,9,2,GNB,0.47796840770206395
contraceptive,9,2,ABD-NB,0.4800069180214459
contraceptive,9,2,LR,0.5132710711403206
contraceptive,9,4,GNB,0.4847526807333103
contraceptive,9,4,ABD-NB,0.48543064683500525
contraceptive,9,4,LR,0.5105499827049464
contraceptive,9,8,GNB,0.47388446904185405
contraceptive,9,8,ABD-NB,0.48067796610169494
contraceptive,9,8,LR,0.5098858526461433
contraceptive,9,16,GNB,0.46101003113109656
contraceptive,9,16,ABD-NB,0.4874806871901304
contraceptive,9,16,LR,0.5187017179753257
contraceptive,9,32,GNB,0.4515115876859218
contraceptive,9,32,ABD-NB,0.48135132018909255
contraceptive,9,32,LR,0.5078473423267612
