dataset,d_acc,d_ll_rel,spearman,pearson,kendall,mi,cramersv,dcor,hsic
iris,-0.2222222222222347,2.5539915633137635,0.0,0.0,0.0,2.220446049250313e-16,2.220446049250313e-16,0.0,0.0
wine,0.1960784313725483,-7.92536402109389,0.07692307692307687,0.0769230769230772,0.0,2.220446049250313e-16,2.220446049250313e-16,0.07692307692307665,0.0
breast-cancer,0.3508771929824572,75.47047095575876,0.4889685712410704,0.4890702906780625,0.33333333333333326,0.09999999999999998,0.19999999999999973,0.49589796750712056,0.19999999999999996
digits,-0.0555555555555642,-0.1724586883925924,0.15625,0.140625,0.09375,0.015625,0.078125,0.15625,0.015625000000000222
heart-cleveland,-0.2186379928315496,12.441757912812076,0.0,0.0,5.551115123125783e-16,0.0,4.440892098500626e-16,4.440892098500626e-16,1.1102230246251565e-16
hepatitis,-1.3055555555555598,3.888761671104398,0.052631578947368474,0.052631578947368474,0.05263157894736825,0.09320903010552029,0.1578947368421053,0.052631578947368474,0.0
dermatology,-0.1801801801801783,-0.6529141439848628,2.220446049250313e-16,2.220446049250313e-16,0.0,0.0,0.0,0.0,0.0
hypothyroid,10.80791039412211,85.15140339720097,0.2000000000000004,0.24000000000000032,0.19999999999999996,0.07216192765779794,0.07710147407644707,0.24,0.16000000000000003
saheart,0.2235584335491869,23.94089624706533,0.11111111111111094,0.11111111111111127,2.220446049250313e-16,0.0,0.0,0.11111111111111116,0.0
spectf,2.392156862745109,82.61553259565065,0.2272727272727273,0.31818181818181823,0.11363636363636365,0.022727272727272596,0.06818181818181801,0.27272727272727293,0.02272727272727293
new-thyroid,0.0,-5.597395278366444,0.0,0.0,2.220446049250313e-16,0.0,0.0,0.0,0.0
breast-w,0.0476190476190518,21.52364802957578,0.11111111111111116,0.11111111111111116,0.11111111111111072,0.0,0.11111111111111127,0.11111111111111094,0.0
horse-colic,0.5605605605605524,32.18292765973094,0.052631578947368474,0.05263157894736881,0.05263157894736803,3.3306690738754696e-16,0.05263157894736881,0.05263157894736825,0.0
ecoli,-0.9248737373737436,-1.812638739606457,0.0,0.0,0.0,3.3306690738754696e-16,0.0,0.0,0.0
yeast,-0.6989642703928434,-3.31124237594548,0.0,0.0,0.0,0.0,3.3306690738754696e-16,0.0,0.0
penguins,0.0,-4.757456627857034,0.1428571428571429,0.1428571428571429,0.14285714285714257,0.0,0.14285714285714302,0.1428571428571429,0.0
mushroom,0.0,4.16586407437887e-09,0.19047619047619047,0.1428571428571429,0.14285714285714235,0.14049435724439097,0.22549740034624743,0.23809523809523847,0.09523809523809523
soybean,0.0,6.444060169373307,0.05714285714285716,0.05714285714285716,0.05714285714285716,0.05714285714285716,0.05714285714285716,0.05714285714285716,0.05714285714285694
splice-dna,0.1150082477343383,5.471052742968769,0.0,0.0,0.0,1.1102230246251565e-16,2.220446049250313e-16,0.01666666666666672,0.0
credit-aus,0.048309178743966,31.916411913724943,0.0666666666666661,1.1102230246251565e-16,0.06666666666666687,0.06664379707680668,0.06593990678918926,0.06666666666666632,2.220446049250313e-16
credit-ger,0.5333333333333301,11.526858042592483,0.04999999999999982,0.050000000000000155,2.220446049250313e-16,0.0,0.050000000000000044,0.04999999999999982,2.220446049250313e-16
churn,-0.9750000000000036,2.944795344819016,0.1499999999999998,0.15000000000000002,0.09999999999999998,0.09999999999999998,0.1000000000000002,0.0499999999999996,0.050000000000000044
profb,-0.4455662862159815,0.4343048633018924,0.0,2.220446049250313e-16,0.0,0.0,0.0,2.220446049250313e-16,0.0
contraceptive,1.425813568670714,16.209736350549203,0.11111111111111116,0.11111111111111127,4.440892098500626e-16,0.0,0.0,0.11111111111111094,0.0
titanic,0.4382284382284385,33.31536973828885,0.125,0.12499999999999989,0.12499999999999978,0.12499999999999978,0.12500000000000022,0.125,0.0
nursery,-0.1833333333333353,0.4251987399597075,0.0,0.0,0.0,0.0,1.1102230246251565e-16,0.0,0.0
segmentation,-0.2453102453102484,39.97582390131652,0.3887789752834966,0.33265620518716943,0.2777777777777779,0.16666666666666707,0.22222222222222232,0.38888888888888884,0.27777777777777757
vehicle,6.193277310924366,56.24042481523739,0.49949324470373846,0.4985353005827271,0.38888888888888906,0.16666666666666652,0.2777777777777778,0.5555555555555556,0.3888888888888886
satimage,0.5585630743525472,83.60598077246647,0.6111111111111105,0.6944444444444444,0.4722222222222219,0.11111111111111116,0.3055555555555556,0.6111111111111114,0.3333333333333335
phoneme,1.3916666666666688,18.061725484407376,3.3306690738754696e-16,0.0,0.0,2.220446049250313e-16,0.19999999999999996,0.19999999999999996,0.0
page-blocks,13.995509607351696,73.97873020418366,0.4906050722338364,0.29952048291942424,0.40000000000000013,0.2000000000000003,0.30000000000000016,0.40000000000000013,0.2999999999999995
ionosphere,0.1904761904761964,2.245201984265482,0.3939393939393939,0.4225175985596933,0.24242424242424254,0.0909090909090906,0.21212121212121227,0.3939393939393937,0.21212121212121215
sonar,-0.0079365079365123,15.316501393368393,0.3159520402851397,0.3654770471086606,0.15000000000000002,0.0,0.03333333333333344,0.3500000000000001,0.050000000000000044
texture,2.0730465502909468,79.20505778940685,0.6999491030103167,0.6995653136636174,0.5249999999999999,0.2250000000000001,0.34999999999999987,0.675,0.4249999999999998
mfeat-karhunen,-0.7833333333333359,21.84295749691191,0.06250000000000022,0.0625,0.03125000000000033,0.0,1.1102230246251565e-16,0.09375,0.0
spambase,-0.3416666666666623,54.08717716785715,0.12280701754385981,0.052631578947368474,0.10526315789473684,0.052631578947368696,0.15789473684210553,0.12280701754385948,0.0350877192982455
magic,0.7500000000000062,39.01848551624657,0.30000000000000027,0.3000000000000004,0.19999999999999962,0.09999999999999998,0.19999999999999996,0.3999999999999999,0.19999999999999996
