axis,n,d,model,rep,fit_time,predict_time,peak_mb
n,500,20,ABD-NB,0,0.0584793749999335,0.0013291539999045199,0.36971
n,500,20,ABD-NB (fixed),0,0.03309476699996594,0.0005140939999819238,0.36582
n,500,20,GNB,0,0.0016393190001053881,0.0003921449999779725,0.150464
n,500,20,ABD-NB,1,0.04572801999984222,0.00040163699986806023,0.371876
n,500,20,ABD-NB (fixed),1,0.029232404999902428,0.0004999590000807075,0.365984
n,500,20,GNB,1,0.0015988549998837698,0.00033639499997661915,0.150448
n,500,20,ABD-NB,2,0.04494333699994968,0.0003701120001551317,0.368207
n,500,20,ABD-NB (fixed),2,0.033065618999899016,0.0008025279998946644,0.364984
n,500,20,GNB,2,0.0015702850000707258,0.000285204999954658,0.15027
n,1000,20,ABD-NB,0,0.05563339300010739,0.0019952200000261655,0.664705
n,1000,20,ABD-NB (fixed),0,0.059504780999986906,0.0004944999998315325,0.661528
n,1000,20,GNB,0,0.0012879219998467306,0.0003778440000132832,0.236078
n,1000,20,ABD-NB,1,0.05285085700006675,0.0005414199999904667,0.66468
n,1000,20,ABD-NB (fixed),1,0.0347581660000742,0.0005438529999537423,0.661437
n,1000,20,GNB,1,0.0012999069999750645,0.0008827250001104403,0.236116
n,1000,20,ABD-NB,2,0.056863891000148215,0.0006239589999950113,0.664594
n,1000,20,ABD-NB (fixed),2,0.035945717999993576,0.000537166999947658,0.661938
n,1000,20,GNB,2,0.0013667440000517672,0.00047692499992990633,0.236038
n,2000,20,ABD-NB,0,0.06542786599993633,0.001139443000056417,1.240056
n,2000,20,ABD-NB (fixed),0,0.04386293600009594,0.0006763110000065353,1.234227
n,2000,20,GNB,0,0.0025645100001838728,0.0008550279999326449,0.399064
n,2000,20,ABD-NB,1,0.07975738599998294,0.0008550739999009238,1.238508
n,2000,20,ABD-NB (fixed),1,0.047573687000067366,0.0008649129999867,1.234732
n,2000,20,GNB,1,0.0018616509998992115,0.0007681870001761126,0.399172
n,2000,20,ABD-NB,2,0.07415761700008261,0.0008283350000510836,1.237899
n,2000,20,ABD-NB (fixed),2,0.04557702200008862,0.004731223000135287,1.23406
n,2000,20,GNB,2,0.0016659880000133853,0.0005755919999046455,0.399172
n,4000,20,ABD-NB,0,0.15186620400004358,0.011885479999818926,2.383195
n,4000,20,ABD-NB (fixed),0,0.07620669600009933,0.002967409999882875,2.379369
n,4000,20,GNB,0,0.002881990000105361,0.0012541090000013355,0.718558
n,4000,20,ABD-NB,1,0.12074808600004872,0.005053868000004513,2.382639
n,4000,20,ABD-NB (fixed),1,0.08456495699988409,0.001970069999970292,2.379261
n,4000,20,GNB,1,0.002522534000036103,0.001213115999917136,0.718612
n,4000,20,ABD-NB,2,0.12214717799997743,0.0018164690000048722,2.382182
n,4000,20,ABD-NB (fixed),2,0.07832247700002881,0.0019068259998675785,2.379033
n,4000,20,GNB,2,0.002610526999887952,0.0011204439999801252,0.718666
n,8000,20,ABD-NB,0,0.2113908479998372,0.010131531999832077,4.6118
n,8000,20,ABD-NB (fixed),0,0.13440352399993571,0.0033100890000241634,4.608692
n,8000,20,GNB,0,0.003433081999901333,0.0018326470001284179,1.364926
n,8000,20,ABD-NB,1,0.17067756699998426,0.002803507999942667,4.611409
n,8000,20,ABD-NB (fixed),1,0.12775016299997333,0.0028342549999251787,4.609021
n,8000,20,GNB,1,0.004289421000066795,0.002016425999954663,1.365034
n,8000,20,ABD-NB,2,0.1934675420000076,0.0030220310000004247,4.611795
n,8000,20,ABD-NB (fixed),2,0.11513168099986615,0.0028986120000809024,4.608799
n,8000,20,GNB,2,0.004169001000036587,0.0019838020000406686,1.36498
n,16000,20,ABD-NB,0,0.4131340449998788,0.09628001500004757,9.19251
n,16000,20,ABD-NB (fixed),0,0.310654452000108,0.006960544999856211,9.189847
n,16000,20,GNB,0,0.007119045000081314,0.0038425660000029893,2.671146
n,16000,20,ABD-NB,1,0.38223270200001025,0.007775003999995533,9.19267
n,16000,20,ABD-NB (fixed),1,0.2694638649998069,0.0064110250000339875,9.189096
n,16000,20,GNB,1,0.007757047000040984,0.004251374999967084,2.670948
n,16000,20,ABD-NB,2,0.4129760729999816,0.007870583000112674,9.191835
n,16000,20,ABD-NB (fixed),2,0.3315039980000165,0.007368885000005321,9.189366
n,16000,20,GNB,2,0.008297281000068324,0.004529182000169385,2.671002
n,32000,20,ABD-NB,0,0.7484935810000479,0.1265758290001031,18.355005
n,32000,20,ABD-NB (fixed),0,0.6245468120000623,0.013597115000038684,18.352289
n,32000,20,GNB,0,0.012967204999995374,0.007307547999971575,5.28779
n,32000,20,ABD-NB,1,0.7691406690000804,0.01364808800008177,18.354407
n,32000,20,ABD-NB (fixed),1,0.5898818010000468,0.01163080399987848,18.351845
n,32000,20,GNB,1,0.011584983999910037,0.0066544650001105765,5.287844
n,32000,20,ABD-NB,2,0.7481131290001031,0.013057644000127766,18.353853
n,32000,20,ABD-NB (fixed),2,0.5739282919998914,0.01253668699996524,18.352113
n,32000,20,GNB,2,0.013667953000094712,0.009313549999887982,5.287844
d,2000,5,ABD-NB,0,0.0407755599999291,0.00042271099982826854,0.413158
d,2000,5,ABD-NB (fixed),0,0.02632440200000019,0.000678224000012051,0.411409
d,2000,5,GNB,0,0.0015798350000295613,0.00039673500009484997,0.150228
d,2000,5,ABD-NB,1,0.03846694399999251,0.0004985139999007515,0.413254
d,2000,5,ABD-NB (fixed),1,0.01877221700010523,0.0004652239999813901,0.411299
d,2000,5,GNB,1,0.0014970909999192372,0.00042041699998662807,0.150066
d,2000,5,ABD-NB,2,0.039585417999887795,0.0006295050000062474,0.413597
d,2000,5,ABD-NB (fixed),2,0.020829417000186368,0.0004622670001026563,0.411246
d,2000,5,GNB,2,0.0014248210000005201,0.0003881089999140386,0.150012
d,2000,10,ABD-NB,0,0.04670625700009623,0.0005390180001541012,0.692367
d,2000,10,ABD-NB (fixed),0,0.028648990000192498,0.0006763920000594226,0.690692
d,2000,10,GNB,0,0.00155854299987368,0.00046462099999189377,0.236254
d,2000,10,ABD-NB,1,0.04853741599981731,0.0005629990000670659,0.693152
d,2000,10,ABD-NB (fixed),1,0.02701813399994535,0.0005367799999476119,0.690742
d,2000,10,GNB,1,0.0014151380000839708,0.00048073299990392115,0.2362
d,2000,10,ABD-NB,2,0.04545787699998982,0.0005069970000022295,0.693159
d,2000,10,ABD-NB (fixed),2,0.02683401500007676,0.0012777479998931085,0.690846
d,2000,10,GNB,2,0.001328782999962641,0.0004116080001494993,0.236254
d,2000,20,ABD-NB,0,0.06907287800004269,0.0007922150000467809,1.235468
d,2000,20,ABD-NB (fixed),0,0.04756812699997681,0.0010382899999967776,1.233669
d,2000,20,GNB,0,0.0016351960000520194,0.0027448319999621162,0.39892
d,2000,20,ABD-NB,1,0.07374071999993248,0.0008644709998861799,1.235583
d,2000,20,ABD-NB (fixed),1,0.049061686999948506,0.0007224450000649085,1.23384
d,2000,20,GNB,1,0.0017768990001059137,0.0007426339998346521,0.398974
d,2000,20,ABD-NB,2,0.06553644299992811,0.0007340360000398505,1.235465
d,2000,20,ABD-NB (fixed),2,0.05053492799993364,0.0007887799999934941,1.233673
d,2000,20,GNB,2,0.001665454999965732,0.0005994310001824488,0.39892
d,2000,40,ABD-NB,0,0.10902357500003745,0.0012216099999022845,2.331548
d,2000,40,ABD-NB (fixed),0,0.09200064600008773,0.0013129120000030525,2.329107
d,2000,40,GNB,0,0.0022538260000146693,0.0010424649999549729,0.724414
d,2000,40,ABD-NB,1,0.1142733510000653,0.0013525400001981325,2.331348
d,2000,40,ABD-NB (fixed),1,0.0957380079998984,0.0017170139999507228,2.329331
d,2000,40,GNB,1,0.002009659999885116,0.0013932030001342355,0.72436
d,2000,40,ABD-NB,2,0.10249563499996839,0.001518558000043413,2.331506
d,2000,40,ABD-NB (fixed),2,0.09180694299993775,0.0013227059998826007,2.329174
d,2000,40,GNB,2,0.002199514000039926,0.0010202060000210622,0.72436
d,2000,80,ABD-NB,0,0.21158060099992326,0.002963900999930047,4.58329
d,2000,80,ABD-NB (fixed),0,0.16860527599988018,0.004324883999970552,4.581328
d,2000,80,GNB,0,0.0035756369998125592,0.0018424659999709547,1.375614
d,2000,80,ABD-NB,1,0.21493639400000575,0.0027936789999785105,4.583129
d,2000,80,ABD-NB (fixed),1,0.21086414300020806,0.002720301999943331,4.580995
d,2000,80,GNB,1,0.004980715999863605,0.002166250000072978,1.375614
d,2000,80,ABD-NB,2,0.200723342999936,0.002192055000023174,4.583585
d,2000,80,ABD-NB (fixed),2,0.16588578699997925,0.002520294000078138,4.581291
d,2000,80,GNB,2,0.003599542000074507,0.001825852000138184,1.375614
d,2000,160,ABD-NB,0,0.43231039200009036,0.005726113000037003,9.457494
d,2000,160,ABD-NB (fixed),0,0.34072531200013145,0.0057669049999731214,9.455136
d,2000,160,GNB,0,0.005171463999886328,0.0031293330000607966,2.678014
d,2000,160,ABD-NB,1,0.42101753599990843,0.0056477739999536425,9.45754
d,2000,160,ABD-NB (fixed),1,0.3021128289999524,0.005279044999952021,9.455299
d,2000,160,GNB,1,0.005623943000045983,0.003253860000086206,2.678068
d,2000,160,ABD-NB,2,0.4768582649999189,0.008834629999910248,9.457329
d,2000,160,ABD-NB (fixed),2,0.37596937800003616,0.004742722999935722,9.455418
d,2000,160,GNB,2,0.005644972000027337,0.0030966850001732382,2.678068
d,2000,320,ABD-NB,0,1.0666510959999869,0.02408751400002984,20.462769
d,2000,320,ABD-NB (fixed),0,0.7405693059999976,0.011424929999975575,20.460466
d,2000,320,GNB,0,0.008446237000043766,0.0063257930000872875,5.281652
d,2000,320,ABD-NB,1,1.0636114390001694,0.02865144199995484,20.462407
d,2000,320,ABD-NB (fixed),1,0.6824957090000225,0.013481862999924488,20.460577
d,2000,320,GNB,1,0.008218938000027265,0.0052146499999707885,5.281652
d,2000,320,ABD-NB,2,1.4272151049999593,0.010860523000019384,20.462643
d,2000,320,ABD-NB (fixed),2,0.6820963609998216,0.009621648999882382,20.460409
d,2000,320,GNB,2,0.00878998700000011,0.006026189000067461,5.281652
