dataset,model,fold,n,d,accuracy,log_loss,ece,fit_time,predict_time
letter,GNB,0,20000,16,0.64575,1.6364152581082483,0.12413235427079625,0.0668657300002451,0.02129785700026332
letter,ABD-NB,0,20000,16,0.6445,1.3130767784788502,0.041751055749490215,1.886460717999853,0.04934007500014559
letter,AODE,0,20000,16,0.84675,0.46794939370956024,0.010099592594853731,0.09124354300001869,0.6195164599998861
letter,LGBM,0,20000,16,0.96325,0.1237092178592555,0.010285704850701741,8.445194086000356,1.814480309999908
letter,GNB,1,20000,16,0.63175,1.6946478393554305,0.13329149883108163,0.0360190030000922,0.014139809999960562
letter,ABD-NB,1,20000,16,0.6425,1.3418227551156643,0.0426844595349788,1.8948478819997945,0.0384081279999009
letter,AODE,1,20000,16,0.84575,0.488465629559628,0.013158813285366151,0.05756990999998379,0.5163760139998885
letter,LGBM,1,20000,16,0.958,0.13024658005586237,0.006526254311484533,8.840353090999997,1.7246645400000489
letter,GNB,2,20000,16,0.649,1.553693567911636,0.12631931210330044,0.05601695099994686,0.016949119999935647
letter,ABD-NB,2,20000,16,0.6475,1.2733521981342952,0.04937754740500424,1.5711723260001236,0.026189378000253782
letter,AODE,2,20000,16,0.849,0.467203429307354,0.01801950309518243,0.04438791700022193,0.49701667499994073
letter,LGBM,2,20000,16,0.96175,0.1276796375115857,0.007876315466944318,8.549882370999967,2.1308778450002137
letter,GNB,3,20000,16,0.63625,1.697244723184897,0.12658522507539904,0.07687607600018964,0.02171897900007025
letter,ABD-NB,3,20000,16,0.6365,1.3581589459602115,0.041200809990102685,1.5706592669998827,0.014946705000056681
letter,AODE,3,20000,16,0.843,0.4991192069846372,0.01580775290202001,0.026874581999891234,0.37543424200021036
letter,LGBM,3,20000,16,0.9585,0.13993336938318704,0.009897298549336013,11.941700170000331,1.5391816199999084
letter,GNB,4,20000,16,0.65375,1.5492021649190049,0.10967563670617805,0.017849661000127526,0.016681292999692232
letter,ABD-NB,4,20000,16,0.6545,1.275943632906607,0.059195294624794406,0.9575013500002569,0.012284367999654933
letter,AODE,4,20000,16,0.8405,0.5009910735983506,0.01234861516113858,0.026779142000123102,0.2184157309998227
letter,LGBM,4,20000,16,0.964,0.12965470275421792,0.012729700831175826,4.965176260000135,1.4301653289999194
magic-full,GNB,0,19020,10,0.7255520504731862,1.0339215630218006,0.21851428246562166,0.006081822999931319,0.0010569579999355483
magic-full,ABD-NB,0,19020,10,0.7289695057833859,0.594352891367952,0.10545378258172243,0.2664573450001626,0.001327129000401328
magic-full,AODE,0,19020,10,0.8170347003154574,0.40634991272594245,0.02261151752644122,0.03622416999996858,0.0628862480002681
magic-full,LGBM,0,19020,10,0.8698738170347003,0.3113578695389281,0.00967099632397118,0.2541412710002078,0.025755071999810752
magic-full,GNB,1,19020,10,0.7337013669821241,1.0310970822614958,0.21084761113952039,0.008467096000003949,0.0010439130001032026
magic-full,ABD-NB,1,19020,10,0.7373817034700315,0.6048237139347973,0.09811196878266068,0.24629389699975945,0.0013248069999463041
magic-full,AODE,1,19020,10,0.831230283911672,0.386583824576353,0.011529099301845803,0.04002436000018861,0.06169819499973528
magic-full,LGBM,1,19020,10,0.8869610935856993,0.28571510266969097,0.016989613477680993,0.27647168099974806,0.05294684299997243
magic-full,GNB,2,19020,10,0.7195057833859095,1.1216115017766888,0.226655285063671,0.014470888000232662,0.0010287790000802488
magic-full,ABD-NB,2,19020,10,0.7323869610935857,0.6239445646390167,0.11077814851005847,0.309231211000224,0.0008194990000447433
magic-full,AODE,2,19020,10,0.832018927444795,0.38361043979281023,0.009838494895991033,0.013558699999975943,0.027629443999558134
magic-full,LGBM,2,19020,10,0.8835436382754994,0.2866959017506496,0.008421034425406359,0.3365401539999766,0.026007377000041743
magic-full,GNB,3,19020,10,0.7234490010515248,1.0431360037203221,0.21860089638395697,0.009668729000168241,0.004997076000108791
magic-full,ABD-NB,3,19020,10,0.7294952681388013,0.6056020176155409,0.1051794572323174,0.31597232700005407,0.0009826660002545395
magic-full,AODE,3,19020,10,0.8325446898002103,0.3864555326970883,0.011092297099120105,0.015506842999911896,0.03144784200003414
magic-full,LGBM,3,19020,10,0.882229232386961,0.2901059478123841,0.017296976066717377,0.30116918200019427,0.06324657899995145
magic-full,GNB,4,19020,10,0.731335436382755,1.0202969461560223,0.2124379909861404,0.00562932599996202,0.001036139000007097
magic-full,ABD-NB,4,19020,10,0.7373817034700315,0.5894456409122876,0.10236708387787778,0.2507777780001561,0.001103362999856472
magic-full,AODE,4,19020,10,0.8212407991587802,0.3885628586233836,0.017938357862594748,0.019120190999728948,0.04152211199971134
magic-full,LGBM,4,19020,10,0.8848580441640379,0.28945306940954274,0.013651582632462068,0.2700507849999667,0.023704285999883723
nursery-full,GNB,0,12958,8,0.6373456790123457,1.6904912212780039,0.28196403370237877,0.0037935560003461433,0.0009449359999962326
nursery-full,ABD-NB,0,12958,8,0.6350308641975309,1.6865686992090307,0.2858904882821389,0.14950141999997868,0.000802165000095556
nursery-full,AODE,0,12958,8,0.9328703703703703,0.21219110530583996,0.08169383692769218,0.004306364000058238,0.0165405290003946
nursery-full,LGBM,0,12958,8,1.0,0.013477066050538344,0.012840741037284512,0.6988457009997546,0.05132632000004378
nursery-full,GNB,1,12958,8,0.6508487654320988,1.646487667389564,0.27093280310560885,0.004170699000042077,0.0013112500000715954
nursery-full,ABD-NB,1,12958,8,0.6496913580246914,1.6430590106010854,0.27791785632511135,0.2782579289996647,0.0009426430001440167
nursery-full,AODE,1,12958,8,0.9205246913580247,0.2232107682436407,0.07141546218686409,0.005346761999589944,0.01650077699969188
nursery-full,LGBM,1,12958,8,1.0,0.01318691676761725,0.01267295682593382,0.6717968339999061,0.07223936299988054
nursery-full,GNB,2,12958,8,0.6346450617283951,1.718717671844345,0.2736100660626722,0.0058227929998793115,0.0010625190002429008
nursery-full,ABD-NB,2,12958,8,0.6334876543209876,1.7119691915953217,0.2781142491297068,0.18509766899978786,0.0008141440002873424
nursery-full,AODE,2,12958,8,0.9282407407407407,0.2188047231742151,0.0814603845757577,0.012809122999897227,0.03679585000008956
nursery-full,LGBM,2,12958,8,1.0,0.013914732999632858,0.013377289971766765,0.4965625720001299,0.10150515600025756
nursery-full,GNB,3,12958,8,0.6561173292165187,1.6323243493324247,0.269416173745578,0.004448804999810818,0.005149358999915421
nursery-full,ABD-NB,3,12958,8,0.6545735237360093,1.6236095686904537,0.2764182493165954,0.21285570600002757,0.0012462699996831361
nursery-full,AODE,3,12958,8,0.9208799691238904,0.21704476048094345,0.07461347992280452,0.00684479299980012,0.01940167999964615
nursery-full,LGBM,3,12958,8,1.0,0.013907427640171492,0.013314453467114584,0.5449883979999868,0.05079152899998007
nursery-full,GNB,4,12958,8,0.655345426476264,1.5845027867962291,0.25562261551337917,0.009018823000133125,0.005264836000151263
nursery-full,ABD-NB,4,12958,8,0.6534156696256271,1.5803847954850991,0.2615041617941353,0.18723466999972516,0.0008637649998490815
nursery-full,AODE,4,12958,8,0.9293708992666924,0.2115331272055775,0.08024383285276022,0.005278865000036603,0.018267516999912914
nursery-full,LGBM,4,12958,8,1.0,0.013216289337926354,0.012720086736446843,0.4652977910000118,0.056291009000233316
pendigits,GNB,0,10992,16,0.846293769895407,1.3711317330022792,0.11865728750032752,0.009315791000062745,0.006415305999780685
pendigits,ABD-NB,0,10992,16,0.8449295134151887,0.5810291276661137,0.03607330524614935,0.5392519829997582,0.00713767299976098
pendigits,AODE,0,10992,16,0.9704411095952705,0.11672978862915082,0.013198113212755451,0.03739696000002368,0.15896892000000662
pendigits,LGBM,0,10992,16,0.990450204638472,0.05600257407089148,0.006369766847874556,1.600548880000133,0.5449114210000516
pendigits,GNB,1,10992,16,0.8644838562983174,1.135120314061412,0.10223320465877911,0.005171737000182475,0.0021602369997708593
pendigits,ABD-NB,1,10992,16,0.8631195998180992,0.4618146114517436,0.0360460210597708,0.2695353589997467,0.0027672579999489244
pendigits,AODE,1,10992,16,0.9749886311959982,0.07270402785391283,0.008761171905561154,0.018078183999932662,0.11560669800019241
pendigits,LGBM,1,10992,16,0.9945429740791268,0.028929955206263964,0.004236600830610327,1.8919989259998147,0.4741417340001135
pendigits,GNB,2,10992,16,0.8639672429481347,1.1994185230420755,0.10601772987891442,0.008986559999812016,0.004409355000007054
pendigits,ABD-NB,2,10992,16,0.8598726114649682,0.47928006679490986,0.041386744565789994,0.38060272499978964,0.00283697300028507
pendigits,AODE,2,10992,16,0.9754322111010009,0.07329050567210635,0.010767493320180446,0.015261952999935602,0.08833055100012643
pendigits,LGBM,2,10992,16,0.9936305732484076,0.01634708019820837,0.00468835805359348,1.5307740479997847,0.24049602600007347
pendigits,GNB,3,10992,16,0.8471337579617835,1.4625400342060277,0.12298903193705729,0.006465826000294328,0.002361831000143866
pendigits,ABD-NB,3,10992,16,0.8434940855323021,0.5911061341911259,0.03759270954020574,0.29341720299998997,0.0025286140003117907
pendigits,AODE,3,10992,16,0.9736123748862603,0.08721712956512798,0.009590953904915208,0.01294050500018784,0.056783886999710376
pendigits,LGBM,3,10992,16,0.9945404913557779,0.03725635420297491,0.005050109357333587,1.7424941710000894,0.33929529599981834
pendigits,GNB,4,10992,16,0.864877161055505,1.2903127774902883,0.10243953955439962,0.024907471999995323,0.005957252999905904
pendigits,ABD-NB,4,10992,16,0.8557779799818016,0.5136466392959887,0.04410680868827925,0.34335549500019624,0.002802526999857946
pendigits,AODE,4,10992,16,0.9731574158325751,0.09053368990240708,0.009644060952814035,0.016079328000159876,0.07775057099979676
pendigits,LGBM,4,10992,16,0.9940855323020928,0.02689688589105754,0.004532214269223413,1.5595047259998864,0.25001683199980107
coil2000,GNB,0,9822,85,0.17302798982188294,13.574597927517292,0.8192860919519505,0.0398448890000509,0.01110305000020162
coil2000,ABD-NB,0,9822,85,0.3256997455470738,1.4715838659963882,0.4478973544294651,0.8192099030002282,0.00418417800028692
coil2000,AODE,0,9822,85,0.8330788804071246,0.9943270791419915,0.12747121242935527,0.30723695000006046,1.532257583000046
coil2000,LGBM,0,9822,85,0.9353689567430026,0.2101365295981111,0.011355636876037583,0.3107240479998836,0.024607649999779824
coil2000,GNB,1,9822,85,0.16844783715012723,19.815188491079006,0.8268310421616762,0.05709684200019183,0.003264841999680357
coil2000,ABD-NB,1,9822,85,0.1964376590330789,3.103191988512326,0.7453150121703492,0.6642619379999815,0.016132103000018105
coil2000,AODE,1,9822,85,0.8295165394402035,1.0864107104560883,0.13603218193314615,0.5966716509997241,1.4862008370000694
coil2000,LGBM,1,9822,85,0.9363867684478372,0.22279899055437427,0.022556750055256116,0.43388623200007714,0.027336225999988528
coil2000,GNB,2,9822,85,0.17362525458248473,13.801878457396928,0.820793143956904,0.04267364599991197,0.002818605999891588
coil2000,ABD-NB,2,9822,85,0.29124236252545826,1.7027532913352161,0.5126922876120841,0.8066280680000091,0.01122761900023761
coil2000,AODE,2,9822,85,0.829938900203666,1.0048958259739456,0.12967474445753152,0.5929749629999606,1.4929977970000436
coil2000,LGBM,2,9822,85,0.9389002036659878,0.20984740374680658,0.019654259389401317,0.43663945399976,0.015914226999939274
coil2000,GNB,3,9822,85,0.16395112016293278,13.522886588826463,0.8273199380065972,0.010678173000087554,0.0026354530000389786
coil2000,ABD-NB,3,9822,85,0.3044806517311609,1.732689177752204,0.476177795115449,0.5249057440000797,0.0032392130001426267
coil2000,AODE,3,9822,85,0.8161914460285132,1.1414027816171155,0.1414472523613933,0.469750218000172,1.4263191860000006
coil2000,LGBM,3,9822,85,0.9383910386965377,0.2249301546119738,0.02232191440006721,0.42440568499978326,0.023784779999914463
coil2000,GNB,4,9822,85,0.15580448065173116,13.752361413288208,0.838821466794233,0.019673280999995768,0.002557366000019101
coil2000,ABD-NB,4,9822,85,0.2754582484725051,1.5918389137336084,0.5139843250448862,0.45531550300029267,0.004201993999686238
coil2000,AODE,4,9822,85,0.845213849287169,0.8681213718061106,0.11444191876626247,0.11963237100007973,0.6448256050002783
coil2000,LGBM,4,9822,85,0.9419551934826884,0.19587188795346996,0.014463000878308058,0.21565183900020202,0.01431330400009756
ann-thyroid,GNB,0,7200,21,0.11319444444444444,22.897841199777822,0.8803429499528949,0.003973995999785984,0.0009014239999487472
ann-thyroid,ABD-NB,0,7200,21,0.1076388888888889,23.126806384455794,0.8864085396596125,0.10580688300024121,0.0008088879999377241
ann-thyroid,AODE,0,7200,21,0.9381944444444444,0.12657814861783104,0.01817639174081705,0.015375529000266397,0.06610347799960437
ann-thyroid,LGBM,0,7200,21,0.9958333333333333,0.029136640303126602,0.003853022644580637,0.4538212200000089,0.036354992000269704
ann-thyroid,GNB,1,7200,21,0.11597222222222223,22.749721656926614,0.8594209131620604,0.011742792999939411,0.0008730839999770978
ann-thyroid,ABD-NB,1,7200,21,0.11597222222222223,22.747855515272803,0.8594313659026847,0.29010331400013456,0.0009890339997582487
ann-thyroid,AODE,1,7200,21,0.9402777777777778,0.11995433729692999,0.019916784550918127,0.0155807090000053,0.0832061999999496
ann-thyroid,LGBM,1,7200,21,0.9951388888888889,0.01518390969113075,0.004079061152640424,0.3233318679999684,0.020018391000121483
ann-thyroid,GNB,2,7200,21,0.12986111111111112,22.5740061498554,0.8647360987348952,0.012823570999898948,0.0012171529997431207
ann-thyroid,ABD-NB,2,7200,21,0.13055555555555556,22.57227367357958,0.8647350697260043,0.2550538469999992,0.0009288149999520101
ann-thyroid,AODE,2,7200,21,0.94375,0.11612542414376405,0.015345456075652242,0.017769133000001602,0.05901218000008157
ann-thyroid,LGBM,2,7200,21,0.9986111111111111,0.0041462049176333405,0.0016496608317965026,0.2729522680001537,0.03979818400011936
ann-thyroid,GNB,3,7200,21,0.11597222222222223,23.07404318364761,0.8597915262846093,0.012038402000143833,0.0009355999995932507
ann-thyroid,ABD-NB,3,7200,21,0.11597222222222223,23.072581552491602,0.8597965973781249,0.2766366549999475,0.0009262139997190388
ann-thyroid,AODE,3,7200,21,0.9423611111111111,0.12572482182538205,0.01707709954818264,0.02205331599998317,0.07999772600032884
ann-thyroid,LGBM,3,7200,21,0.9965277777777778,0.025000188258692473,0.003011139007606162,0.43651104899981874,0.02194541000017125
ann-thyroid,GNB,4,7200,21,0.10069444444444445,23.40266200162504,0.873762330988078,0.004733152999961021,0.004895064999800525
ann-thyroid,ABD-NB,4,7200,21,0.09444444444444444,23.68120093176166,0.8650665530038038,0.10802163600010317,0.0007727470001555048
ann-thyroid,AODE,4,7200,21,0.9375,0.12229287015918142,0.02477702225399714,0.007272532000115461,0.034177749999798834
ann-thyroid,LGBM,4,7200,21,0.9958333333333333,0.01223243683616393,0.003401323688229688,0.18797422699981325,0.01726853400032269
ring,GNB,0,7400,20,0.9804054054054054,0.05209422959652219,0.005478831471425942,0.0035529329998098547,0.0007690600000387349
ring,ABD-NB,0,7400,20,0.9804054054054054,0.05209259897160169,0.00547827133714927,0.26898292300029425,0.0007880069997554529
ring,AODE,0,7400,20,0.9202702702702703,0.19561815531344068,0.011293070890276822,0.027694997000253352,0.07346305700002631
ring,LGBM,0,7400,20,0.9702702702702702,0.08682839414992274,0.017797747572421082,0.40653866999991806,0.02131236200011699
ring,GNB,1,7400,20,0.9797297297297297,0.05295919406375437,0.006671326935770803,0.010058173000288662,0.0008019080000849499
ring,ABD-NB,1,7400,20,0.9797297297297297,0.05296096676943795,0.006669019816056908,0.20061034899981678,0.0008226989998547651
ring,AODE,1,7400,20,0.9182432432432432,0.19748762576880335,0.016144629037885463,0.013738978999754181,0.03866561199993157
ring,LGBM,1,7400,20,0.9702702702702702,0.09516834581251428,0.021139426152695356,0.43341408100013723,0.024498436000158108
ring,GNB,2,7400,20,0.9824324324324324,0.0452908463179717,0.007128055626863035,0.0055423559997507255,0.000714314000106242
ring,ABD-NB,2,7400,20,0.9824324324324324,0.045288649330370113,0.0071285282225286946,0.4236335539999345,0.005955429000096046
ring,AODE,2,7400,20,0.9317567567567567,0.18046871231527153,0.006065901572819972,0.02674424499991801,0.06353525099984836
ring,LGBM,2,7400,20,0.970945945945946,0.0862673361654143,0.024511649984576393,0.4120349029999488,0.01056987800029674
ring,GNB,3,7400,20,0.9777027027027027,0.05783339250319758,0.006101158543335903,0.005290380000133155,0.0006887409999762895
ring,ABD-NB,3,7400,20,0.9777027027027027,0.05783438607328783,0.006099193410822103,0.2729795390000618,0.0008176779997484118
ring,AODE,3,7400,20,0.927027027027027,0.18473166711967554,0.013376413750756176,0.026770394999857672,0.06732246199999281
ring,LGBM,3,7400,20,0.970945945945946,0.08372521147399882,0.023637701267893763,0.41163047999998525,0.020608369000001403
ring,GNB,4,7400,20,0.977027027027027,0.06800402701979189,0.009359444885462441,0.008062351999797102,0.0008865169997989142
ring,ABD-NB,4,7400,20,0.977027027027027,0.06799945101864259,0.009356486643852895,0.1983527630000026,0.0006871210002827866
ring,AODE,4,7400,20,0.9324324324324325,0.18244005918952544,0.01693911555389673,0.013820650999605277,0.03361442900040856
ring,LGBM,4,7400,20,0.9601351351351352,0.10214308032915394,0.0193844911484189,0.18637045300010868,0.010441617000196857
twonorm,GNB,0,7400,20,0.9716216216216216,0.06794892900051186,0.009078581502562945,0.0039926239996930235,0.0009207110001625551
twonorm,ABD-NB,0,7400,20,0.9716216216216216,0.06794974861138584,0.009078631723648636,0.2849387679998472,0.000764266999794927
twonorm,AODE,0,7400,20,0.9716216216216216,0.0797052036023417,0.007732328423663989,0.029631210999923496,0.09312093700009427
twonorm,LGBM,0,7400,20,0.9702702702702702,0.07838288814920495,0.011082468332153723,0.5025948900001822,0.02562764899994363
twonorm,GNB,1,7400,20,0.981081081081081,0.053701648653674744,0.010613820488434463,0.008776431999649503,0.0007571640003334323
twonorm,ABD-NB,1,7400,20,0.981081081081081,0.05369605209830684,0.010612562617841,0.27186768799992933,0.0007645880000382022
twonorm,AODE,1,7400,20,0.9763513513513513,0.07275321041275659,0.007860284619491191,0.026340980999975727,0.06468741000026057
twonorm,LGBM,1,7400,20,0.972972972972973,0.06944865731168917,0.012839518186787083,0.47085464100018726,0.024037624999891705
twonorm,GNB,2,7400,20,0.9783783783783784,0.05458333416689047,0.010371037284509487,0.007737707000160299,0.0007865190000302391
twonorm,ABD-NB,2,7400,20,0.9783783783783784,0.054583334166895085,0.010371037284525526,0.2651532039999438,0.0007744700001239835
twonorm,AODE,2,7400,20,0.9736486486486486,0.06753258640520167,0.005305705734670449,0.02832796500024415,0.06985298200015677
twonorm,LGBM,2,7400,20,0.972972972972973,0.07148123662739507,0.011492504072021065,0.48744913600012296,0.024734144999911223
twonorm,GNB,3,7400,20,0.9817567567567568,0.05216692735633803,0.004965789521062047,0.007881210000050487,0.0007405940000353439
twonorm,ABD-NB,3,7400,20,0.9817567567567568,0.052167240420343826,0.004965552957996758,0.28487607400029447,0.0007449820000147156
twonorm,AODE,3,7400,20,0.977027027027027,0.06521308768808047,0.0070597373470076465,0.032964389999960986,0.08995947799985515
twonorm,LGBM,3,7400,20,0.9716216216216216,0.07269651183130582,0.008906340231230832,0.49669542999981786,0.02380954499994914
twonorm,GNB,4,7400,20,0.975,0.061557723827584364,0.006510442799584251,0.0033936279996851226,0.000637116999769205
twonorm,ABD-NB,4,7400,20,0.975,0.06155832216584411,0.006517486626921122,0.1635455919999913,0.0009912229998008115
twonorm,AODE,4,7400,20,0.9655405405405405,0.08097177514586819,0.009949498331810868,0.0169554369999787,0.04755169100008061
twonorm,LGBM,4,7400,20,0.9655405405405405,0.08353220145931652,0.008001385524387752,0.23534651499994652,0.01088515500032372
optdigits,GNB,0,5620,62,0.8211743772241993,2.497608750267442,0.166183033785963,0.004976851000265015,0.0028349139997772
optdigits,ABD-NB,0,5620,62,0.8211743772241993,2.4976048507285578,0.16618301770625643,1.044110708000062,0.009694123999906878
optdigits,AODE,0,5620,62,0.9653024911032029,0.1662239723677808,0.02411658414137583,0.07444908999968902,2.6139248810000026
optdigits,LGBM,0,5620,62,0.9830960854092526,0.07709438065901426,0.011613360680037928,2.2370277319996603,0.1334893519997422
optdigits,GNB,1,5620,62,0.7526690391459074,3.533265002303013,0.22529687979387386,0.005491807999987941,0.011323043000174948
optdigits,ABD-NB,1,5620,62,0.7526690391459074,3.5332567046499848,0.22529685467842792,1.028481708000072,0.00981166600013239
optdigits,AODE,1,5620,62,0.9759786476868327,0.10566436312321882,0.016616630460299982,0.06017197400024088,2.531123186000059
optdigits,LGBM,1,5620,62,0.9893238434163701,0.055296337689644565,0.00831147277016564,2.1755028060001678,0.16938144400000965
optdigits,GNB,2,5620,62,0.7980427046263345,3.2153547336567567,0.18730409945300944,0.009753094000188867,0.0028634519999286567
optdigits,ABD-NB,2,5620,62,0.7980427046263345,3.2153477508248183,0.18730414388212066,1.0346767460000592,0.009500535000370292
optdigits,AODE,2,5620,62,0.9724199288256228,0.16083440265554397,0.021215805475948604,0.06827998000017033,2.56530310800008
optdigits,LGBM,2,5620,62,0.9813167259786477,0.08219144847201691,0.011643252866160407,2.4356317960000524,0.26509388099975695
optdigits,GNB,3,5620,62,0.7998220640569395,3.0468696737329792,0.18196694747595357,0.008531517999927019,0.0022370429996954044
optdigits,ABD-NB,3,5620,62,0.7998220640569395,3.046864072139957,0.18196707757678257,1.0502365540000937,0.016605336999873543
optdigits,AODE,3,5620,62,0.9697508896797153,0.1515758019704852,0.021310776221669405,0.064474046000214,2.6711944120002045
optdigits,LGBM,3,5620,62,0.9822064056939501,0.07912735254120976,0.011648326756254516,2.4541014129999894,0.24595753000039622
optdigits,GNB,4,5620,62,0.7677935943060499,3.557353488021934,0.21488124223249103,0.015556549999928393,0.008926638000048115
optdigits,ABD-NB,4,5620,62,0.7677935943060499,3.5573455006788723,0.21488128501915782,0.5114545700002964,0.004759164999995846
optdigits,AODE,4,5620,62,0.9733096085409253,0.13749533571886566,0.02080844418801627,0.029891534999933356,1.3646707989996685
optdigits,LGBM,4,5620,62,0.9866548042704626,0.06979161871765628,0.013112608395485878,1.1564257690001796,0.11607044299989866
mushroom-full,GNB,0,8145,21,0.9251074278698588,0.5191287053660342,0.048757111348303926,0.00407079300020996,0.0007460580000042683
mushroom-full,ABD-NB,0,8145,21,0.9251074278698588,0.5191287053480398,0.04875711134571538,0.30196643499994025,0.004979919000106747
mushroom-full,AODE,0,8145,21,1.0,2.1555689175289793e-05,2.1511305515864443e-05,0.024435400000129448,0.0814445330001945
mushroom-full,LGBM,0,8145,21,1.0,3.0626142715542724e-06,3.0625532696504365e-06,0.18709208999962357,0.010896866000166483
mushroom-full,GNB,1,8145,21,0.9134438305709024,0.7239006226269286,0.06755670252941995,0.00870124399989436,0.0008452619999843591
mushroom-full,ABD-NB,1,8145,21,0.9134438305709024,0.723900622593526,0.06755670252450703,0.2524213309998231,0.0010602040001685964
mushroom-full,AODE,1,8145,21,1.0,0.00025810130092876536,0.0002175075255857279,0.012129414999890287,0.04037021800013463
mushroom-full,LGBM,1,8145,21,1.0,2.80458605895618e-06,2.8045273050558706e-06,0.09080035500028316,0.006318710999948962
mushroom-full,GNB,2,8145,21,0.9287906691221608,0.5405575946613382,0.056671043350623965,0.007851492000099825,0.00074829300001511
mushroom-full,ABD-NB,2,8145,21,0.9287906691221608,0.5405575946381813,0.05667104334649235,0.298023321999608,0.008804269999927783
mushroom-full,AODE,2,8145,21,0.9993861264579497,0.0008860808940750739,0.0004732719737989677,0.03477397699998619,0.12281167700029982
mushroom-full,LGBM,2,8145,21,1.0,2.949269814432144e-06,2.9491108908263897e-06,0.2324046849998922,0.013098860999889439
mushroom-full,GNB,3,8145,21,0.9177409453652547,0.6366218708727133,0.06780942620094241,0.008964011999978538,0.0010587449996819487
mushroom-full,ABD-NB,3,8145,21,0.9177409453652547,0.6366218708505628,0.067809426197517,0.2864623009995739,0.0008217019999392505
mushroom-full,AODE,3,8145,21,0.9993861264579497,0.0005917231745839582,0.0003878160916741603,0.02924686300002577,0.081949590000022
mushroom-full,LGBM,3,8145,21,1.0,3.1765139687950216e-06,3.1764136759759865e-06,0.17805645100042966,0.01039287499997954
mushroom-full,GNB,4,8145,21,0.9183548189073051,0.5554238382767045,0.06823282549489959,0.0037058800003251235,0.0007919600002423977
mushroom-full,ABD-NB,4,8145,21,0.9183548189073051,0.5554238382496619,0.06823282549137676,0.25177919900033885,0.0007479169998987345
mushroom-full,AODE,4,8145,21,1.0,8.11177403352528e-05,7.887518330529364e-05,0.024926058999881207,0.036973216999740544
mushroom-full,LGBM,4,8145,21,1.0,2.26801954806438e-06,2.267978983505614e-06,0.08172938799998519,0.005966484000055061
satimage-full,GNB,0,6435,36,0.7940947940947941,3.684403622508676,0.19703725729305513,0.004324859000007564,0.0012899829998787027
satimage-full,ABD-NB,0,6435,36,0.790986790986791,0.6033072003602427,0.03943866325762887,0.4220136509998156,0.008462256999791862
satimage-full,AODE,0,6435,36,0.8803418803418803,0.6085077715094482,0.0893302413007142,0.0386318040000333,0.29523557999982586
satimage-full,LGBM,0,6435,36,0.9106449106449106,0.29296793761033463,0.04510272994450668,1.4824221879998731,0.13733998400039127
satimage-full,GNB,1,6435,36,0.8018648018648019,3.6548155225470347,0.19059991854991137,0.013220977999935712,0.0057878590000655095
satimage-full,ABD-NB,1,6435,36,0.8018648018648019,0.5936945558431219,0.04386091014251492,0.5611696910000319,0.006079629999931058
satimage-full,AODE,1,6435,36,0.8717948717948718,0.6317057641068784,0.09889164617153698,0.04609684900015054,0.26740351299986287
satimage-full,LGBM,1,6435,36,0.916083916083916,0.29227492049233117,0.04095485034565244,1.5568643520000478,0.08503738300032637
satimage-full,GNB,2,6435,36,0.7995337995337995,3.336452571993556,0.18655501970875848,0.010147653999865724,0.0015367189998869435
satimage-full,ABD-NB,2,6435,36,0.8034188034188035,0.5482042260268837,0.04665337816333825,0.5593021959998623,0.001963536999937787
satimage-full,AODE,2,6435,36,0.8772338772338772,0.5617980415533538,0.08529204381346948,0.043819136999900365,0.2775573029998668
satimage-full,LGBM,2,6435,36,0.9114219114219114,0.2487512899777372,0.04307443365454161,1.5522174660000019,0.08529397299980701
satimage-full,GNB,3,6435,36,0.790986790986791,3.5850518695750133,0.19593163464622673,0.004027802000109659,0.0014897709997967468
satimage-full,ABD-NB,3,6435,36,0.8041958041958042,0.5741450511287417,0.0325794547975304,0.44305062800003725,0.0017198300001837197
satimage-full,AODE,3,6435,36,0.8632478632478633,0.5819337047058357,0.09839757078033334,0.062327361999905406,0.4134336079996501
satimage-full,LGBM,3,6435,36,0.9137529137529138,0.25575602186757224,0.03841487503064629,1.8469021329997304,0.05154094999988956
satimage-full,GNB,4,6435,36,0.7917637917637917,3.4750551541778414,0.19706102842959305,0.008401400999900943,0.0013128909999977623
satimage-full,ABD-NB,4,6435,36,0.7972027972027972,0.5511106076639827,0.04364547047154659,0.34672711499979414,0.0023509109996666666
satimage-full,AODE,4,6435,36,0.8818958818958819,0.4891888831316738,0.08230980249587166,0.020498305999808508,0.12147339300008753
satimage-full,LGBM,4,6435,36,0.9199689199689199,0.19365763910491013,0.030346511347176676,0.6483404540003903,0.05219717699992543
texture-full,GNB,0,5500,40,0.7490909090909091,3.205029937545724,0.22167314099249708,0.009045459999924788,0.006424364999929821
texture-full,ABD-NB,0,5500,40,0.7718181818181818,0.6964996096533714,0.0796412566322594,0.8211299439999493,0.008440581999821006
texture-full,AODE,0,5500,40,0.9390909090909091,0.29892074079117287,0.03638904846286905,0.04132006800000454,0.9774932240002272
texture-full,LGBM,0,5500,40,0.9890909090909091,0.03765976407423068,0.007384118464160711,4.271344658000089,0.22241871800042645
texture-full,GNB,1,5500,40,0.7790909090909091,3.009997124361579,0.19881346177137255,0.008953200000178185,0.005110550000154035
texture-full,ABD-NB,1,5500,40,0.7990909090909091,0.6387974697332489,0.09197292035795519,0.580658795999625,0.00415389799991317
texture-full,AODE,1,5500,40,0.9345454545454546,0.25388026110677886,0.04268935053298724,0.039220495999870764,0.6079581029998735
texture-full,LGBM,1,5500,40,0.99,0.039862563440352064,0.003982998409560773,4.087806394999916,0.2023038459997224
texture-full,GNB,2,5500,40,0.7827272727272727,2.9645620035918436,0.19247606389313263,0.006763771000350971,0.012301849000323273
texture-full,ABD-NB,2,5500,40,0.8045454545454546,0.6228333072201969,0.08520150075959194,0.7618426150002051,0.009520077000161109
texture-full,AODE,2,5500,40,0.9363636363636364,0.2305809907242264,0.038236387053342494,0.05052292700020189,0.7733154840002499
texture-full,LGBM,2,5500,40,0.9872727272727273,0.04424511894937326,0.008627092692988923,4.541446018999977,0.2128962159999901
texture-full,GNB,3,5500,40,0.7772727272727272,3.069637465245564,0.19811235008698033,0.00641771799973867,0.0020853159999205673
texture-full,ABD-NB,3,5500,40,0.7963636363636364,0.65514392730014,0.08660894056143782,0.7545220390002214,0.009949744000095961
texture-full,AODE,3,5500,40,0.9263636363636364,0.36798494010092714,0.053848965059030515,0.0512300669997785,1.0156194850001157
texture-full,LGBM,3,5500,40,0.9845454545454545,0.08059643389601416,0.010714707463712229,4.401731284000107,0.20875741999998354
texture-full,GNB,4,5500,40,0.7845454545454545,2.8473279312338016,0.1954348391989247,0.009831618000134767,0.009053828000105568
texture-full,ABD-NB,4,5500,40,0.8072727272727273,0.6260167929051533,0.09089437743499194,0.8003688400003739,0.01332284999989497
texture-full,AODE,4,5500,40,0.9345454545454546,0.2741279238634101,0.04073751101200803,0.04727810900021723,0.37345858400021825
texture-full,LGBM,4,5500,40,0.99,0.028415628708408237,0.006350156686098083,2.19251549899991,0.09899056099993686
spambase-full,GNB,0,4601,57,0.8382193268186754,3.764507648300813,0.16152944154792193,0.019830053000077896,0.0009485399996265187
spambase-full,ABD-NB,0,4601,57,0.8317046688382194,1.7267904470276647,0.16026806253496714,0.44288300000016534,0.00116218499988463
spambase-full,AODE,0,4601,57,0.9272529858849077,0.2929727137820025,0.04843062729774427,0.03259403500032931,0.2289757720000125
spambase-full,LGBM,0,4601,57,0.9457111834961998,0.15261421378819662,0.013227015373593706,0.33573266900020826,0.014512458000353945
spambase-full,GNB,1,4601,57,0.8217391304347826,4.246652037219034,0.17697521538404395,0.013489476999893668,0.009157859999959328
spambase-full,ABD-NB,1,4601,57,0.808695652173913,1.9036133784053435,0.18310676489230712,0.42413218799993047,0.009358212999813986
spambase-full,AODE,1,4601,57,0.933695652173913,0.24408826068210346,0.041968397650972114,0.03080383199994685,0.5061395780003295
spambase-full,LGBM,1,4601,57,0.9543478260869566,0.11888015818293256,0.014013350548332974,0.20444361399995614,0.005584368000199902
spambase-full,GNB,2,4601,57,0.8380434782608696,3.9386978543246522,0.16224070508946206,0.013397494999935589,0.013477474999945116
spambase-full,ABD-NB,2,4601,57,0.8206521739130435,1.8498501762728263,0.1741726741385144,0.38177251400020396,0.0011756850003621366
spambase-full,AODE,2,4601,57,0.9521739130434783,0.18653110473310897,0.031365830339760134,0.032396840999808774,0.2847069179997561
spambase-full,LGBM,2,4601,57,0.9641304347826087,0.09975931842547736,0.019323764090919508,0.3598861290001878,0.023796305999894685
spambase-full,GNB,3,4601,57,0.8054347826086956,4.454144180135829,0.19225488341791055,0.004848633000165137,0.00104450100025133
spambase-full,ABD-NB,3,4601,57,0.8065217391304348,2.1767978645586195,0.19149644007602934,0.2801703559998714,0.0054889709999770275
spambase-full,AODE,3,4601,57,0.9347826086956522,0.23890480042631765,0.037921511672239325,0.03331998100020428,0.28751575300020704
spambase-full,LGBM,3,4601,57,0.9532608695652174,0.13411011960690844,0.0102151176012921,0.3169607189997805,0.014065636999930575
spambase-full,GNB,4,4601,57,0.7989130434782609,4.607979752636995,0.20110652216215172,0.014698042999953032,0.0016410849998464982
spambase-full,ABD-NB,4,4601,57,0.8054347826086956,1.9487231185797205,0.1880083809591468,0.24720957399995314,0.0013347849999263417
spambase-full,AODE,4,4601,57,0.9326086956521739,0.283706613682777,0.04277887330206026,0.018229664000045886,0.13995103199977166
spambase-full,LGBM,4,4601,57,0.9510869565217391,0.1271781788383734,0.015521605321292964,0.15573483900016072,0.007381738000276528
phoneme-full,GNB,0,5404,5,0.7761332099907493,0.6479036445309406,0.12673704710153244,0.004284076999738318,0.0008587530001022969
phoneme-full,ABD-NB,0,5404,5,0.782608695652174,0.5070569457691653,0.0720181962277424,0.16918626400001813,0.000496787999963999
phoneme-full,AODE,0,5404,5,0.8223866790009251,0.3704021086229287,0.02511493104553794,0.012429260999851977,0.017541859000175464
phoneme-full,LGBM,0,5404,5,0.8936170212765957,0.25020838530860257,0.03244241376251878,0.18065224500014665,0.02022580199991353
phoneme-full,GNB,1,5404,5,0.7678075855689177,0.5946811501917142,0.0978578342319077,0.007562239999970188,0.0006906720000188216
phoneme-full,ABD-NB,1,5404,5,0.7779833487511564,0.4790950002550514,0.0652500318455167,0.1977057879998938,0.0004283140001462016
phoneme-full,AODE,1,5404,5,0.8371877890841813,0.3497062484344098,0.02309091393016686,0.010727073999987624,0.01413702900026692
phoneme-full,LGBM,1,5404,5,0.8926919518963923,0.2653400139865893,0.020857663315772303,0.15242442299995673,0.018656955999631464
phoneme-full,GNB,2,5404,5,0.7696577243293247,0.6002915091615174,0.10434248335556923,0.00517598700025701,0.0004983919998267083
phoneme-full,ABD-NB,2,5404,5,0.7853839037927844,0.5106377355565602,0.06791505901465247,0.05910261899998659,0.00035139400006301
phoneme-full,AODE,2,5404,5,0.8260869565217391,0.36765247641856685,0.026365044177691255,0.002662220999809506,0.004559733999940363
phoneme-full,LGBM,2,5404,5,0.8788159111933395,0.2868266479951109,0.01615041312074357,0.07462640999983705,0.00897340500023347
phoneme-full,GNB,3,5404,5,0.7437557816836263,0.7115752901815945,0.1247812008953352,0.007081280999955197,0.0006341520002024481
phoneme-full,ABD-NB,3,5404,5,0.7631822386679001,0.5539552046766173,0.08287082226257349,0.16862415299965505,0.0006927620001988544
phoneme-full,AODE,3,5404,5,0.7974098057354302,0.40617632374917867,0.036519851694085476,0.012262502999874414,0.017650493000019196
phoneme-full,LGBM,3,5404,5,0.8723404255319149,0.2961801299613971,0.016664549854063744,0.18416261299989856,0.02021148899984837
phoneme-full,GNB,4,5404,5,0.7490740740740741,0.6350633119104216,0.11556295598259632,0.002480863000073441,0.0005720259996451205
phoneme-full,ABD-NB,4,5404,5,0.7787037037037037,0.5346325725037435,0.0837394825689062,0.11924916499992833,0.0005346620000636904
phoneme-full,AODE,4,5404,5,0.8138888888888889,0.3836395991853052,0.0367633747478845,0.008753924999837182,0.014630965999913315
phoneme-full,LGBM,4,5404,5,0.8694444444444445,0.2875069389404397,0.021879421749831363,0.13571722400001818,0.016820479000216437
page-blocks-full,GNB,0,5473,10,0.902283105022831,0.9107105702700504,0.07252214679304364,0.006309498000064195,0.0006692420001854771
page-blocks-full,ABD-NB,0,5473,10,0.9178082191780822,0.3429013063181184,0.04606975461877825,0.2181688400000894,0.0009092430000237073
page-blocks-full,AODE,0,5473,10,0.9452054794520548,0.164491959459209,0.022562401483172803,0.015683260000059818,0.01642280300029597
page-blocks-full,LGBM,0,5473,10,0.9726027397260274,0.17667365056852133,0.022324740565282046,0.5313841140000477,0.08105082499969285
page-blocks-full,GNB,1,5473,10,0.8557077625570776,1.2698045503068989,0.12665013837966355,0.002380803000050946,0.0007264610003403504
page-blocks-full,ABD-NB,1,5473,10,0.9296803652968036,0.422261195196279,0.04521656695787639,0.2108537740000429,0.0006243650000214984
page-blocks-full,AODE,1,5473,10,0.947945205479452,0.17859400880719065,0.02660116196986055,0.007805767999798263,0.02892439600009311
page-blocks-full,LGBM,1,5473,10,0.9753424657534246,0.13767841257211572,0.016524061552746955,0.742215822000162,0.06918304400005582
page-blocks-full,GNB,2,5473,10,0.9004566210045662,0.6404141978316219,0.06481717576739185,0.0025486750000709435,0.0007231029999275052
page-blocks-full,ABD-NB,2,5473,10,0.9260273972602739,0.30078981214557227,0.04194154691014568,0.20455032900008518,0.0006744020001860918
page-blocks-full,AODE,2,5473,10,0.9616438356164384,0.11432831772841763,0.015352752882396625,0.014467798000168841,0.023245398000199202
page-blocks-full,LGBM,2,5473,10,0.9726027397260274,0.12789749762493305,0.021263041229585975,0.7403704409998682,0.06194004000008135
page-blocks-full,GNB,3,5473,10,0.9122486288848263,0.7109631734414416,0.06136251175782844,0.006447645000207558,0.0008151709998855949
page-blocks-full,ABD-NB,3,5473,10,0.923217550274223,0.26736115095741847,0.0434527749850731,0.23115061099997547,0.008890715999768872
page-blocks-full,AODE,3,5473,10,0.953382084095064,0.14515398898409232,0.028394802424185572,0.017029376000209595,0.03188671299994894
page-blocks-full,LGBM,3,5473,10,0.9698354661791591,0.1179950422080905,0.020531780895481987,0.6485131889999138,0.07245092399989517
page-blocks-full,GNB,4,5473,10,0.8903107861060329,0.9646170591143074,0.07134677754993574,0.006693311000162794,0.0008922669999265054
page-blocks-full,ABD-NB,4,5473,10,0.9177330895795247,0.3561146915138935,0.05088930291622504,0.21660942100015745,0.0007659899997634056
page-blocks-full,AODE,4,5473,10,0.9460694698354661,0.15603509227502974,0.031227768728901695,0.025695911000184424,0.03062301199997819
page-blocks-full,LGBM,4,5473,10,0.9698354661791591,0.1491912686027915,0.024889979013243378,0.2920313059998989,0.026434343999881094
churn-full,GNB,0,5000,20,0.866,0.4094637310135495,0.055081496783825144,0.004790980000052514,0.0006133390002105443
churn-full,ABD-NB,0,5000,20,0.854,0.39028922481498574,0.07366306555969972,0.09609465400035333,0.0005287879998832068
churn-full,AODE,0,5000,20,0.897,0.2616299253418797,0.013806774841790048,0.008539839000150096,0.02280610900015745
churn-full,LGBM,0,5000,20,0.959,0.14945643188116545,0.012491933514142978,0.09191337200036287,0.008012324999981502
churn-full,GNB,1,5000,20,0.882,0.3470960302191556,0.033828322131972365,0.00765661600007661,0.0007522119999521237
churn-full,ABD-NB,1,5000,20,0.874,0.3393886192254312,0.04101030943592708,0.28822778299991114,0.0005670430000463966
churn-full,AODE,1,5000,20,0.887,0.2735446696367349,0.01384592822551257,0.009680580999884114,0.02382525099983468
churn-full,LGBM,1,5000,20,0.962,0.14227726905276744,0.01792988497475053,0.09527058300000135,0.008013855000172043
churn-full,GNB,2,5000,20,0.872,0.3697096838209342,0.05080615043498625,0.003353136999976414,0.012887943999885465
churn-full,ABD-NB,2,5000,20,0.872,0.3697096838170147,0.050806150434369535,0.26931627299973115,0.0006761259996892477
churn-full,AODE,2,5000,20,0.876,0.2790504985281472,0.026956957867838464,0.017427442999633058,0.04713816499997847
churn-full,LGBM,2,5000,20,0.946,0.16913614379999484,0.008831187742085335,0.10139127200000075,0.0078870789998291
churn-full,GNB,3,5000,20,0.876,0.3993974046383439,0.0529627849379279,0.0025131509996754176,0.0008249630000136676
churn-full,ABD-NB,3,5000,20,0.876,0.3993974046336718,0.052962784937452906,0.08196844799977043,0.0008286789998237509
churn-full,AODE,3,5000,20,0.881,0.2824635838282687,0.027439673338264477,0.013630839000143169,0.03522725499988155
churn-full,LGBM,3,5000,20,0.957,0.1710103182020034,0.01798998196171308,0.2249681150001379,0.01887963800027137
churn-full,GNB,4,5000,20,0.865,0.41248037076047583,0.0552334231169821,0.0022560760003216274,0.000574228999994375
churn-full,ABD-NB,4,5000,20,0.857,0.3893694748039751,0.05328368013525778,0.2452757080000083,0.0008884330000000773
churn-full,AODE,4,5000,20,0.87,0.3170877982054773,0.024979837949249392,0.009803196999655484,0.023842491999857884
churn-full,LGBM,4,5000,20,0.955,0.16786663342866398,0.019883538692063826,0.08935835600004793,0.008000141000138683
kr-vs-kp,GNB,0,3196,36,0.621875,5.618210672689931,0.3759891494099432,0.002743622999787476,0.0006176739998409175
kr-vs-kp,ABD-NB,0,3196,36,0.6203125,5.766911786453678,0.37930242591908614,0.19014063099984924,0.0007060149996505061
kr-vs-kp,AODE,0,3196,36,0.9140625,0.2366593280154357,0.07120742408180938,0.01077313999985563,0.09477962600021783
kr-vs-kp,LGBM,0,3196,36,0.9953125,0.018525823163117232,0.011590338633782952,0.09888465699987137,0.009097602000110783
kr-vs-kp,GNB,1,3196,36,0.6118935837245696,6.122677086198432,0.3867649796231608,0.0025785879997783923,0.0008538890001545951
kr-vs-kp,ABD-NB,1,3196,36,0.6087636932707355,6.236118305119361,0.38975436256527335,0.19382209100012915,0.0008943510001699906
kr-vs-kp,AODE,1,3196,36,0.9076682316118936,0.23439252384383086,0.07840419085494545,0.007792440999764949,0.08976135800003249
kr-vs-kp,LGBM,1,3196,36,0.9953051643192489,0.02215343726675555,0.01681890475412174,0.1100803710000946,0.014869873999941774
kr-vs-kp,GNB,2,3196,36,0.6275430359937402,5.777368482038587,0.3646411874354969,0.0036866360001113208,0.008971669999937149
kr-vs-kp,ABD-NB,2,3196,36,0.6275430359937402,5.775944436665385,0.3646325311967552,0.19428719500001534,0.000941237999995792
kr-vs-kp,AODE,2,3196,36,0.9014084507042254,0.265382907670237,0.06354820743473451,0.011356924999745388,0.08530960899997808
kr-vs-kp,LGBM,2,3196,36,0.9890453834115805,0.030459756822503483,0.014839682470747025,0.1087190590001228,0.009370460999889474
kr-vs-kp,GNB,3,3196,36,0.6259780907668232,5.572936929349706,0.3662765452387973,0.0031407419996867247,0.0007117639997886727
kr-vs-kp,ABD-NB,3,3196,36,0.6259780907668232,5.5714422116437525,0.36626999344362327,0.19628289599995696,0.0006768150001335016
kr-vs-kp,AODE,3,3196,36,0.9217527386541471,0.2333089838874001,0.07891105997243841,0.01411795500007429,0.0890359959998932
kr-vs-kp,LGBM,3,3196,36,0.9906103286384976,0.026887452936097598,0.016266002926997952,0.0869425399996544,0.008712512999863975
kr-vs-kp,GNB,4,3196,36,0.6619718309859155,2.7311523429223676,0.32970501619563936,0.002844767999704345,0.0007872930000303313
kr-vs-kp,ABD-NB,4,3196,36,0.6619718309859155,2.7305061213246056,0.3296982810846503,0.10631176500010042,0.0008465109999633569
kr-vs-kp,AODE,4,3196,36,0.917057902973396,0.23804586537575176,0.07504524428970014,0.005940790999829915,0.049005698999735614
kr-vs-kp,LGBM,4,3196,36,0.9921752738654147,0.031216563518845372,0.01085945038650567,0.04104570700019394,0.004415324000092369
waveform-40,GNB,0,5000,40,0.781,0.8407899168025906,0.1705330933568664,0.014831360000243876,0.009200225999848044
waveform-40,ABD-NB,0,5000,40,0.799,0.4346880323471338,0.018478916027104737,0.47862556600011885,0.009314007999819296
waveform-40,AODE,0,5000,40,0.828,0.3765273577653965,0.05789833794484904,0.05200157599983868,0.24597586399977445
waveform-40,LGBM,0,5000,40,0.833,0.3736453563193752,0.057358044464836104,1.3215158600000905,0.024111987000196677
waveform-40,GNB,1,5000,40,0.784,0.8963129271256075,0.17012021587813947,0.018471176999810268,0.001182369000161998
waveform-40,ABD-NB,1,5000,40,0.788,0.4538938135242504,0.031012377135029426,0.4327620779999961,0.005746245999944222
waveform-40,AODE,1,5000,40,0.83,0.3717266057810947,0.06324677545464856,0.052669241999865335,0.1977039359999253
waveform-40,LGBM,1,5000,40,0.841,0.35245677230808076,0.0460929894454942,1.5014249880000534,0.024008474000311253
waveform-40,GNB,2,5000,40,0.809,0.7423304742689193,0.15149692487139055,0.006413253000118857,0.0013849629999640456
waveform-40,ABD-NB,2,5000,40,0.825,0.40048984162081375,0.02930920337975496,0.27287899800012383,0.003870267999900534
waveform-40,AODE,2,5000,40,0.861,0.29121355178439534,0.02906781703021256,0.04462002100035534,0.19273337799995716
waveform-40,LGBM,2,5000,40,0.867,0.2806621878815953,0.03700542895015338,1.3597400240000752,0.05038390400022763
waveform-40,GNB,3,5000,40,0.816,0.7462873692352908,0.14209044237764828,0.005143013000179053,0.005192003000047407
waveform-40,ABD-NB,3,5000,40,0.817,0.3999568309131518,0.03108394618958763,0.42552420500032895,0.0013392930000009073
waveform-40,AODE,3,5000,40,0.85,0.3180391159660674,0.040084828234593764,0.05813226099962776,0.1845422039996265
waveform-40,LGBM,3,5000,40,0.857,0.30110344331784966,0.0331653327235409,1.2493284510001104,0.054317921999881946
waveform-40,GNB,4,5000,40,0.815,0.8190768392948382,0.1520875618693662,0.006367988999954832,0.0032414880001851998
waveform-40,ABD-NB,4,5000,40,0.809,0.43295855219574136,0.022678255155540568,0.22165922199974375,0.0016832229998726689
waveform-40,AODE,4,5000,40,0.846,0.34725145419450826,0.05437702603308539,0.018559362999894802,0.07849004400031845
waveform-40,LGBM,4,5000,40,0.862,0.3287597286545232,0.03528952368818099,0.7458838539996577,0.022523315999933402
