axis,n,d,dependence,eigendecomposition,gaussian_statistics,dependence_exponent,eigendecomposition_exponent,gaussian_statistics_exponent
n,500,20,0.006699076333309979,3.668600000613272e-05,0.0009538316666445704,1.004069734105495,0.08200406410060712,0.7450083348074993
n,1000,20,0.009164939666637414,5.022099996191779e-05,0.001108953999998145,1.004069734105495,0.08200406410060712,0.7450083348074993
n,2000,20,0.01421138633334825,3.872733335204733e-05,0.0015001729999918705,1.004069734105495,0.08200406410060712,0.7450083348074993
n,4000,20,0.022082335333304098,4.821066666712189e-05,0.0025943196666654935,1.004069734105495,0.08200406410060712,0.7450083348074993
n,8000,20,0.042029571666641154,5.3780666651922125e-05,0.004144684333292996,1.004069734105495,0.08200406410060712,0.7450083348074993
n,16000,20,0.0863979503333212,4.488633332281703e-05,0.006789056999953876,1.004069734105495,0.08200406410060712,0.7450083348074993
n,32000,20,0.17670379133331457,6.18870000531994e-05,0.012306947333324084,1.004069734105495,0.08200406410060712,0.7450083348074993
d,2000,5,0.003963008000027912,1.6071666626279086e-05,0.0011223510000490933,1.0463147574317364,1.741093042062655,0.652036936962483
d,2000,10,0.005728247666714499,2.047633332343442e-05,0.0013527273333693302,1.0463147574317364,1.741093042062655,0.652036936962483
d,2000,20,0.01059606600006191,3.673999996559966e-05,0.0013537523333676897,1.0463147574317364,1.741093042062655,0.652036936962483
d,2000,40,0.0229522156666917,0.00010723466668120334,0.0017655073333268472,1.0463147574317364,1.741093042062655,0.652036936962483
d,2000,80,0.048971380666671394,0.000310814000007061,0.002589158000015838,1.0463147574317364,1.741093042062655,0.652036936962483
d,2000,160,0.08802244766661715,0.0011498329999994894,0.004071815666672289,1.0463147574317364,1.741093042062655,0.652036936962483
d,2000,320,0.211761989333354,0.0038728253333223015,0.006848601999990933,1.0463147574317364,1.741093042062655,0.652036936962483
