dataset,measure,accuracy,log_loss,ece,fit_time
wine,pearson,0.9774603174603176,0.10252190045902299,0.022420303133972228,0.002320936200021606
wine,spearman,0.9830158730158731,0.09919821937536899,0.021150723832422513,0.008485215199971207
wine,kendall,0.9719047619047618,0.1026101305297749,0.02563770428951645,0.16111329080003997
wine,mi,0.9719047619047618,0.10130509528262097,0.022211947520833157,0.04914509679997536
wine,dcor,0.9830158730158731,0.09845136664077057,0.025080776556652973,0.01589313820004463
wine,hsic,0.9719047619047618,0.10163314727216306,0.02203933544246199,0.21956816759998218
wine,cramersv,0.9719047619047618,0.1015924750782788,0.022194845486262493,0.19094660319997275
breast-cancer,pearson,0.9385188635305077,0.2411386520249283,0.052007516386512485,0.002490355399959299
breast-cancer,spearman,0.9385188635305077,0.24287250468455213,0.05143632922957251,0.015423198199960098
breast-cancer,kendall,0.9367644775655954,0.3212838685628589,0.05408866453083714,0.7746883864000665
breast-cancer,mi,0.9297158826269213,0.5612476161230344,0.06788248236776503,0.3759226274000412
breast-cancer,dcor,0.9385188635305077,0.2524211390124921,0.05304027428089529,0.38632753779997986
breast-cancer,hsic,0.9261915851575842,0.48237672688971855,0.06894334902019032,1.7995027173999916
breast-cancer,cramersv,0.9349945660611706,0.44561991327038736,0.06358704042845167,0.8093230420000055
synth-conflict,pearson,0.86,0.34892403496998126,0.06694461845580166,0.002291451600012806
synth-conflict,spearman,0.85875,0.34853546132463575,0.0650829008861592,0.008916856999985612
synth-conflict,kendall,0.8550000000000001,0.43944035808820125,0.08934400605319996,0.14801164880000214
synth-conflict,mi,0.8099999999999999,0.8118123747738564,0.14255184046602315,0.07990363919998344
synth-conflict,dcor,0.8575000000000002,0.3481043283410078,0.06305644971832147,0.13019278860006125
synth-conflict,hsic,0.8550000000000001,0.4396692477816231,0.08682073702887476,0.7569411779999428
synth-conflict,cramersv,0.8462500000000001,0.5835890769848258,0.1080886104307055,0.16427705179999066
synth-rho0.6,pearson,0.645,0.895619499013193,0.2180441543040689,0.0028103039999678005
synth-rho0.6,spearman,0.64375,0.955789552041653,0.23015540525454167,0.009243222599980071
synth-rho0.6,kendall,0.6425,1.1757234188375825,0.26087170706529833,0.13961595280006805
synth-rho0.6,mi,0.64625,1.5242658338821067,0.2918224757361239,0.0750064755999574
synth-rho0.6,dcor,0.64375,0.991322940526586,0.23651438875676217,0.12233674440003597
synth-rho0.6,hsic,0.64625,1.5247018863386692,0.29112177438046294,0.6547985858000175
synth-rho0.6,cramersv,0.64375,1.3513018132528192,0.2795541513371066,0.1311727114000405
synth-nonlin,pearson,0.85,0.3155061397664952,0.0669457136796391,0.002012124400016546
synth-nonlin,spearman,0.85,0.31733277350662,0.06488059404424139,0.005847136199963643
synth-nonlin,kendall,0.85375,0.31170315668528586,0.06735956758806123,0.029133404800040806
synth-nonlin,mi,0.8637499999999999,0.3004202168967056,0.0514794752589511,0.018550095600085116
synth-nonlin,dcor,0.8487500000000001,0.31980490004110323,0.06031677863663689,0.0451711582000371
synth-nonlin,hsic,0.8525,0.308095115669418,0.06552503354351331,0.24612550199994984
synth-nonlin,cramersv,0.85625,0.30476961333832786,0.05321238493126953,0.041155934599964895
