dataset,weight_fn,accuracy,log_loss,ece,fit_time
wine,linear,0.9774603174603176,0.09593797711461494,0.025642033001698077,0.008511872200051585
wine,exponential,0.9774603174603176,0.09583158923656926,0.025704586875797,0.008415206000063336
wine,inverse,0.9774603174603176,0.09574707142769026,0.02575588488953201,0.008457883200026117
wine,harmonic,0.9830158730158731,0.09919821937536899,0.021150723832422513,0.00859728860004907
breast-cancer,linear,0.9403043005744449,0.3127071362415329,0.05777638886387147,0.01591558840000289
breast-cancer,exponential,0.9403043005744449,0.3170711573595546,0.05806760068491752,0.0160406802000125
breast-cancer,inverse,0.9403043005744449,0.31986449490749774,0.058257041881241145,0.015404868400037231
breast-cancer,harmonic,0.9385188635305077,0.24287250468455213,0.05143632922957251,0.015515260000074704
synth-conflict,linear,0.85375,0.3523465831820929,0.061297291516475005,0.00854604980008844
synth-conflict,exponential,0.7949999999999999,0.4690059572476096,0.07393033529389723,0.008740571200041814
synth-conflict,inverse,0.77625,0.5063909802176134,0.08359579409698875,0.008642703199939206
synth-conflict,harmonic,0.85875,0.34853546132463575,0.0650829008861592,0.009039201000086905
synth-rho0.6,linear,0.64375,0.9556559748824673,0.22933197656287593,0.008511326000007102
synth-rho0.6,exponential,0.64375,0.9554111710985291,0.22784665641335272,0.008243848999973125
synth-rho0.6,inverse,0.645,0.9553406372440014,0.22895339508059473,0.008041937800044252
synth-rho0.6,harmonic,0.64375,0.955789552041653,0.23015540525454167,0.008171284399986689
synth-nonlin,linear,0.8550000000000001,0.3079594910286302,0.06212756318861595,0.005572332800011281
synth-nonlin,exponential,0.8637499999999999,0.3068943645399291,0.05677047451525624,0.005314819200020793
synth-nonlin,inverse,0.865,0.3062794255741295,0.05466559531029236,0.005281767399992532
synth-nonlin,harmonic,0.85,0.31733277350662,0.06488059404424139,0.005196177200059537
