dataset,gamma,accuracy,log_loss,ece,fit_time
wine,0.0,0.9719047619047618,0.10122551456806939,0.022234845434298784,0.008433091599999897
wine,0.1,0.9719047619047618,0.0955588068558908,0.02611141746721325,0.008315371999970012
wine,0.25,0.9719047619047618,0.09609882068013749,0.025824460868817158,0.008182244199997513
wine,0.5,0.9774603174603176,0.09709779978891857,0.025423814680516122,0.008156305000056818
wine,1.0,0.9830158730158731,0.09919821937536899,0.021150723832422513,0.00847651479994056
wine,2.0,0.9774603174603176,0.10299645103520108,0.02486132070212455,0.00810049020005863
wine,4.0,0.9774603174603176,0.10850947887607301,0.026607325334956217,0.008349527399968793
wine,8.0,0.9719047619047618,0.11578649179676445,0.02926370907870367,0.008253027600039787
breast-cancer,0.0,0.9385188635305075,0.5896089508301994,0.06214606742405249,0.015093418800051949
breast-cancer,0.1,0.9385343890700202,0.3097108329125774,0.05561183719972708,0.015232997000066462
breast-cancer,0.25,0.9420431609998448,0.28666254857519835,0.05549880407731396,0.015084280399923955
breast-cancer,0.5,0.9402732494954199,0.2644785603813748,0.054813460274484506,0.01500932300000386
breast-cancer,1.0,0.9385188635305077,0.24287250468455213,0.05143632922957251,0.01504074439994838
breast-cancer,2.0,0.9420431609998448,0.22633038416866785,0.047792168348043326,0.015483032200017987
breast-cancer,4.0,0.943797546964757,0.2161048285808195,0.046995123778132385,0.015096832399967753
breast-cancer,8.0,0.943797546964757,0.2106432307594382,0.049009475951469275,0.015156321400036176
synth-conflict,0.0,0.7262500000000001,1.6554005639871168,0.23355248176452698,0.00841383520000818
synth-conflict,0.1,0.7825,0.49775902382006815,0.08246043237602836,0.008686884999997346
synth-conflict,0.25,0.8225,0.41550617498049364,0.07622154486043017,0.008472163800024645
synth-conflict,0.5,0.8474999999999999,0.3619110032225928,0.06119565423610818,0.008371665800041228
synth-conflict,1.0,0.85875,0.34853546132463575,0.0650829008861592,0.008448160799980542
synth-conflict,2.0,0.8637500000000001,0.3788841634376139,0.0813771280383864,0.008618412599980729
synth-conflict,4.0,0.85,0.42733848585642686,0.09251053972855541,0.008551467600000251
synth-conflict,8.0,0.8487500000000001,0.46999605325043464,0.10459692124648852,0.008701642200003334
synth-rho0.6,0.0,0.64625,1.5241020753463657,0.2918273647675379,0.008037852600000405
synth-rho0.6,0.1,0.64375,0.955393587502444,0.22784822216899575,0.008024556800000937
synth-rho0.6,0.25,0.64375,0.9555460487509586,0.2293371533138774,0.007941907200074639
synth-rho0.6,0.5,0.64375,0.955676540470573,0.2293291894385741,0.008075721800014434
synth-rho0.6,1.0,0.64375,0.955789552041653,0.23015540525454167,0.008089907600015067
synth-rho0.6,2.0,0.64375,0.9558696418778732,0.23131798438612838,0.008128793599962592
synth-rho0.6,4.0,0.64375,0.9559186760726537,0.2313146831554743,0.008127357599960305
synth-rho0.6,8.0,0.64375,0.9559460535036493,0.23131279424161333,0.008211988799985193
synth-nonlin,0.0,0.8724999999999999,0.29812136454590016,0.03935899212374402,0.005084801199973299
synth-nonlin,0.1,0.8675,0.3041775755072922,0.05691659804040021,0.005387358999951175
synth-nonlin,0.25,0.865,0.3058659738094517,0.05349009730147856,0.005320429399989735
synth-nonlin,0.5,0.8549999999999999,0.3094806788465644,0.06326976296517148,0.005269851199955156
synth-nonlin,1.0,0.85,0.31733277350662,0.06488059404424139,0.0053368313999726524
synth-nonlin,2.0,0.8412500000000002,0.33120991917394327,0.07398026716933173,0.005488379200005511
synth-nonlin,4.0,0.83375,0.3523503318409842,0.07446484520435755,0.005388813000081427
synth-nonlin,8.0,0.8225,0.3857612187664339,0.07628948301562404,0.005436575999965498
