opponent,median_diff,wins,ties,losses,p_raw,p_holm
WANBIA,-0.02336721435913732,7,0,41,1.9841195353365038e-10,4.166651024206658e-09
ABD-NB-C,0.024087606208965464,39,0,9,1.4689504723719438e-08,2.9379009447438875e-07
SVM,-0.035908692401851725,9,0,39,1.4165749462335953e-07,2.691492397843831e-06
LR,-0.02311897819851467,8,0,40,3.261326781967e-07,5.8703882075406e-06
ABD-NB-G,0.018518913592325367,35,0,13,8.26213678806198e-07,1.4045632539705366e-05
kNN,-0.02738343515440607,10,0,38,2.568754773335513e-06,4.110007637336821e-05
GNB-Iso,-0.014358214061274927,10,0,38,3.5292202298364828e-06,5.293830344754724e-05
AODE,-0.022657350232990245,9,0,39,9.942802007856244e-05,0.0013919922810998742
ABD-NB-L,0.005018153122271267,34,0,14,0.00012087882002731476,0.0015714246603550919
HNB,-0.020850299982357143,15,0,33,0.0004567771318022551,0.005481325581627061
XGB,-0.025699077010990397,14,0,34,0.0008245548419125726,0.009070103261038298
GNB,0.004219955112894479,31,0,17,0.0010105253477945553,0.010105253477945553
LGBM,-0.027754106430415613,16,0,32,0.0015595721103096594,0.014036148992786934
CART,0.02539432159794916,30,0,18,0.014761183550071166,0.11808946840056933
GNB-Platt,-0.0071809835484535345,17,0,31,0.03331581208401957,0.23321068458813698
TAN,-0.014417452494159268,21,0,27,0.0389548706070002,0.23372922364200122
RF,-0.009053288765540866,18,0,30,0.06376132796430056,0.3188066398215028
KDB,-0.007232265986075452,22,0,26,0.2684431324527594,1.0
CFW-NB,-0.0002342544081729292,23,0,25,0.7955129094812108,1.0
CW-NB,-0.0021292050169154746,19,0,29,0.32035596056794446,1.0
MI-WNB,-0.0021677603197256257,20,0,28,0.36731778078889477,1.0
