r,rep,model,accuracy,log_loss,ece,accuracy_sd,log_loss_sd,ece_sd,d_eff
1,0,GNB,0.87375,0.3076670007943794,0.03970390143053468,0.012747548783981958,0.03877093444685243,0.015739514367703444,
1,0,ABD-NB,0.87375,0.30766700079436343,0.03970390143052901,0.012747548783981958,0.03877093444681799,0.015739514367680365,2.0
1,0,LR,0.87625,0.30684817503444106,0.04382987594868182,0.016955824957813174,0.036360233356415694,0.01199149820116174,
1,1,GNB,0.875,0.282111221291112,0.0428988454547575,0.011180339887498947,0.023494582498751436,0.009907155129213125,
1,1,ABD-NB,0.875,0.2821112212910978,0.04289884545477279,0.011180339887498947,0.023494582498715954,0.009907155129197875,2.0
1,1,LR,0.88125,0.28293042348598796,0.0509198875279417,0.00790569415042092,0.020127608518650485,0.007036880395800025,
1,2,GNB,0.8637499999999999,0.3101984436262273,0.0522069983550514,0.02750000000000001,0.05394904533920566,0.01234689015918547,
1,2,ABD-NB,0.8637499999999999,0.3101984436262253,0.05220699835506183,0.02750000000000001,0.053949045339153054,0.012346890159219599,2.0
1,2,LR,0.86,0.3093006182068489,0.047394279000604604,0.026100766272276397,0.0523620581267378,0.006378698534601827,
1,3,GNB,0.85,0.3552139765255608,0.05593442655485068,0.020916500663351895,0.029871787565002382,0.008700867337740397,
1,3,ABD-NB,0.85,0.35521397652555486,0.05593442655483026,0.020916500663351895,0.02987178756496845,0.008700867337711641,2.0
1,3,LR,0.8487500000000001,0.3536243635674289,0.06564674191891284,0.019525624189766645,0.02853286163065178,0.01783408134976535,
1,4,GNB,0.85875,0.3260103178041037,0.05722867402941108,0.02325134404717281,0.026381143589959515,0.010908572811401045,
1,4,ABD-NB,0.85875,0.3260103178040801,0.05722867402938571,0.02325134404717281,0.026381143589942438,0.010908572811415421,2.0
1,4,LR,0.8575000000000002,0.32451483797323744,0.05087987784679787,0.028062430400804573,0.025409143721982826,0.005885996275255429,
2,0,GNB,0.8674999999999999,0.3183602559178986,0.054631805501449394,0.016488632447841132,0.054676919361713025,0.023827244027368768,
2,0,ABD-NB,0.8775000000000001,0.3287462826369801,0.06783942274520652,0.0170477271212323,0.05337360999858161,0.022132842033034693,3.0
2,0,LR,0.875,0.30415145500991375,0.042457534408644734,0.023385358667337115,0.036580014215751626,0.01654616131342107,
2,1,GNB,0.8700000000000001,0.3025886525870859,0.053766662369716965,0.0072886898685566,0.02436620731910597,0.011157658291954248,
2,1,ABD-NB,0.88375,0.34337240508165345,0.07145910709129456,0.008477912478906608,0.05982732598154521,0.01717065880362953,3.0
2,1,LR,0.88125,0.2838569739030806,0.04827091676620153,0.005590169943749454,0.019415294870214612,0.01124010329137052,
2,2,GNB,0.85125,0.33257882305426,0.056744159750834064,0.035663356544217775,0.061816186859719596,0.011175061202485192,
2,2,ABD-NB,0.865,0.34790647095116495,0.06926791177205158,0.021139418156609708,0.09147057353683724,0.018521129258552965,3.0
2,2,LR,0.8712500000000001,0.3027174192783145,0.05736000499836763,0.01999999999999999,0.05205380789015535,0.005729209218162772,
2,3,GNB,0.845,0.37795937171506017,0.06917453281059506,0.017853571071357124,0.033928812052403404,0.015291564358865785,
2,3,ABD-NB,0.8550000000000001,0.3708506675787062,0.07602315934367712,0.02543373743671975,0.03850604490794322,0.010108043492911275,3.0
2,3,LR,0.85125,0.3534635599644243,0.05832390495404176,0.016488632447841173,0.029136698634705232,0.007047821327752282,
2,4,GNB,0.8487499999999999,0.34601600964557955,0.054456867655681605,0.018285923547909755,0.03960959547252471,0.008641086750216517,
2,4,ABD-NB,0.8525,0.3574944908582051,0.07120279572832025,0.022569337606584763,0.03515708021955184,0.011109365546385488,3.0
2,4,LR,0.85625,0.3259010769134678,0.049737531831387745,0.0262202212042538,0.02627282344341641,0.007697458585844145,
4,0,GNB,0.8412499999999999,0.4216420582253906,0.08759362281049927,0.030259296092275526,0.10329963634495848,0.0231363892331837,
4,0,ABD-NB,0.8712499999999999,0.33940123090628194,0.07129599728861805,0.016105123408406388,0.06365555788622491,0.013719942741890954,3.000000000000001
4,0,LR,0.875,0.3034935968833127,0.04916963105060198,0.017677669529663688,0.03792937803286593,0.009418051904180075,
4,1,GNB,0.8324999999999999,0.42273302759493836,0.09381501758475805,0.018285923547909765,0.039637511348144104,0.013129026386642612,
4,1,ABD-NB,0.88375,0.34054698217696916,0.06560532855977733,0.011592023119369639,0.04963272635984463,0.011362000176479918,3.000000000000001
4,1,LR,0.87625,0.28527666658972606,0.049192363904784334,0.004677071733467411,0.020528717561761407,0.008301817037205911,
4,2,GNB,0.81125,0.5070485333349486,0.1155129322827666,0.028062430400804545,0.10424602416390484,0.03168241272401997,
4,2,ABD-NB,0.8637499999999999,0.3682236701733038,0.06828048893708939,0.025124689052802247,0.09365020878928068,0.019119182972814137,3.0
4,2,LR,0.875,0.30609930000588614,0.058450913657700054,0.017677669529663688,0.050057358828669254,0.012595298269282757,
4,3,GNB,0.8150000000000001,0.5120463068068006,0.10758692293861993,0.014577379737113266,0.05181046804173769,0.02043176983986779,
4,3,ABD-NB,0.8512500000000001,0.3988785154609545,0.07584610426358233,0.017410485346480164,0.06803232305465987,0.014923355337378787,2.999999999999999
4,3,LR,0.85125,0.35398218337223186,0.05388662235919708,0.014469796128487799,0.03195233578126184,0.004865202212401467,
4,4,GNB,0.82,0.4705563035824909,0.09635563356701136,0.02573907535246752,0.0718806176634646,0.020199214760303855,
4,4,ABD-NB,0.86,0.35644315910366264,0.07441080723871948,0.021139418156609684,0.04211989124580062,0.014538690951359635,3.0000000000000004
4,4,LR,0.85375,0.3218203855621734,0.05692892841146392,0.02549509756796392,0.026241335906812373,0.008182232657862812,
8,0,GNB,0.76875,0.8295430498009104,0.16844586848534146,0.03933033180638066,0.2363275607709778,0.04437585933047818,
8,0,ABD-NB,0.8775000000000001,0.33933226773158137,0.07766855988314648,0.017499999999999998,0.06523890670431678,0.011676288130118222,3.000000000000001
8,0,LR,0.8712500000000001,0.3058674202156856,0.047609187539009515,0.021139418156609694,0.03827520626032334,0.00626863306120391,
8,1,GNB,0.76625,0.848460014611484,0.17860835141914233,0.04119314263321022,0.08728931230699058,0.034936392383333334,
8,1,ABD-NB,0.88125,0.3517237831320557,0.06575334400946448,0.006846531968814592,0.046273981197726494,0.011083367883170376,3.0000000000000004
8,1,LR,0.885,0.28518578865399213,0.046485675215766166,0.006373774391990989,0.019644376501640325,0.01245534572846823,
8,2,GNB,0.7537499999999999,1.0641356648755191,0.19288413032797977,0.028118054698004987,0.22548676323785694,0.028422647789473357,
8,2,ABD-NB,0.8612500000000001,0.37342624481839515,0.07627248329635186,0.028339460121886595,0.09599425121943528,0.01788950528902864,2.9999999999999982
8,2,LR,0.8700000000000001,0.3078067549964002,0.06219024690304468,0.023848480035423662,0.050765775366404337,0.009974543389212212,
8,3,GNB,0.7350000000000001,0.9766083909779623,0.19275541011341174,0.01704772712123231,0.12721789528199148,0.014237463587579092,
8,3,ABD-NB,0.85125,0.4086878254261153,0.0818924435909417,0.013919410907075084,0.07070678170330834,0.011463621571572475,2.999999999999999
8,3,LR,0.8425,0.36246478388317344,0.05397724173190752,0.01211919964354081,0.02729798583211057,0.010935175036323583,
8,4,GNB,0.7525000000000001,0.9186948505323697,0.18844095260483856,0.05086747487343953,0.15618535670459113,0.04285841201026877,
8,4,ABD-NB,0.86,0.3481371187652461,0.08175403007132903,0.029208303613869835,0.03676593928111123,0.0113058639924662,2.999999999999999
8,4,LR,0.8474999999999999,0.32528067080952966,0.05906469269657914,0.02811805469800497,0.02981921961516364,0.007510461279810697,
12,0,GNB,0.7337499999999999,1.3616203334575452,0.21962080544295892,0.04430011286667337,0.39812502293706653,0.040453708150017205,
12,0,ABD-NB,0.8774999999999998,0.33986357698202313,0.07779855940278521,0.017047727121232304,0.0660617957457751,0.013657542679210547,2.9999999999999982
12,0,LR,0.86875,0.3104642814987239,0.0459921664462297,0.019764235376052344,0.035722379444919246,0.013123000329879684,
12,1,GNB,0.7425,1.387596809885938,0.2184998744091889,0.034999999999999996,0.15894812783551093,0.03899714112636077,
12,1,ABD-NB,0.8887499999999999,0.34747772292917495,0.06879333975581954,0.012119199643540832,0.05184239417770982,0.008928067072874742,3.0000000000000013
12,1,LR,0.8825000000000001,0.2878107087227638,0.051428139932029625,0.012747548783981946,0.02638160902608926,0.014551393562377805,
12,2,GNB,0.73625,1.7255404524680322,0.23493132264282585,0.029154759474226483,0.37834478970547863,0.033008733357311325,
12,2,ABD-NB,0.85875,0.3754710941670812,0.07712695954011026,0.02610076627227637,0.09710043952894963,0.02142208469833292,3.0
12,2,LR,0.8700000000000001,0.3089259020491016,0.05633169134835849,0.01912132317597294,0.05129069010812178,0.010922594295420869,
12,3,GNB,0.705,1.5592277235394205,0.2438303132486221,0.02069118169655857,0.23558257505484678,0.01585857799554998,
12,3,ABD-NB,0.85,0.4089237528597122,0.0779369294097488,0.01311011060212691,0.07157005054573377,0.01850292307199873,3.0000000000000013
12,3,LR,0.835,0.3637376639872952,0.06442306431522507,0.021866069605669877,0.024810321719465504,0.008107512952814762,
12,4,GNB,0.72875,1.4883912023802197,0.2373543706065852,0.03678484742390542,0.24652750465025827,0.041151279188177695,
12,4,ABD-NB,0.85625,0.3469392945668806,0.0772056411754116,0.026220221204253803,0.036809466373377744,0.009761880780317492,3.0
12,4,LR,0.8549999999999999,0.3241824218683191,0.05615715406886138,0.02663409469082814,0.030533641799914493,0.012396866434117255,
16,0,GNB,0.7112499999999999,1.9502155435714676,0.2549584221833862,0.037583240945932246,0.5721355635880855,0.04329277537585983,
16,0,ABD-NB,0.8775000000000001,0.33073089268502737,0.07308594476071546,0.0170477271212323,0.04910893298239741,0.013256206171051563,2.9999999999999973
16,0,LR,0.875,0.30990752863814935,0.050306514762200626,0.019364916731037057,0.03718425024722506,0.009992209826288907,
16,1,GNB,0.72,1.980648559656774,0.24977465932330514,0.02806243040080458,0.22571196710719008,0.03477664317028338,
16,1,ABD-NB,0.88375,0.3453360039741996,0.06862043275651061,0.009354143466934858,0.05474025846446743,0.010087686496421673,3.0000000000000004
16,1,LR,0.8825000000000001,0.28734793977759054,0.05696466732085732,0.017410485346480167,0.026981813730391276,0.012219016492412547,
16,2,GNB,0.725,2.4060347792475345,0.2542638926943517,0.031622776601683784,0.5000229722103077,0.030338806418071886,
16,2,ABD-NB,0.8574999999999999,0.37497575489200596,0.07946487752546576,0.026634094690828135,0.09287591131744996,0.018493587487240684,3.2915625000000026
16,2,LR,0.86875,0.31290965429677486,0.0516974008347853,0.02128673295740799,0.05184429659243142,0.010418291507575636,
16,3,GNB,0.68125,2.165612790844235,0.27917228848181436,0.01895718861012888,0.3145748843899076,0.014822087712102727,
16,3,ABD-NB,0.84375,0.4797157918194609,0.1001227742673801,0.025310570914145746,0.11660455524825157,0.024990892007941374,3.6059375000000005
16,3,LR,0.8375,0.3647586509221041,0.06772813346445097,0.0223606797749979,0.023293537309258035,0.014021309575876367,
16,4,GNB,0.7224999999999999,2.0870120032781,0.2560669231770557,0.03824264635194589,0.32497557478693334,0.037454698788857814,
16,4,ABD-NB,0.8574999999999999,0.38840506314984957,0.09083435599681797,0.026925824035672532,0.05146243217245913,0.020926183346922773,3.800000000000007
16,4,LR,0.8474999999999999,0.32403142127342865,0.05797918757674629,0.017940875118009153,0.031439267195262584,0.014194219233905249,
24,0,GNB,0.6825,3.1581946656753064,0.2980081013283705,0.038810436740650045,0.8351865868374748,0.031489936595123225,
24,0,ABD-NB,0.8787499999999999,0.3944016905649409,0.08751545968345993,0.014577379737113245,0.09066791438067988,0.019147652599261586,4.000000000000003
24,0,LR,0.8724999999999999,0.31170595786075406,0.05943828004777698,0.015103807466993203,0.03938756355861714,0.010289406816891278,
24,1,GNB,0.69125,3.159966609928588,0.28897783465373295,0.03225871975140986,0.3898727571217536,0.03096873252521212,
24,1,ABD-NB,0.8825,0.41458480343540327,0.08405229614988026,0.010000000000000004,0.07720163988220234,0.011776604246464843,4.000000000000002
24,1,LR,0.8862500000000001,0.29234391625134565,0.056320121889968655,0.014469796128487785,0.037795487036275624,0.017339307144103262,
24,2,GNB,0.7125,3.585108098739762,0.2794119007707059,0.030362394503727817,0.6188708847815322,0.029235180477064568,
24,2,ABD-NB,0.8625,0.3815260812577607,0.07778204314133083,0.029843340965783314,0.1205983117577509,0.02606087993976808,3.9999999999999973
24,2,LR,0.8625,0.3179684449412125,0.051127279071890984,0.019364916731037102,0.04970542270475214,0.009573753862069994,
24,3,GNB,0.66875,3.362115523631439,0.3126303829910379,0.027669929526473302,0.47959723129475956,0.023584011197020378,
24,3,ABD-NB,0.85,0.4814589026443893,0.0986851202584679,0.01311011060212691,0.10331748113169155,0.018996734259637275,3.9999999999999973
24,3,LR,0.8400000000000001,0.3628299391993969,0.06285331694620663,0.009354143466934821,0.023025138489394633,0.012371990877925062,
24,4,GNB,0.705,3.277162086678653,0.27733640134931525,0.029947871376777326,0.4566730478632371,0.035195132343280026,
24,4,ABD-NB,0.8537500000000001,0.3986211414568647,0.09423755276624972,0.026398390102428608,0.04588980446593797,0.022454177859768797,3.9999999999999987
24,4,LR,0.8487499999999999,0.32534400683660664,0.06413411081261862,0.02284458360312132,0.03380817846838286,0.01051107355483245,
