rho,rep,model,accuracy,log_loss,ece,accuracy_sd,log_loss_sd,ece_sd,d_eff
0.0,0,GNB,0.8412499999999999,0.34550388407749244,0.06231111014854017,0.021505813167606573,0.06297444543026018,0.011259813769482707,
0.0,0,ABD-NB,0.8400000000000001,0.34532177715976553,0.06132791715618928,0.02325134404717284,0.0629305464531887,0.009387106439881355,12.0
0.0,0,LR,0.83375,0.355045912630493,0.06777900146211442,0.026398390102428608,0.06630635925061432,0.02506590615773002,
0.0,1,GNB,0.84375,0.3386283663792736,0.06068942183517097,0.025310570914145725,0.03768158990566197,0.01434830888064615,
0.0,1,ABD-NB,0.84375,0.3386313174878078,0.06001226478882003,0.025310570914145725,0.03768773783431633,0.014416969837960198,12.0
0.0,1,LR,0.85375,0.34373903666327243,0.06769249193638274,0.028118054698004994,0.0435104938521643,0.020952318062678596,
0.0,2,GNB,0.8612500000000001,0.3437222934086203,0.05643549828510862,0.016488632447841135,0.02605575953007072,0.013491398553301559,
0.0,2,ABD-NB,0.8600000000000001,0.3435614031140618,0.05206260619754276,0.017047727121232308,0.026089278354765093,0.018068931888780285,12.0
0.0,2,LR,0.85,0.3527666015789115,0.05512713271846661,0.02015564437074639,0.028635654639129888,0.022980052418763722,
0.0,3,GNB,0.8325000000000001,0.36951254235782743,0.06724553320033697,0.03588175023601829,0.05118264154847003,0.01686261663133736,
0.0,3,ABD-NB,0.8312500000000002,0.36951482191929885,0.0641145629695122,0.03579455265819086,0.05119354158702604,0.019189451867029392,12.0
0.0,3,LR,0.8350000000000002,0.37334845868189614,0.06015281385194947,0.034369317712168786,0.05470622939161015,0.02206910569133371,
0.0,4,GNB,0.8399999999999999,0.3646556113590226,0.05775634182317555,0.02325134404717284,0.034958495961923214,0.003922215369574391,
0.0,4,ABD-NB,0.8387499999999999,0.36464668603676537,0.05679035460942851,0.023184046238739257,0.03506592608942064,0.006614963956542331,12.0
0.0,4,LR,0.845,0.36542876107918065,0.06935341908503417,0.029947871376777326,0.03543137629644544,0.01606090467354083,
0.15,0,GNB,0.7537499999999999,0.6792899167758725,0.14653018684604635,0.03127499000799199,0.15838620100338746,0.0399578876503345,
0.15,0,ABD-NB,0.7550000000000001,0.6820473550301468,0.13825692946341203,0.03340097303971846,0.15866789694571265,0.04121592045860389,11.999999999999998
0.15,0,LR,0.7450000000000001,0.529432463454666,0.07313165300692019,0.026040833319999592,0.05783463140300567,0.026882169035061305,
0.15,1,GNB,0.73375,0.678039102744583,0.15520039861646845,0.02150581316760654,0.08932929761498168,0.02402012145892949,
0.15,1,ABD-NB,0.73125,0.6790030336885335,0.15176270450488522,0.020155644370746347,0.08985576084542153,0.02220231210121574,12.0
0.15,1,LR,0.7275,0.5429875640115285,0.07678226246544731,0.03,0.031041000630527102,0.009385619474035259,
0.15,2,GNB,0.7525,0.6775839377311655,0.1460956271896276,0.021139418156609694,0.04522434150721871,0.00785612753179053,
0.15,2,ABD-NB,0.7462500000000001,0.6801888395784997,0.14707953333760973,0.019605483926697663,0.04980857929124917,0.009550725211702133,11.999999999999996
0.15,2,LR,0.74625,0.5282066210214521,0.060053728895554756,0.0248746859276655,0.022913102979453124,0.010325698616757731,
0.15,3,GNB,0.74375,0.6980941790716637,0.15529503220624524,0.03832427429188974,0.13626281515992636,0.03500917184690357,
0.15,3,ABD-NB,0.7412500000000001,0.7003158018388667,0.15432602127766565,0.04517327749898161,0.1371673982892656,0.035744993245688736,12.0
0.15,3,LR,0.7375,0.5333532756682144,0.08337911300313884,0.03893102875599361,0.05301708484083302,0.01635529110524805,
0.15,4,GNB,0.7325,0.7193147306603913,0.14309337969411723,0.028885550020728342,0.10860541221201128,0.02328890237610219,
0.15,4,ABD-NB,0.73125,0.7207504436224479,0.1504221642457973,0.03307189138830737,0.10899974042440502,0.024560558661955535,12.0
0.15,4,LR,0.7362499999999998,0.5502102359240781,0.06970419909751868,0.030973779233409687,0.03660738435543329,0.017252146379604892,
0.3,0,GNB,0.7150000000000001,0.9757671467438677,0.1872058657720887,0.03699662146737184,0.24102336244775158,0.042175587898134914,
0.3,0,ABD-NB,0.7150000000000001,0.8919913387787352,0.1894114015633986,0.03699662146737184,0.2311957146944183,0.045810081852399764,10.400000000000002
0.3,0,LR,0.6975,0.5847104131772181,0.08129823660992766,0.017940875118009174,0.0469316918549346,0.020798789396427944,
0.3,1,GNB,0.6799999999999999,0.9628858127635167,0.21027107223896846,0.014469796128487797,0.12329216359884666,0.018517805841390386,
0.3,1,ABD-NB,0.6775,0.8632302554625557,0.19364078930212353,0.01658312395177702,0.11232481137693173,0.022125362883772683,10.196875
0.3,1,LR,0.66125,0.6068654603215264,0.08018973631451497,0.02543373743671974,0.02105036570047742,0.019688963179040883,
0.3,2,GNB,0.7112499999999999,0.9838240372709652,0.20923674996787142,0.015512092057488595,0.05115907842616806,0.016867329913526973,
0.3,2,ABD-NB,0.7112499999999999,0.8988366503266508,0.1941710739008285,0.015512092057488595,0.0881055925562504,0.02194497563401162,10.5025
0.3,2,LR,0.6900000000000001,0.5825594818357918,0.06669494142984732,0.010155048005794916,0.018515770613227282,0.0265672815432242,
0.3,3,GNB,0.70375,0.978279197231965,0.21164817589888713,0.05178078794301994,0.22156358769776022,0.044522505011665825,
0.3,3,ABD-NB,0.7074999999999999,0.9031481799591461,0.19699518639808522,0.05083674851915686,0.17335878962106707,0.0328764381835301,10.9
0.3,3,LR,0.69375,0.5805898910223137,0.0806699807114756,0.045414755311462364,0.04674927343555262,0.02552059264778378,
0.3,4,GNB,0.6787500000000001,0.996934757006588,0.22058396728396593,0.027271780286589276,0.16934035847425244,0.02451041839565475,
0.3,4,ABD-NB,0.6799999999999999,0.8875997701414212,0.20420876342236527,0.02633913438213184,0.1371841769307569,0.03184894642727107,10.1
0.3,4,LR,0.6775,0.6108173232364702,0.07331454557156288,0.02639839010242861,0.03248862596288209,0.013474994868194246,
0.45,0,GNB,0.695,1.2553453302535744,0.2318666566484246,0.03522250700901345,0.3062753667047573,0.040462294321626485,
0.45,0,ABD-NB,0.6950000000000001,1.0325407931974477,0.2093731329266665,0.032929849680798755,0.22168017552637126,0.0418148624152853,9.4
0.45,0,LR,0.66875,0.6114497138370065,0.0759332224463793,0.019764235376052385,0.039750074108793644,0.019854010052941188,
0.45,1,GNB,0.6625,1.1990921295035613,0.25287092003598455,0.012499999999999989,0.1441748540655065,0.022992895048256294,
0.45,1,ABD-NB,0.6637500000000001,1.0503185554218413,0.23264611622393216,0.01334634781503914,0.14887219334992421,0.032659311863159894,10.098749999999999
0.45,1,LR,0.6275000000000001,0.6374195053593972,0.07958686260535187,0.01704772712123234,0.014389299523393791,0.0130388857397249,
0.45,2,GNB,0.6712499999999999,1.2693939276599129,0.2528132603945643,0.007500000000000025,0.06150154463746376,0.022364646122926907,
0.45,2,ABD-NB,0.675,1.0412155633537208,0.2352555959539575,0.013693063937629145,0.15223659250347424,0.030802689742730857,9.3075
0.45,2,LR,0.6725,0.6088510402703573,0.07140871799488871,0.014031215200402283,0.015365945339477887,0.03177524806077417,
0.45,3,GNB,0.6849999999999999,1.2410471059835286,0.24295409169788612,0.0569539287494726,0.3068774387518246,0.055624156435578026,
0.45,3,ABD-NB,0.68125,0.972830764330539,0.20738028813339068,0.05519850541454906,0.23814808939127977,0.06421815301429253,8.7
0.45,3,LR,0.6725,0.6026276253198075,0.0791209037869728,0.03783186487605386,0.042193511850700915,0.023321973191227464,
0.45,4,GNB,0.64375,1.2168721362555563,0.2554478631986937,0.03791437722025777,0.20833654514303684,0.03320829525887532,
0.45,4,ABD-NB,0.6425000000000001,0.9526922640892966,0.21522504801935255,0.03652909799050617,0.16118564728629053,0.043709392037608784,8.4
0.45,4,LR,0.64125,0.6410295907450312,0.06464367018519022,0.02893959225697557,0.027298956206757465,0.02808179874557749,
0.6,0,GNB,0.66875,1.529062286803978,0.2682450432736859,0.035133673306387975,0.3562930258181389,0.026273195607222122,
0.6,0,ABD-NB,0.6675000000000001,1.143169833701433,0.24580323766940632,0.03716517186829628,0.14122053370342003,0.024569334761670013,9.0
0.6,0,LR,0.65125,0.6269678646575942,0.08502611837307691,0.020310096011589895,0.03516887712697548,0.020337374623639985,
0.6,1,GNB,0.63125,1.3988956988019263,0.2848439719675991,0.018957188610128888,0.1641130225261362,0.02328905717836995,
0.6,1,ABD-NB,0.6325,1.016064596738715,0.232297306468613,0.021065374432940896,0.21879990870004049,0.03863117350642164,7.796875
0.6,1,LR,0.6100000000000001,0.6546874127413227,0.07219949099288016,0.026100766272276366,0.010442353943155739,0.020098068650145035,
0.6,2,GNB,0.65625,1.5418332367036887,0.2791798326098429,0.010458250331675948,0.09755326294039354,0.01282484278523426,
0.6,2,ABD-NB,0.6575,0.968608516772731,0.22273520824177528,0.010752906583803288,0.06792486815554177,0.017754209652322234,6.707500000000001
0.6,2,LR,0.6537499999999999,0.624220227710045,0.07581256241716391,0.015103807466993203,0.013083654040845823,0.024988557424334996,
0.6,3,GNB,0.67,1.5028459138022867,0.26217416081492084,0.05006246098625197,0.39100056568983466,0.055972302863453706,
0.6,3,ABD-NB,0.66875,1.134900403831394,0.22507464724686327,0.05077524002897475,0.4931641599321895,0.07625130049981761,7.999999999999998
0.6,3,LR,0.6699999999999999,0.6152971735265842,0.07213902103103886,0.025433737436719776,0.038491783069925935,0.02434633072199376,
0.6,4,GNB,0.6225,1.3917141351749778,0.287419924460555,0.030259296092275498,0.2218084541624327,0.044819141992567875,
0.6,4,ABD-NB,0.6212500000000001,0.9045572233667464,0.21252623493204129,0.030516389039334246,0.11387662904102762,0.050025523261850356,6.5
0.6,4,LR,0.625,0.6590154083406935,0.07126947558631483,0.03770775782249589,0.021954175131859863,0.03219823244688577,
0.75,0,GNB,0.64875,1.7867024097158386,0.28780768399088663,0.030465144017384854,0.3871270422643944,0.03210433898141531,
0.75,0,ABD-NB,0.64875,1.0462782725688047,0.22448749327821904,0.030465144017384854,0.2723733921806824,0.036748525167455054,6.400000000000001
0.75,0,LR,0.6525,0.6367995124237473,0.06008644614260659,0.02038688303787511,0.032360826293353386,0.023207114804005308,
0.75,1,GNB,0.6087499999999999,1.5710109291013314,0.31326823904938583,0.02423839928708164,0.1972978627522182,0.026505543592126438,
0.75,1,ABD-NB,0.6087499999999999,1.1771842319886339,0.24797446541868684,0.02423839928708164,0.45972386339038673,0.06649990761008794,7.800000000000002
0.75,1,LR,0.5987499999999999,0.6651301582393996,0.05065499283385683,0.018285923547909755,0.00936876753687279,0.02543717935880017,
0.75,2,GNB,0.64375,1.8059252585223913,0.303799993092712,0.01311011060212689,0.1619936103006965,0.012776495752401376,
0.75,2,ABD-NB,0.64375,1.6258762939769955,0.2902881433006991,0.01311011060212689,0.4013708881634692,0.0341880801094884,10.6
0.75,2,LR,0.6375,0.6341200472325209,0.07655524114982651,0.011858541225631427,0.011454494344965503,0.021318801804882884,
0.75,3,GNB,0.66875,1.7710659705802356,0.2795652822380335,0.04693745838879648,0.4647829698402719,0.057818778377460925,
0.75,3,ABD-NB,0.6675,0.8915807826661654,0.18895538917038182,0.0465026880943457,0.18185500523574047,0.06515905951375833,5.000000000000001
0.75,3,LR,0.6599999999999999,0.6234545552881563,0.0703086828250783,0.032258719751409856,0.035032293021882856,0.029525584115900068,
0.75,4,GNB,0.60625,1.5287359139011483,0.3106860568153197,0.025310570914145732,0.2055352852297965,0.03143755787550591,
0.75,4,ABD-NB,0.60625,1.1670786076268005,0.238172633058007,0.025310570914145732,0.4506447157313011,0.08789739602358322,7.799999999999999
0.75,4,LR,0.5975,0.6707226969858056,0.057791445169769765,0.026983791431153613,0.016439036379782748,0.029184494931398207,
0.9,0,GNB,0.64,2.0273624023363275,0.31133634382284503,0.02579970930068789,0.4037398621218274,0.02342928197665393,
0.9,0,ABD-NB,0.64,0.9339835502452247,0.20466457241390526,0.02579970930068789,0.34644396993196586,0.052460243517963655,4.799999999999999
0.9,0,LR,0.62875,0.6426674627567003,0.07810781403017082,0.016583123951777006,0.030762385105868668,0.026541901070540296,
0.9,1,GNB,0.6000000000000001,1.7205421697328767,0.32719449534843753,0.007905694150420955,0.2574659960236967,0.01336588068074309,
0.9,1,ABD-NB,0.6000000000000001,0.9271582287688108,0.18269004211221604,0.007905694150420955,0.39168976233998404,0.08176898120666566,4.800000000000001
0.9,1,LR,0.5775,0.6707762749684203,0.07181575326447649,0.015612494995995986,0.011050836601343551,0.021778950006582903,
0.9,2,GNB,0.64125,2.0621433555779873,0.3133027878869428,0.012869537676233755,0.2475302878191852,0.014803473521873115,
0.9,2,ABD-NB,0.64375,1.5377050805513082,0.26465198345750063,0.015811388300841892,0.6889128341087495,0.07032581813547342,8.4
0.9,2,LR,0.635,0.6403254321786173,0.06718079430128372,0.01879162047296611,0.010335647226799942,0.019620431306128977,
0.9,3,GNB,0.6449999999999999,2.0558566775729057,0.306697207427591,0.04153311931459039,0.5145859015092532,0.0464664586944168,
0.9,3,ABD-NB,0.64625,0.747391586287954,0.16466891484363272,0.04194490433890631,0.11150384996246819,0.044941799942988844,3.0000000000000013
0.9,3,LR,0.6575,0.6287578608524912,0.0671560444843339,0.035222507009013415,0.031116012905484415,0.023841132134932348,
0.9,4,GNB,0.5962500000000001,1.632542405110745,0.3263994093765835,0.012869537676233769,0.15252613132677237,0.0277786025163231,
0.9,4,ABD-NB,0.5962500000000001,1.0605724792691116,0.21359905488403003,0.012869537676233769,0.41046441898913816,0.08092199867105489,6.599999999999999
0.9,4,LR,0.5825,0.6782416344088908,0.061776058455906856,0.030207614933986427,0.010245749046892542,0.024460435584324872,
0.95,0,GNB,0.64125,2.1046196496362954,0.31384910884172007,0.021505813167606573,0.4058479975600047,0.01887883699123698,
0.95,0,ABD-NB,0.64125,0.8645268133410434,0.15758299104565282,0.021505813167606573,0.3429740681927391,0.06685455389971517,3.9999999999999973
0.95,0,LR,0.6275000000000001,0.6429737795176306,0.08521546740814795,0.021866069605669877,0.03028275280864103,0.02294932604923106,
0.95,1,GNB,0.59,1.7676004442091788,0.32997625012750953,0.016583123951777006,0.2860545662697139,0.015486002751201898,
0.95,1,ABD-NB,0.5925,1.5991077845178991,0.28222233786396894,0.013919410907075047,0.53240911257437,0.09077636367069798,10.000000000000002
0.95,1,LR,0.5737500000000001,0.6709610016401555,0.08327476188150792,0.019121323175972958,0.01205674737723519,0.01863547991958416,
0.95,2,GNB,0.6375,2.1451541508597396,0.3080937307871932,0.014252192813739222,0.27964443322389887,0.014531377200024743,
0.95,2,ABD-NB,0.6375,0.9945049092190261,0.17068216342341658,0.0131101106021269,0.6608817763815473,0.07775780635440364,4.0
0.95,2,LR,0.6362500000000001,0.6409915197975022,0.07578654644060784,0.022150056433336698,0.010089992372187925,0.026245632703073136,
0.95,3,GNB,0.6449999999999999,2.1541521244210498,0.30685314969281446,0.03588175023601833,0.5168667491859733,0.04055850438618198,
0.95,3,ABD-NB,0.6449999999999999,1.0066672038292497,0.15137958930867454,0.03588175023601833,0.6905556150826779,0.07491799860678273,4.000000000000001
0.95,3,LR,0.6475,0.6296055681378039,0.07206250412231938,0.0348209706929603,0.02924455337964537,0.01812705139195914,
0.95,4,GNB,0.58625,1.661683741080886,0.32581919160719297,0.014469796128487785,0.12102578676755163,0.020522829028545252,
0.95,4,ABD-NB,0.58625,1.04983639463992,0.1868815806378872,0.014469796128487785,0.44479438032952207,0.11800594557597896,6.000000000000002
0.95,4,LR,0.575,0.6793013944746742,0.06483357082528474,0.026809513236909013,0.007737616853993831,0.023743871929258857,
