protocol,model,acc_mean,acc_rank,ll_rank,fit_time
default,ABD-NB,75.03754492712899,7.416666666666667,7.25,0.07171616341662836
default,AODE,86.1616897285414,5.833333333333333,5.416666666666667,0.00720403808327319
default,GNB,71.73323398655516,9.125,9.666666666666666,0.001771123450059046
default,LGBM,88.63687134914562,3.5416666666666665,4.25,0.2766626512166719
default,LR,86.83463950038967,4.375,3.75,0.014485470249928767
default,RF,88.48915828159804,4.5,3.25,0.20253240506705575
default,SVM,87.6648546464051,4.041666666666667,2.8333333333333335,0.07607589823325421
default,WANBIA,82.9622408470503,6.333333333333333,5.5,0.05106505471667333
default,XGB,88.40634513040314,3.6666666666666665,4.166666666666667,0.1156436625165649
default,kNN,85.71771816777138,6.166666666666667,8.916666666666666,0.0020063003332628187
tuned,ABD-NB,81.22015745543102,7.625,7.416666666666667,31.89703003684975
tuned,AODE,87.18583710734596,5.416666666666667,6.333333333333333,0.7028298154496648
tuned,GNB,76.27834675884591,9.666666666666666,9.75,0.08319006391660272
tuned,LGBM,88.73165001560008,3.9583333333333335,4.083333333333333,8.865305035599947
tuned,LR,87.15509346950768,4.708333333333333,4.5,0.37734563691640993
tuned,RF,88.70497030920001,3.4583333333333335,3.1666666666666665,16.53525704236696
tuned,SVM,89.01390413347707,3.7916666666666665,3.0,3.3060800575500253
tuned,WANBIA,82.92693139865693,7.041666666666667,6.083333333333333,0.8922997326002284
tuned,XGB,88.87311020166729,3.7916666666666665,3.25,8.780768620483377
tuned,kNN,87.21519116987325,5.541666666666667,7.416666666666667,0.21291426880000774
