dataset,class_specific,rescale,wmax,wmin,frac_above_1
iris,False,none,0.847016385542645,0.7204480584114015,0.0
iris,False,meff,1.0894637385444728,0.9266668845386515,0.5
iris,True,none,0.8487971145477466,0.5911236429175484,0.0
iris,True,meff,1.0822662238348966,0.7537173982745854,0.4166666666666667
wine,False,none,0.9880905300955648,0.6154264426650989,0.0
wine,False,meff,1.0483387517041003,0.6529516972567541,0.38461538461538464
wine,True,none,1.0369576652292147,0.46065741339020827,0.05128205128205128
wine,True,meff,1.1806066373721713,0.5244719413718391,0.46153846153846156
breast-cancer,False,none,0.5223719656134618,0.14454776635626249,0.0
breast-cancer,False,meff,1.0570506053867001,0.29250096481487936,0.06666666666666667
breast-cancer,True,none,0.6173027420815638,0.13490131900587013,0.0
breast-cancer,True,meff,1.2197975653042898,0.26656661191042547,0.06666666666666667
digits,False,none,1.0,0.3125045684862668,0.0
digits,False,meff,1.369446070414685,0.42795815330015485,0.25
digits,True,none,1.2570603319847895,0.12471573453455524,0.0828125
digits,True,meff,1.745526343867417,0.17317752743109843,0.2765625
heart-cleveland,False,none,0.9998662632130759,0.8254030731534167,0.0
heart-cleveland,False,meff,1.0563994686862077,0.8720719960379489,0.6923076923076923
heart-cleveland,True,none,1.0051215353428151,0.7686278740404552,0.15384615384615385
heart-cleveland,True,meff,1.0777819656714478,0.8241921318207974,0.5769230769230769
hepatitis,False,none,0.9999954699875906,0.6888394906959718,0.0
hepatitis,False,meff,1.0850472918038274,0.7474268097199152,0.5263157894736842
hepatitis,True,none,1.0301444015118053,0.6041365919867441,0.15789473684210525
hepatitis,True,meff,1.1487434272619965,0.6736899586065281,0.47368421052631576
dermatology,False,none,0.9998659726003343,0.9487531474269557,0.0
dermatology,False,meff,1.017531131175794,0.965515268808761,0.5588235294117647
dermatology,True,none,1.0120783993586813,0.4900708358621259,0.06862745098039216
dermatology,True,meff,1.0546790725771562,0.5106990278536715,0.7156862745098039
hypothyroid,False,none,0.9999999279883848,0.16250231984078187,0.0
hypothyroid,False,meff,1.2583282709895622,0.204481277882071,0.52
hypothyroid,True,none,1.0223301090692158,0.15471474881099323,0.14
hypothyroid,True,meff,1.231566699423028,0.18637965453125216,0.26
saheart,False,none,0.9992254477447017,0.5076051166543515,0.0
saheart,False,meff,1.1093591280683162,0.5635528707617156,0.3333333333333333
saheart,True,none,1.0590119033702623,0.4731547252073275,0.1111111111111111
saheart,True,meff,1.2423785272681802,0.555080890783467,0.4444444444444444
spectf,False,none,0.6901744094739243,0.26833834080711644,0.0
spectf,False,meff,1.1142721254374026,0.43322662973754966,0.1590909090909091
spectf,True,none,0.7479324768011437,0.22396503024892322,0.0
spectf,True,meff,1.1666021774713793,0.34933379692683725,0.13636363636363635
new-thyroid,False,none,0.9982130894257262,0.9335673593659972,0.0
new-thyroid,False,meff,1.034702764814441,0.9676939103575923,0.4
new-thyroid,True,none,1.087548850942174,0.7964097857925305,0.26666666666666666
new-thyroid,True,meff,1.1441186408785886,0.8378357265643478,0.4666666666666667
breast-w,False,none,0.9762324001628679,0.6254534996488141,0.0
breast-w,False,meff,1.0348922383467942,0.6630357403886716,0.2222222222222222
breast-w,True,none,1.005886647151456,0.5588218980437886,0.05555555555555555
breast-w,True,meff,1.0867372420727455,0.6037385723428575,0.2777777777777778
horse-colic,False,none,0.9999794897643091,0.6241376133429689,0.0
horse-colic,False,meff,1.135417618202345,0.7086713773893476,0.5263157894736842
horse-colic,True,none,1.0033452398658544,0.573211427813979,0.05263157894736842
horse-colic,True,meff,1.1571677599464503,0.6610902783451594,0.47368421052631576
ecoli,False,none,1.0,0.7141314884754845,0.0
ecoli,False,meff,1.1067154991676147,0.7903403867394575,0.6666666666666666
ecoli,True,none,1.0465121881705135,0.5734473241349956,0.26666666666666666
ecoli,True,meff,1.1782619270528478,0.6456409746930806,0.6
yeast,False,none,1.0,0.9164318054731139,0.0
yeast,False,meff,1.0238257133087063,0.9382664469372964,0.75
yeast,True,none,1.0294119925626286,0.8086081429907639,0.2777777777777778
yeast,True,meff,1.061732637597591,0.8339961673685687,0.625
penguins,False,none,1.0,0.45036208356560903,0.0
penguins,False,meff,1.327257034346414,0.5977462434153621,0.2857142857142857
penguins,True,none,1.1283355512886903,0.41338201485078857,0.19047619047619047
penguins,True,meff,1.358345189333653,0.49764936555292033,0.2857142857142857
mushroom,False,none,0.9817862227796268,0.3303149261063681,0.0
mushroom,False,meff,1.5401310090017237,0.5181660209003772,0.23809523809523808
mushroom,True,none,0.9992573718364399,0.18361587838988136,0.0
mushroom,True,meff,1.5287076161151243,0.28090359865788883,0.23809523809523808
soybean,False,none,1.0,0.6194094059635036,0.0
soybean,False,meff,1.141152592956362,0.7068406497168119,0.34285714285714286
soybean,True,none,1.767619661996992,0.11501506442833127,0.10476190476190476
soybean,True,meff,1.8991487413625379,0.1235733679269111,0.21587301587301588
splice-dna,False,none,0.9989161963357952,0.9852887189059563,0.0
splice-dna,False,meff,1.003165309128396,0.989479864184475,0.6
splice-dna,True,none,1.0092937226840566,0.893613904893567,0.14444444444444443
splice-dna,True,meff,1.0203508852605994,0.9034037549689156,0.6111111111111112
credit-aus,False,none,0.9990662756797465,0.5181343989863809,0.0
credit-aus,False,meff,1.1179581856274534,0.5797939603234756,0.6666666666666666
credit-aus,True,none,1.0154714655479038,0.48076765940090116,0.13333333333333333
credit-aus,True,meff,1.1550064004441265,0.5468294704223648,0.5666666666666667
credit-ger,False,none,0.9942505727687412,0.641751259297275,0.0
credit-ger,False,meff,1.065016487087652,0.6874279889601174,0.4
credit-ger,True,none,1.0019932311136968,0.5897218406898912,0.025
credit-ger,True,meff,1.0832460459268791,0.6375430814178411,0.475
churn,False,none,1.0,0.49637839580066667,0.0
churn,False,meff,1.1338977106351162,0.5628423266071075,0.5
churn,True,none,1.025457847469529,0.463871722012176,0.2
churn,True,meff,1.16616826185305,0.5275228826973257,0.475
profb,False,none,1.0,0.9831967346148706,0.0
profb,False,meff,1.004844591886964,0.9879599215386752,0.7777777777777778
profb,True,none,1.0052482662519173,0.9675921538383929,0.2222222222222222
profb,True,meff,1.0121373617133236,0.9742231871256763,0.6111111111111112
contraceptive,False,none,0.9966982885279684,0.634633973712246,0.0
contraceptive,False,meff,1.0917324724804207,0.6951456877328654,0.3333333333333333
contraceptive,True,none,1.0040698156508425,0.5966253088044235,0.037037037037037035
contraceptive,True,meff,1.1430703194020992,0.6792203805632608,0.3333333333333333
titanic,False,none,0.974868277584591,0.511924474693514,0.0
titanic,False,meff,1.1933330891385163,0.6266450851239385,0.25
titanic,True,none,1.0042450477598681,0.4788923623071745,0.0625
titanic,True,meff,1.2379339497314437,0.5903311297273127,0.25
nursery,False,none,1.0,0.9909784513228035,0.0
nursery,False,meff,1.002615961410392,0.9935708127099939,0.75
nursery,True,none,1.023253493046403,0.9141747906703206,0.3125
nursery,True,meff,1.0298016067985296,0.9200248762642765,0.5
segmentation,False,none,0.9608936058318158,0.1271487342476769,0.0
segmentation,False,meff,1.6473737969249544,0.21798614523037976,0.16666666666666666
segmentation,True,none,1.5997695598762864,0.09952324390176395,0.07142857142857142
segmentation,True,meff,2.4528663990210275,0.15259524059645774,0.16666666666666666
vehicle,False,none,0.9813193284257781,0.11643468033033988,0.0
vehicle,False,meff,1.7181064047272425,0.20385532437116013,0.1111111111111111
vehicle,True,none,1.0992025917258235,0.10553117632325817,0.05555555555555555
vehicle,True,meff,1.8423456113574666,0.17687813058672394,0.125
satimage,False,none,0.10345856475421028,0.0612755324019143,0.0
satimage,False,meff,0.5083584297527289,0.30108607738859977,0.0
satimage,True,none,0.14127794097342755,0.04980434300758494,0.0
satimage,True,meff,0.5974669056208016,0.210623445515925,0.0
phoneme,False,none,0.9892462977887826,0.8211767401469618,0.0
phoneme,False,meff,1.0889055219065435,0.9039042034384868,0.4
phoneme,True,none,1.0756639751236003,0.7250453041841032,0.1
phoneme,True,meff,1.2090274424469512,0.8149382056558614,0.5
page-blocks,False,none,0.6247104500232453,0.1694777300938608,0.0
page-blocks,False,meff,1.0305311982286225,0.27957286173169454,0.1
page-blocks,True,none,0.6783359250339718,0.13694734486184523,0.0
page-blocks,True,meff,1.154482220061384,0.23307519017173842,0.06
ionosphere,False,none,0.991868025993326,0.15377196635395265,0.0
ionosphere,False,meff,1.905208654085267,0.29536961911829024,0.030303030303030304
ionosphere,True,none,2.072486537876586,0.1737308788564216,0.015151515151515152
ionosphere,True,meff,3.1123599941687576,0.2609006269630612,0.030303030303030304
sonar,False,none,0.7867947512105624,0.20659387315059027,0.0
sonar,False,meff,1.3599320191482547,0.35708629553649845,0.16666666666666666
sonar,True,none,0.7903286539456144,0.1749611618237236,0.0
sonar,True,meff,1.3720112389945036,0.3037327309484132,0.15
texture,False,none,0.09230327511254238,0.05407322680060068,0.0
texture,False,meff,0.4190135624003513,0.24546707973878923,0.0
texture,True,none,0.3228447960996667,0.03679460784353456,0.0
texture,True,meff,1.229922636002004,0.14017423113615662,0.004545454545454545
mfeat-karhunen,False,none,0.9600285455943741,0.45788533992297,0.0
mfeat-karhunen,False,meff,1.2757511537823083,0.608469147492979,0.34375
mfeat-karhunen,True,none,1.23992208304055,0.17619770521880013,0.025
mfeat-karhunen,True,meff,1.8101075522095944,0.25722325721988093,0.246875
spambase,False,none,0.9943663738733235,0.22547178132431964,0.0
spambase,False,meff,1.3562691363412664,0.3075329437528014,0.3508771929824561
spambase,True,none,1.0866750896170485,0.18880179772686745,0.05263157894736842
spambase,True,meff,1.4744102392069505,0.2561679258215745,0.40350877192982454
magic,False,none,1.0,0.21768602171100251,0.0
magic,False,meff,1.4940781673568522,0.3252399323771786,0.2
magic,True,none,1.1095220988261154,0.2022436578103036,0.05
magic,True,meff,1.5187640127241167,0.2768402626761183,0.2
